id_ordem,mes,produto,maquina,turno,quantidade_pecas,tempo_setup_min,horas_maquina_previstas,prioridade,materia_prima_ok,operadores_alocados,taxa_refugo_pct,paradas_manutencao_mes,dias_ate_prazo,status_prazo
OP-00001,2,Suporte,Torno-03,Noite,1196,38.0,48.93,Média,Sim,1,5.65,3,5,Atrasado
OP-00002,10,Carcaça,Torno-03,Manhã,1770,147.0,55.83,Média,Sim,1,6.17,4,12,Atrasado
OP-00003,8,Suporte,CNC-01,Tarde,4311,178.0,75.46,Urgente,Sim,1,2.83,3,20,No_Prazo
OP-00004,6,Flange,CNC-01,Manhã,558,74.0,9.48,Baixa,Sim,3,1.71,4,22,No_Prazo
OP-00005,6,Flange,Torno-03,Manhã,587,158.0,12.94,Baixa,Sim,1,2.15,3,45,Adiantado
OP-00006,11,Eixo,Torno-03,Tarde,1545,141.0,34.18,Média,Não,2,3.44,4,17,Atrasado
OP-00007,2,Eixo,Torno-03,Manhã,3035,165.0,46.94,Baixa,Não,3,5.24,4,23,Atrasado
OP-00008,9,Suporte,CNC-01,Tarde,4043,85.0,175.41,Alta,Sim,5,1.91,4,4,Atrasado
OP-00009,3,Engrenagem,Torno-03,Tarde,2834,32.0,60.38,Média,Sim,1,6.43,3,6,Atrasado
OP-00010,2,Engrenagem,CNC-01,Manhã,2492,35.0,104.89,Alta,Sim,5,2.37,0,23,Adiantado
OP-00011,7,Eixo,CNC-01,Tarde,4361,141.0,213.42,Alta,Sim,4,6.57,5,17,Atrasado
OP-00012,12,Suporte,Torno-03,Tarde,899,157.0,20.93,Média,Sim,1,7.43,1,31,No_Prazo
OP-00013,9,Suporte,Fresadora-01,Noite,4513,90.0,220.28,Alta,Sim,1,1.73,4,39,No_Prazo
OP-00014,10,Flange,Fresadora-01,Manhã,1597,25.0,28.18,Baixa,Sim,6,7.38,3,5,No_Prazo
OP-00015,9,Flange,Mandrilhadora-A,Noite,1416,26.0,50.83,Média,Sim,3,5.79,3,10,No_Prazo
OP-00016,10,Engrenagem,Mandrilhadora-A,Noite,4770,114.0,236.82,Alta,Sim,6,7.15,2,27,No_Prazo
OP-00017,7,Eixo,CNC-02,Tarde,3247,167.0,137.46,Média,Sim,4,3.1,2,7,Atrasado
OP-00018,2,Engrenagem,Fresadora-01,Manhã,2188,81.0,41.98,Baixa,Sim,1,6.98,0,16,No_Prazo
OP-00019,11,Suporte,CNC-01,Tarde,1684,122.0,34.17,Média,Sim,5,4.08,1,33,Adiantado
OP-00020,6,Suporte,Mandrilhadora-A,Noite,2235,104.0,45.81,Média,Sim,3,1.92,0,4,Atrasado
OP-00021,7,Eixo,CNC-02,Manhã,3968,162.0,189.35,Alta,Sim,3,7.97,5,29,No_Prazo
OP-00022,5,Eixo,Fresadora-01,Noite,807,152.0,15.99,Média,Sim,2,7.61,5,7,Atrasado
OP-00023,3,Eixo,Mandrilhadora-A,Noite,913,48.0,27.74,Baixa,Sim,3,1.44,0,35,Adiantado
OP-00024,12,Carcaça,Fresadora-01,Tarde,1557,127.0,37.36,Urgente,Sim,6,3.92,5,33,Adiantado
OP-00025,10,Flange,Mandrilhadora-A,Tarde,2436,155.0,59.56,Baixa,Sim,2,7.9,4,5,Atrasado
OP-00026,8,Suporte,CNC-01,Tarde,4082,168.0,107.47,Urgente,Sim,4,4.61,1,26,No_Prazo
OP-00027,5,Flange,CNC-01,Noite,1093,112.0,26.02,Alta,Sim,1,4.23,0,23,Adiantado
OP-00028,10,Suporte,Fresadora-01,Noite,3941,44.0,133.98,Alta,Sim,5,1.97,3,44,Adiantado
OP-00029,7,Flange,Torno-03,Manhã,4542,107.0,122.72,Média,Sim,6,3.65,0,4,Atrasado
OP-00030,6,Eixo,CNC-01,Manhã,2205,125.0,60.95,Alta,Sim,6,4.24,0,32,Adiantado
OP-00031,6,Carcaça,Fresadora-01,Manhã,4808,60.0,145.39,Urgente,Sim,5,5.86,0,26,No_Prazo
OP-00032,3,Suporte,CNC-01,Noite,4473,176.0,108.46,Alta,Sim,5,3.88,0,44,Adiantado
OP-00033,2,Suporte,Mandrilhadora-A,Manhã,3996,53.0,160.57,Alta,Sim,4,5.26,0,34,No_Prazo
OP-00034,7,Carcaça,CNC-01,Noite,1932,165.0,58.23,Média,Não,6,1.26,2,15,Atrasado
OP-00035,11,Eixo,Torno-03,Tarde,1538,85.0,46.71,Baixa,Sim,1,6.23,4,7,Atrasado
OP-00036,1,Engrenagem,Mandrilhadora-A,Manhã,4328,15.0,79.61,Urgente,Sim,2,0.52,1,28,No_Prazo
OP-00037,11,Flange,Torno-03,Noite,2235,105.0,25.11,Baixa,Sim,1,5.32,1,39,Adiantado
OP-00038,10,Eixo,Fresadora-01,Tarde,206,119.0,8.73,Média,Não,2,6.7,5,27,Atrasado
OP-00039,4,Flange,Fresadora-01,Manhã,3600,158.0,159.19,Média,Sim,2,6.25,2,27,Atrasado
OP-00040,8,Eixo,Mandrilhadora-A,Manhã,1768,104.0,34.74,Alta,Sim,3,1.6,0,25,Adiantado
OP-00041,2,Eixo,Torno-03,Manhã,4681,31.0,114.22,Alta,Sim,5,6.83,3,18,No_Prazo
OP-00042,10,Eixo,Mandrilhadora-A,Manhã,4282,168.0,104.14,Alta,Sim,6,1.09,3,41,Adiantado
OP-00043,9,Eixo,Torno-03,Manhã,566,108.0,21.15,Baixa,Não,4,1.0,2,10,Atrasado
OP-00044,5,Suporte,Mandrilhadora-A,Tarde,4511,60.0,78.89,Média,Sim,1,6.67,5,25,Atrasado
OP-00045,1,Flange,Fresadora-01,Manhã,4751,163.0,233.5,Baixa,Não,1,1.87,4,40,Atrasado
OP-00046,12,Flange,CNC-01,Manhã,3794,35.0,47.33,Urgente,Não,3,3.85,0,14,Atrasado
OP-00047,6,Engrenagem,Fresadora-01,Manhã,1413,31.0,69.17,Baixa,Sim,4,7.52,2,21,No_Prazo
OP-00048,11,Flange,Mandrilhadora-A,Tarde,3365,103.0,42.91,Urgente,Não,5,2.07,3,33,No_Prazo
OP-00049,9,Engrenagem,CNC-01,Noite,4346,118.0,98.66,Baixa,Sim,3,6.35,3,8,Atrasado
OP-00050,10,Eixo,Mandrilhadora-A,Manhã,4086,99.0,81.83,Alta,Sim,2,4.88,2,14,Atrasado
OP-00051,10,Flange,CNC-01,Manhã,2183,168.0,44.5,Média,Sim,1,3.54,2,34,No_Prazo
OP-00052,3,Engrenagem,Mandrilhadora-A,Tarde,3552,58.0,176.84,Alta,Sim,4,3.94,1,6,Atrasado
OP-00053,5,Eixo,Fresadora-01,Noite,1959,178.0,55.51,Alta,Sim,6,3.58,3,19,Adiantado
OP-00054,6,Eixo,CNC-01,Noite,1308,18.0,19.33,Alta,Sim,1,6.7,1,28,No_Prazo
OP-00055,6,Carcaça,Fresadora-01,Noite,3380,35.0,166.6,Alta,Sim,1,6.6,2,39,No_Prazo
OP-00056,1,Carcaça,CNC-01,Noite,2357,46.0,46.45,Média,Sim,1,3.3,4,8,Atrasado
OP-00057,7,Engrenagem,Torno-03,Tarde,1162,28.0,14.99,Urgente,Sim,4,5.73,5,25,Adiantado
OP-00058,2,Suporte,Mandrilhadora-A,Noite,3320,87.0,36.41,Alta,Sim,2,4.49,2,33,No_Prazo
OP-00059,9,Suporte,CNC-02,Manhã,1642,158.0,46.84,Média,Sim,5,6.11,1,20,Adiantado
OP-00060,9,Eixo,CNC-01,Noite,2959,150.0,138.28,Média,Sim,5,0.88,0,21,Adiantado
OP-00061,12,Flange,Torno-03,Noite,1838,138.0,19.63,Média,Sim,4,3.02,5,22,No_Prazo
OP-00062,9,Suporte,CNC-02,Noite,4431,16.0,172.84,Alta,Não,1,3.02,2,40,Atrasado
OP-00063,5,Eixo,CNC-01,Tarde,4260,158.0,86.98,Alta,Não,4,4.98,1,29,Atrasado
OP-00064,12,Engrenagem,Torno-03,Noite,2395,80.0,44.94,Média,Sim,3,2.06,4,20,No_Prazo
OP-00065,5,Eixo,CNC-02,Manhã,3566,136.0,136.05,Alta,Sim,6,4.49,2,3,Atrasado
OP-00066,4,Eixo,CNC-01,Tarde,931,135.0,37.16,Baixa,Sim,5,7.85,4,20,No_Prazo
OP-00067,11,Eixo,CNC-02,Manhã,4987,44.0,161.38,Média,Sim,6,0.83,0,38,Adiantado
OP-00068,5,Eixo,CNC-01,Tarde,1112,100.0,20.12,Alta,Sim,3,4.28,5,21,No_Prazo
OP-00069,1,Engrenagem,Mandrilhadora-A,Tarde,4341,168.0,44.51,Baixa,Não,2,1.54,1,19,Atrasado
OP-00070,6,Carcaça,Mandrilhadora-A,Manhã,4237,58.0,167.32,Média,Sim,3,4.87,4,33,No_Prazo
OP-00071,10,Engrenagem,CNC-02,Manhã,931,133.0,31.64,Baixa,Sim,5,2.31,1,44,Adiantado
OP-00072,3,Suporte,Mandrilhadora-A,Manhã,93,173.0,2.5,Baixa,Sim,4,7.27,1,9,No_Prazo
OP-00073,6,Suporte,Torno-03,Tarde,3698,75.0,68.57,Baixa,Não,3,2.88,2,43,Atrasado
OP-00074,2,Suporte,Mandrilhadora-A,Tarde,4352,79.0,176.16,Baixa,Sim,6,7.69,0,17,No_Prazo
OP-00075,9,Carcaça,CNC-01,Tarde,3595,90.0,46.14,Média,Sim,3,0.53,3,28,No_Prazo
OP-00076,6,Engrenagem,CNC-02,Manhã,325,148.0,11.61,Urgente,Sim,6,6.74,2,14,Adiantado
OP-00077,4,Eixo,Fresadora-01,Noite,3245,87.0,121.8,Baixa,Não,4,2.46,0,3,Atrasado
OP-00078,3,Engrenagem,CNC-02,Tarde,1988,95.0,37.63,Alta,Sim,1,2.01,2,19,No_Prazo
OP-00079,7,Flange,Mandrilhadora-A,Manhã,4582,52.0,134.4,Alta,Sim,3,7.13,3,40,No_Prazo
OP-00080,9,Suporte,Torno-03,Manhã,4010,178.0,123.54,Baixa,Sim,5,2.78,3,42,Adiantado
OP-00081,12,Carcaça,Torno-03,Tarde,4004,162.0,134.74,Média,Não,6,4.88,0,19,Atrasado
OP-00082,6,Eixo,Torno-03,Manhã,2067,114.0,95.18,Baixa,Sim,4,6.03,4,30,Adiantado
OP-00083,2,Eixo,Fresadora-01,Manhã,1644,173.0,52.37,Alta,Sim,1,3.64,1,36,Adiantado
OP-00084,10,Carcaça,CNC-01,Manhã,4120,128.0,52.29,Alta,Sim,3,1.26,1,24,Adiantado
OP-00085,8,Suporte,Fresadora-01,Manhã,620,173.0,14.76,Média,Sim,6,7.42,5,37,Adiantado
OP-00086,9,Suporte,Fresadora-01,Manhã,546,42.0,19.18,Baixa,Sim,3,5.36,5,8,No_Prazo
OP-00087,2,Flange,Mandrilhadora-A,Manhã,357,52.0,8.33,Baixa,Sim,3,7.19,0,43,Adiantado
OP-00088,4,Flange,Mandrilhadora-A,Noite,2582,161.0,105.13,Alta,Sim,6,6.26,2,27,No_Prazo
OP-00089,10,Eixo,Fresadora-01,Tarde,423,84.0,7.44,Baixa,Sim,3,6.3,1,9,No_Prazo
OP-00090,10,Suporte,Torno-03,Tarde,2933,76.0,46.11,Média,Sim,5,4.92,4,37,Adiantado
OP-00091,6,Eixo,Torno-03,Tarde,878,139.0,16.89,Alta,Sim,1,0.55,3,42,Adiantado
OP-00092,10,Carcaça,CNC-02,Tarde,4459,119.0,200.85,Alta,Sim,4,7.12,2,18,No_Prazo
OP-00093,11,Engrenagem,Mandrilhadora-A,Manhã,2190,72.0,81.55,Baixa,Sim,1,6.73,4,23,No_Prazo
OP-00094,5,Flange,CNC-02,Manhã,513,81.0,15.8,Média,Não,2,5.95,4,41,Atrasado
OP-00095,11,Eixo,Torno-03,Manhã,3483,82.0,76.67,Média,Sim,4,7.09,5,26,No_Prazo
OP-00096,4,Suporte,CNC-01,Tarde,1726,36.0,80.68,Alta,Sim,4,1.88,5,18,Adiantado
OP-00097,3,Suporte,CNC-02,Tarde,1346,53.0,61.31,Média,Sim,1,2.61,2,30,Adiantado
OP-00098,9,Carcaça,CNC-02,Manhã,3313,104.0,86.06,Média,Sim,3,1.68,0,9,No_Prazo
OP-00099,8,Suporte,Torno-03,Tarde,4780,144.0,191.72,Baixa,Sim,3,5.35,5,17,Atrasado
OP-00100,2,Eixo,Torno-03,Noite,4900,84.0,228.06,Alta,Não,3,3.79,2,38,Atrasado
OP-00101,10,Eixo,Fresadora-01,Manhã,2205,78.0,49.69,Alta,Sim,5,1.27,5,7,No_Prazo
OP-00102,3,Carcaça,Torno-03,Tarde,4248,122.0,98.34,Alta,Sim,6,4.82,4,27,No_Prazo
OP-00103,10,Flange,CNC-01,Tarde,1086,41.0,34.57,Alta,Sim,1,3.04,3,32,Adiantado
OP-00104,1,Engrenagem,Torno-03,Tarde,4240,78.0,111.66,Alta,Sim,6,4.18,5,25,No_Prazo
OP-00105,10,Carcaça,CNC-01,Tarde,4713,49.0,190.68,Alta,Sim,1,2.46,4,19,Atrasado
OP-00106,10,Suporte,Mandrilhadora-A,Tarde,2610,123.0,82.16,Média,Sim,6,1.71,3,42,Adiantado
OP-00107,10,Engrenagem,Fresadora-01,Manhã,2638,34.0,48.73,Baixa,Sim,4,3.88,3,37,Adiantado
OP-00108,8,Suporte,CNC-02,Tarde,2843,89.0,68.96,Urgente,Sim,5,2.2,1,38,Adiantado
OP-00109,6,Suporte,CNC-02,Noite,411,113.0,15.15,Alta,Sim,2,3.54,1,7,No_Prazo
OP-00110,9,Suporte,CNC-01,Manhã,4299,153.0,52.18,Urgente,Não,4,3.37,3,45,Atrasado
OP-00111,4,Carcaça,CNC-02,Noite,3701,135.0,87.66,Média,Sim,4,7.55,2,24,Atrasado
OP-00112,10,Flange,CNC-01,Manhã,4354,171.0,46.34,Urgente,Não,2,1.9,3,32,Atrasado
OP-00113,7,Flange,Mandrilhadora-A,Tarde,620,127.0,26.56,Baixa,Sim,4,2.65,4,19,No_Prazo
OP-00114,6,Suporte,CNC-01,Tarde,4021,73.0,59.06,Média,Sim,6,6.44,0,27,No_Prazo
OP-00115,7,Engrenagem,Fresadora-01,Tarde,1845,53.0,24.15,Média,Sim,1,2.72,0,33,Adiantado
OP-00116,7,Engrenagem,Torno-03,Noite,4101,24.0,170.04,Baixa,Não,3,4.1,3,26,Atrasado
OP-00117,1,Carcaça,CNC-02,Manhã,4969,61.0,67.48,Baixa,Sim,3,6.21,5,27,Atrasado
OP-00118,2,Eixo,Mandrilhadora-A,Tarde,4404,38.0,164.58,Baixa,Sim,2,0.53,3,18,No_Prazo
OP-00119,3,Flange,CNC-01,Tarde,4582,76.0,115.44,Baixa,Sim,3,7.67,4,45,No_Prazo
OP-00120,2,Eixo,Mandrilhadora-A,Noite,613,131.0,26.28,Urgente,Não,1,3.97,1,10,Atrasado
OP-00121,6,Eixo,Fresadora-01,Tarde,1676,129.0,29.02,Urgente,Sim,1,6.2,1,19,No_Prazo
OP-00122,9,Flange,Fresadora-01,Noite,1498,67.0,20.04,Alta,Não,6,7.41,1,38,No_Prazo
OP-00123,8,Carcaça,Mandrilhadora-A,Noite,2592,99.0,49.6,Urgente,Não,2,7.08,5,23,Atrasado
OP-00124,6,Flange,Torno-03,Manhã,4881,51.0,230.8,Alta,Sim,2,2.15,4,3,Atrasado
OP-00125,11,Engrenagem,CNC-02,Noite,3444,98.0,148.66,Urgente,Não,4,4.66,2,7,Atrasado
OP-00126,7,Eixo,CNC-01,Noite,2746,99.0,58.85,Baixa,Sim,5,3.58,0,41,Adiantado
OP-00127,1,Engrenagem,Mandrilhadora-A,Manhã,4034,65.0,73.6,Média,Sim,6,4.49,5,45,Adiantado
OP-00128,10,Carcaça,Torno-03,Tarde,923,58.0,15.02,Alta,Sim,4,6.35,1,14,Adiantado
OP-00129,7,Eixo,Mandrilhadora-A,Manhã,3319,177.0,62.56,Média,Não,2,3.16,1,12,Atrasado
OP-00130,8,Eixo,CNC-02,Tarde,2540,104.0,46.23,Alta,Sim,2,4.08,4,13,No_Prazo
OP-00131,7,Engrenagem,Mandrilhadora-A,Manhã,1056,108.0,48.08,Média,Sim,5,5.06,0,42,Adiantado
OP-00132,7,Flange,Mandrilhadora-A,Tarde,3246,16.0,35.05,Média,Sim,6,2.53,1,3,No_Prazo
OP-00133,2,Carcaça,CNC-02,Tarde,4210,45.0,190.31,Média,Sim,6,5.05,3,7,Atrasado
OP-00134,7,Flange,Torno-03,Tarde,4149,74.0,48.36,Alta,Sim,6,1.62,0,18,Adiantado
OP-00135,10,Suporte,Fresadora-01,Manhã,4223,174.0,181.9,Média,Sim,4,5.16,5,45,No_Prazo
OP-00136,4,Engrenagem,CNC-02,Tarde,4070,44.0,110.01,Média,Sim,2,1.57,5,6,Atrasado
OP-00137,8,Engrenagem,CNC-01,Tarde,2371,65.0,31.03,Alta,Sim,3,6.32,4,17,No_Prazo
OP-00138,1,Suporte,CNC-02,Tarde,293,178.0,12.29,Média,Sim,1,1.96,3,10,No_Prazo
OP-00139,5,Engrenagem,Torno-03,Manhã,4828,94.0,97.8,Média,Não,3,5.35,3,17,Atrasado
OP-00140,6,Flange,CNC-01,Manhã,2294,68.0,103.51,Alta,Sim,4,4.86,1,32,Adiantado
OP-00141,12,Eixo,CNC-02,Tarde,3182,120.0,127.57,Média,Sim,5,3.69,0,11,No_Prazo
OP-00142,3,Engrenagem,Mandrilhadora-A,Noite,151,97.0,7.44,Urgente,Não,2,5.34,0,20,Atrasado
OP-00143,4,Flange,CNC-01,Manhã,4448,173.0,192.49,Média,Sim,5,6.85,0,9,Atrasado
OP-00144,5,Carcaça,CNC-01,Tarde,4446,29.0,87.31,Urgente,Sim,2,1.4,0,3,No_Prazo
OP-00145,12,Engrenagem,Torno-03,Manhã,4644,145.0,122.46,Alta,Sim,5,5.57,4,24,Atrasado
OP-00146,11,Carcaça,CNC-01,Tarde,910,61.0,34.46,Alta,Sim,6,3.58,4,16,Adiantado
OP-00147,1,Flange,CNC-01,Manhã,4222,148.0,95.6,Alta,Sim,2,5.55,4,34,No_Prazo
OP-00148,3,Suporte,CNC-01,Tarde,3143,155.0,100.14,Alta,Não,2,7.06,2,3,Atrasado
OP-00149,10,Engrenagem,CNC-01,Manhã,773,155.0,15.08,Média,Sim,6,5.4,0,5,No_Prazo
OP-00150,1,Carcaça,Mandrilhadora-A,Manhã,2874,158.0,104.95,Média,Sim,3,1.7,1,42,Adiantado
OP-00151,11,Engrenagem,CNC-01,Manhã,2408,133.0,57.03,Média,Sim,2,3.62,4,21,No_Prazo
OP-00152,4,Carcaça,Torno-03,Manhã,3146,38.0,38.4,Média,Não,2,4.62,5,40,Atrasado
OP-00153,12,Suporte,Fresadora-01,Tarde,464,24.0,22.6,Baixa,Sim,3,1.45,0,7,Adiantado
OP-00154,4,Eixo,Fresadora-01,Noite,2838,71.0,124.18,Alta,Sim,3,5.33,4,18,Atrasado
OP-00155,6,Engrenagem,Fresadora-01,Tarde,3403,97.0,75.37,Baixa,Sim,6,5.85,5,32,No_Prazo
OP-00156,8,Suporte,CNC-02,Noite,3592,65.0,54.54,Média,Sim,3,6.22,4,13,Atrasado
OP-00157,2,Engrenagem,Mandrilhadora-A,Tarde,3857,137.0,152.0,Baixa,Sim,3,1.4,1,12,Atrasado
OP-00158,7,Suporte,CNC-01,Manhã,3149,134.0,59.29,Baixa,Não,2,5.79,3,7,Atrasado
OP-00159,7,Suporte,CNC-01,Manhã,3521,175.0,120.48,Média,Sim,5,3.25,4,17,No_Prazo
OP-00160,10,Eixo,Mandrilhadora-A,Tarde,496,81.0,20.42,Alta,Sim,5,2.08,5,33,Adiantado
OP-00161,12,Eixo,CNC-01,Manhã,3999,145.0,83.57,Média,Não,4,4.43,4,15,Atrasado
OP-00162,8,Eixo,CNC-01,Noite,1865,137.0,39.88,Urgente,Não,5,4.8,2,8,Atrasado
OP-00163,5,Eixo,CNC-01,Tarde,2760,178.0,34.4,Baixa,Não,2,3.93,4,29,Atrasado
OP-00164,5,Engrenagem,CNC-01,Tarde,2755,143.0,62.8,Média,Sim,4,6.81,0,31,Adiantado
OP-00165,6,Eixo,CNC-01,Tarde,4881,62.0,165.46,Baixa,Não,5,1.67,0,20,Atrasado
OP-00166,10,Suporte,Torno-03,Manhã,1659,18.0,26.93,Média,Sim,6,3.55,0,14,Adiantado
OP-00167,4,Eixo,Fresadora-01,Tarde,1952,175.0,93.94,Baixa,Não,2,2.5,3,34,Atrasado
OP-00168,3,Suporte,CNC-01,Manhã,3813,133.0,148.31,Baixa,Sim,1,0.87,0,34,No_Prazo
OP-00169,5,Carcaça,Mandrilhadora-A,Manhã,3189,149.0,57.9,Alta,Sim,5,3.04,0,28,Adiantado
OP-00170,1,Suporte,CNC-01,Manhã,1623,146.0,50.68,Alta,Sim,4,5.89,5,19,No_Prazo
OP-00171,2,Flange,Fresadora-01,Manhã,1754,136.0,45.0,Média,Sim,1,4.42,2,24,No_Prazo
OP-00172,2,Eixo,Mandrilhadora-A,Tarde,4151,139.0,105.0,Urgente,Sim,5,3.64,3,8,No_Prazo
OP-00173,10,Carcaça,Torno-03,Manhã,4187,168.0,135.66,Alta,Não,3,4.06,2,3,Atrasado
OP-00174,9,Eixo,Torno-03,Manhã,776,166.0,11.12,Média,Sim,4,2.84,0,14,Adiantado
OP-00175,9,Flange,CNC-01,Noite,2029,78.0,37.76,Média,Não,3,1.42,3,25,Atrasado
OP-00176,6,Flange,CNC-02,Noite,3858,20.0,61.68,Média,Sim,6,4.93,0,32,No_Prazo
OP-00177,9,Suporte,Mandrilhadora-A,Tarde,637,21.0,10.8,Alta,Sim,3,6.62,4,13,No_Prazo
OP-00178,2,Flange,CNC-02,Tarde,958,89.0,34.69,Média,Sim,4,6.42,4,32,Adiantado
OP-00179,11,Suporte,CNC-01,Noite,834,153.0,41.57,Baixa,Sim,4,2.25,4,16,No_Prazo
OP-00180,7,Carcaça,Fresadora-01,Manhã,2663,155.0,95.99,Média,Sim,6,3.76,2,28,Adiantado
OP-00181,12,Eixo,Fresadora-01,Tarde,2282,82.0,112.71,Média,Sim,4,4.64,2,7,No_Prazo
OP-00182,2,Carcaça,CNC-01,Manhã,1636,65.0,54.12,Média,Não,1,6.52,4,16,Atrasado
OP-00183,6,Engrenagem,CNC-01,Tarde,723,99.0,15.42,Média,Sim,6,1.97,2,11,Adiantado
OP-00184,9,Carcaça,CNC-01,Noite,3204,152.0,143.83,Urgente,Sim,1,1.49,5,30,No_Prazo
OP-00185,6,Engrenagem,CNC-01,Noite,4046,120.0,51.33,Média,Sim,4,7.49,3,33,No_Prazo
OP-00186,6,Carcaça,Fresadora-01,Noite,1103,38.0,15.55,Média,Sim,3,1.59,4,4,No_Prazo
OP-00187,2,Eixo,CNC-01,Tarde,3348,75.0,160.39,Baixa,Não,3,7.92,3,20,Atrasado
OP-00188,5,Carcaça,Fresadora-01,Tarde,3987,107.0,143.56,Média,Sim,6,4.99,1,28,Adiantado
OP-00189,3,Engrenagem,CNC-01,Noite,2807,104.0,132.37,Alta,Não,1,4.24,2,34,Atrasado
OP-00190,4,Flange,Mandrilhadora-A,Tarde,2889,152.0,44.25,Urgente,Sim,1,1.92,3,36,Adiantado
OP-00191,9,Carcaça,Fresadora-01,Tarde,875,169.0,35.64,Alta,Sim,6,6.95,3,36,Adiantado
OP-00192,8,Engrenagem,CNC-02,Manhã,4788,32.0,92.85,Baixa,Sim,2,1.79,3,8,Atrasado
OP-00193,8,Eixo,Torno-03,Tarde,4784,52.0,113.54,Alta,Sim,3,3.51,5,30,No_Prazo
OP-00194,5,Engrenagem,CNC-01,Manhã,3573,80.0,164.21,Alta,Sim,6,0.86,5,38,Adiantado
OP-00195,12,Eixo,CNC-01,Tarde,4518,64.0,119.5,Baixa,Sim,5,0.67,1,26,No_Prazo
OP-00196,2,Eixo,Torno-03,Manhã,3056,82.0,112.53,Urgente,Sim,4,5.97,1,41,Adiantado
OP-00197,5,Suporte,CNC-01,Tarde,3323,22.0,151.17,Alta,Não,1,2.06,0,38,Atrasado
OP-00198,2,Eixo,Fresadora-01,Manhã,4154,26.0,186.24,Alta,Não,3,5.01,4,44,Atrasado
OP-00199,5,Engrenagem,CNC-02,Manhã,238,153.0,2.46,Média,Sim,4,5.93,2,43,Adiantado
OP-00200,12,Engrenagem,CNC-01,Tarde,1137,32.0,18.57,Média,Sim,1,4.19,3,4,No_Prazo
OP-00201,5,Carcaça,Torno-03,Manhã,1056,151.0,49.36,Alta,Não,4,5.42,5,20,Atrasado
OP-00202,11,Carcaça,Torno-03,Noite,3182,66.0,103.4,Média,Sim,5,2.31,2,41,Adiantado
OP-00203,6,Eixo,Fresadora-01,Tarde,1249,66.0,36.48,Urgente,Sim,3,6.63,3,6,No_Prazo
OP-00204,9,Engrenagem,CNC-01,Manhã,1982,32.0,24.99,Baixa,Sim,6,2.05,1,5,No_Prazo
OP-00205,6,Engrenagem,Torno-03,Manhã,2494,17.0,27.44,Média,Sim,6,4.93,4,15,No_Prazo
OP-00206,4,Carcaça,Mandrilhadora-A,Noite,3731,74.0,179.6,Alta,Sim,5,6.77,0,19,No_Prazo
OP-00207,10,Suporte,CNC-02,Tarde,2611,153.0,75.6,Média,Sim,2,6.45,3,29,No_Prazo
OP-00208,12,Suporte,Mandrilhadora-A,Tarde,171,167.0,7.09,Média,Sim,1,0.88,4,26,No_Prazo
OP-00209,4,Eixo,Fresadora-01,Manhã,3449,25.0,64.84,Alta,Sim,5,3.25,4,34,Adiantado
OP-00210,10,Suporte,Torno-03,Tarde,2167,20.0,42.22,Alta,Sim,4,6.89,0,12,No_Prazo
OP-00211,4,Engrenagem,Mandrilhadora-A,Noite,611,41.0,19.8,Média,Sim,5,6.88,5,23,No_Prazo
OP-00212,9,Suporte,Mandrilhadora-A,Manhã,3275,141.0,147.51,Média,Não,3,5.27,2,17,Atrasado
OP-00213,10,Flange,CNC-02,Manhã,1387,49.0,29.88,Alta,Sim,1,1.31,3,41,Adiantado
OP-00214,6,Eixo,Mandrilhadora-A,Manhã,2330,53.0,53.94,Média,Sim,6,3.53,2,42,Adiantado
OP-00215,9,Suporte,CNC-01,Manhã,4839,162.0,154.97,Alta,Sim,6,7.71,2,38,No_Prazo
OP-00216,4,Suporte,CNC-01,Tarde,1227,159.0,14.23,Alta,Sim,5,1.3,1,10,Adiantado
OP-00217,1,Flange,CNC-01,Noite,4431,126.0,111.44,Média,Sim,1,6.51,5,6,Atrasado
OP-00218,2,Engrenagem,CNC-02,Noite,2348,42.0,75.73,Baixa,Sim,5,3.63,3,26,No_Prazo
OP-00219,6,Engrenagem,Mandrilhadora-A,Noite,4666,78.0,47.56,Baixa,Sim,6,6.09,5,33,Atrasado
OP-00220,11,Carcaça,Fresadora-01,Manhã,4256,54.0,151.17,Média,Sim,3,0.91,1,38,Adiantado
OP-00221,2,Eixo,Fresadora-01,Noite,4169,126.0,50.19,Alta,Sim,4,0.58,1,37,Adiantado
OP-00222,6,Eixo,CNC-01,Manhã,1073,144.0,41.63,Alta,Sim,1,2.75,3,13,No_Prazo
OP-00223,9,Suporte,Torno-03,Manhã,3964,38.0,166.75,Urgente,Sim,4,7.03,3,17,No_Prazo
OP-00224,3,Eixo,CNC-02,Tarde,1867,163.0,81.31,Média,Não,5,5.6,0,43,Atrasado
OP-00225,9,Eixo,Torno-03,Manhã,4555,91.0,168.24,Alta,Sim,2,5.09,2,33,No_Prazo
OP-00226,4,Suporte,CNC-02,Noite,4952,146.0,160.76,Alta,Sim,4,7.98,2,45,No_Prazo
OP-00227,10,Flange,CNC-02,Noite,3078,24.0,68.65,Média,Sim,2,3.1,0,12,No_Prazo
OP-00228,7,Suporte,Mandrilhadora-A,Noite,4568,74.0,123.27,Alta,Sim,1,6.88,3,14,Atrasado
OP-00229,7,Engrenagem,Torno-03,Noite,2689,17.0,36.25,Média,Sim,1,1.32,0,31,Adiantado
OP-00230,3,Flange,Torno-03,Manhã,218,134.0,8.35,Média,Sim,5,1.78,5,23,Adiantado
OP-00231,6,Flange,CNC-01,Manhã,4376,28.0,48.08,Urgente,Não,2,4.09,3,45,Atrasado
OP-00232,11,Suporte,Fresadora-01,Noite,2675,71.0,70.99,Média,Não,1,7.7,1,3,Atrasado
OP-00233,1,Engrenagem,Torno-03,Tarde,267,144.0,8.08,Baixa,Não,6,5.78,3,29,Atrasado
OP-00234,10,Engrenagem,CNC-02,Noite,373,139.0,13.43,Média,Sim,5,1.34,2,44,Adiantado
OP-00235,6,Suporte,Fresadora-01,Manhã,3630,121.0,86.13,Urgente,Sim,2,7.66,2,25,No_Prazo
OP-00236,9,Suporte,CNC-01,Manhã,4623,130.0,128.11,Baixa,Sim,5,6.24,1,8,Atrasado
OP-00237,8,Carcaça,Torno-03,Manhã,3502,122.0,117.3,Urgente,Sim,3,6.02,2,5,No_Prazo
OP-00238,6,Eixo,Mandrilhadora-A,Tarde,2235,121.0,104.88,Urgente,Sim,1,4.64,0,21,No_Prazo
OP-00239,4,Carcaça,Torno-03,Noite,1569,73.0,57.86,Média,Sim,2,3.45,1,35,Adiantado
OP-00240,8,Eixo,CNC-01,Noite,2121,20.0,42.8,Média,Sim,5,1.32,2,31,Adiantado
OP-00241,2,Suporte,CNC-02,Manhã,1647,88.0,72.29,Baixa,Sim,5,5.15,4,7,No_Prazo
OP-00242,8,Engrenagem,CNC-01,Tarde,1401,23.0,17.1,Baixa,Sim,3,1.46,5,30,Adiantado
OP-00243,2,Carcaça,Torno-03,Manhã,685,92.0,14.31,Média,Sim,6,4.92,5,42,Adiantado
OP-00244,8,Eixo,CNC-02,Manhã,2865,92.0,41.04,Alta,Não,4,4.55,2,31,Atrasado
OP-00245,8,Carcaça,CNC-01,Manhã,1131,44.0,31.53,Urgente,Sim,1,4.97,2,14,Adiantado
OP-00246,2,Eixo,Fresadora-01,Tarde,767,144.0,27.21,Baixa,Sim,6,6.7,1,3,No_Prazo
OP-00247,10,Suporte,CNC-01,Tarde,1415,131.0,44.2,Média,Não,1,3.58,3,27,Atrasado
OP-00248,5,Flange,CNC-02,Manhã,4004,107.0,169.97,Média,Sim,6,3.77,5,34,No_Prazo
OP-00249,10,Engrenagem,Mandrilhadora-A,Tarde,2886,168.0,94.37,Média,Não,1,0.95,1,40,Atrasado
OP-00250,1,Engrenagem,CNC-01,Noite,2481,62.0,47.9,Média,Sim,3,2.66,4,35,No_Prazo
OP-00251,3,Suporte,CNC-02,Manhã,2980,58.0,93.74,Urgente,Não,1,1.11,1,23,Atrasado
OP-00252,6,Engrenagem,CNC-02,Manhã,2853,45.0,112.46,Média,Sim,5,1.56,2,26,Adiantado
OP-00253,3,Eixo,Torno-03,Tarde,2513,105.0,75.69,Baixa,Sim,2,3.7,3,11,Atrasado
OP-00254,4,Flange,CNC-02,Noite,4211,49.0,116.56,Alta,Sim,4,3.55,4,34,No_Prazo
OP-00255,8,Eixo,Mandrilhadora-A,Noite,3665,158.0,114.22,Baixa,Sim,2,7.52,5,31,Atrasado
OP-00256,2,Engrenagem,CNC-01,Manhã,966,65.0,30.84,Urgente,Sim,5,1.39,3,3,No_Prazo
OP-00257,9,Suporte,Mandrilhadora-A,Tarde,4094,96.0,91.8,Urgente,Sim,3,1.62,3,16,No_Prazo
OP-00258,2,Suporte,Torno-03,Noite,917,102.0,40.5,Baixa,Não,2,6.13,5,10,Atrasado
OP-00259,3,Suporte,CNC-01,Manhã,436,66.0,7.98,Média,Sim,1,0.67,3,44,Adiantado
OP-00260,8,Carcaça,CNC-01,Tarde,2132,137.0,24.12,Alta,Sim,3,5.38,0,6,No_Prazo
OP-00261,10,Engrenagem,CNC-01,Noite,1994,129.0,79.08,Média,Sim,5,6.11,0,25,No_Prazo
OP-00262,3,Flange,CNC-02,Manhã,3941,141.0,172.19,Média,Sim,1,5.22,3,16,Atrasado
OP-00263,4,Eixo,CNC-02,Tarde,3491,115.0,124.66,Urgente,Sim,4,2.66,0,42,Adiantado
OP-00264,12,Carcaça,Fresadora-01,Noite,339,91.0,9.75,Média,Sim,6,1.28,4,11,No_Prazo
OP-00265,12,Flange,CNC-02,Manhã,2518,89.0,123.4,Média,Sim,6,7.96,4,43,Adiantado
OP-00266,7,Engrenagem,Fresadora-01,Tarde,3986,133.0,98.97,Baixa,Sim,6,6.95,5,11,Atrasado
OP-00267,6,Suporte,CNC-02,Tarde,3679,77.0,96.52,Média,Sim,6,5.98,0,4,No_Prazo
OP-00268,5,Engrenagem,CNC-02,Noite,2528,87.0,85.05,Alta,Sim,2,1.9,3,21,No_Prazo
OP-00269,8,Eixo,CNC-02,Noite,3098,42.0,84.32,Alta,Sim,1,3.73,5,24,Atrasado
OP-00270,8,Suporte,CNC-02,Noite,2830,127.0,91.16,Alta,Não,4,5.82,0,29,Atrasado
OP-00271,4,Flange,Mandrilhadora-A,Manhã,1195,28.0,58.15,Baixa,Não,5,1.26,4,25,Atrasado
OP-00272,1,Suporte,CNC-02,Noite,2843,178.0,55.44,Alta,Sim,3,7.68,5,26,Atrasado
OP-00273,2,Flange,CNC-02,Noite,3391,39.0,54.06,Média,Não,2,7.66,0,16,Atrasado
OP-00274,12,Carcaça,Mandrilhadora-A,Tarde,328,78.0,8.84,Média,Sim,1,1.63,2,38,Adiantado
OP-00275,6,Flange,Fresadora-01,Tarde,3491,54.0,105.29,Média,Sim,4,1.98,0,26,Adiantado
OP-00276,6,Engrenagem,CNC-01,Manhã,1286,63.0,49.55,Média,Não,1,3.23,2,19,Atrasado
OP-00277,6,Engrenagem,Mandrilhadora-A,Noite,88,68.0,4.24,Média,Sim,5,3.88,5,6,No_Prazo
OP-00278,10,Suporte,CNC-01,Manhã,3788,134.0,142.23,Média,Sim,5,3.81,1,20,No_Prazo
OP-00279,1,Engrenagem,CNC-01,Manhã,1979,44.0,97.93,Média,Sim,5,5.66,4,21,No_Prazo
OP-00280,1,Eixo,Torno-03,Noite,2090,59.0,41.49,Média,Sim,2,4.03,4,3,No_Prazo
OP-00281,4,Engrenagem,Fresadora-01,Noite,3140,32.0,57.64,Alta,Sim,1,1.88,0,37,Adiantado
OP-00282,6,Eixo,CNC-01,Noite,2824,70.0,62.87,Média,Sim,4,2.46,3,35,No_Prazo
OP-00283,9,Flange,Fresadora-01,Tarde,3121,170.0,129.47,Alta,Sim,5,3.58,1,13,No_Prazo
OP-00284,6,Engrenagem,CNC-01,Manhã,4727,78.0,82.54,Baixa,Sim,6,4.39,5,28,No_Prazo
OP-00285,6,Flange,Fresadora-01,Tarde,3273,143.0,58.42,Baixa,Sim,1,7.42,4,8,Atrasado
OP-00286,12,Carcaça,CNC-01,Manhã,279,91.0,7.38,Baixa,Sim,1,1.22,3,8,No_Prazo
OP-00287,2,Engrenagem,Torno-03,Noite,1150,89.0,26.11,Baixa,Sim,1,6.53,3,31,No_Prazo
OP-00288,7,Engrenagem,Fresadora-01,Tarde,2275,151.0,81.58,Média,Sim,4,2.83,1,11,No_Prazo
OP-00289,7,Eixo,CNC-02,Tarde,2388,19.0,108.91,Média,Sim,1,5.95,3,42,Adiantado
OP-00290,6,Carcaça,Fresadora-01,Manhã,1838,158.0,28.57,Baixa,Sim,6,2.44,4,10,No_Prazo
OP-00291,10,Flange,Fresadora-01,Tarde,962,95.0,30.66,Média,Sim,3,3.39,5,30,Adiantado
OP-00292,4,Suporte,Fresadora-01,Noite,576,73.0,7.8,Média,Sim,5,3.82,0,20,Adiantado
OP-00293,12,Engrenagem,CNC-02,Tarde,767,165.0,14.47,Alta,Não,2,6.13,5,6,Atrasado
OP-00294,4,Suporte,Fresadora-01,Manhã,4756,71.0,106.36,Média,Sim,2,1.75,1,4,Atrasado
OP-00295,7,Engrenagem,Fresadora-01,Manhã,2008,176.0,66.59,Urgente,Sim,1,3.1,5,8,No_Prazo
OP-00296,7,Suporte,CNC-02,Manhã,4809,169.0,154.83,Baixa,Não,2,4.46,5,36,Atrasado
OP-00297,11,Engrenagem,Fresadora-01,Manhã,1707,59.0,60.98,Média,Sim,5,5.43,4,45,Adiantado
OP-00298,6,Carcaça,Mandrilhadora-A,Noite,1591,71.0,68.03,Média,Sim,5,1.07,5,16,No_Prazo
OP-00299,4,Eixo,Mandrilhadora-A,Tarde,2473,149.0,43.25,Alta,Sim,5,1.21,3,14,No_Prazo
OP-00300,1,Engrenagem,Fresadora-01,Manhã,4736,47.0,188.19,Baixa,Sim,1,5.89,4,42,No_Prazo
OP-00301,5,Eixo,Fresadora-01,Noite,2837,136.0,104.06,Urgente,Sim,2,3.25,5,20,Atrasado
OP-00302,10,Engrenagem,Mandrilhadora-A,Manhã,224,36.0,2.95,Alta,Sim,4,1.74,1,14,Adiantado
OP-00303,1,Engrenagem,CNC-02,Manhã,1394,49.0,33.16,Média,Sim,6,2.47,4,26,Adiantado
OP-00304,11,Flange,Fresadora-01,Tarde,4905,98.0,54.48,Média,Sim,2,4.99,4,18,Atrasado
OP-00305,7,Eixo,CNC-01,Manhã,815,138.0,11.09,Média,Sim,2,7.65,2,15,No_Prazo
OP-00306,2,Eixo,CNC-02,Tarde,4187,137.0,89.4,Baixa,Sim,6,5.99,3,42,No_Prazo
OP-00307,4,Carcaça,Mandrilhadora-A,Noite,4646,115.0,91.64,Urgente,Não,3,6.48,3,34,Atrasado
OP-00308,7,Engrenagem,CNC-02,Noite,1110,60.0,51.07,Alta,Não,3,5.06,2,10,Atrasado
OP-00309,4,Eixo,Mandrilhadora-A,Manhã,2816,84.0,128.84,Baixa,Sim,3,3.28,3,28,No_Prazo
OP-00310,2,Engrenagem,Torno-03,Tarde,3017,56.0,99.91,Baixa,Sim,3,7.72,2,39,No_Prazo
OP-00311,8,Flange,CNC-02,Manhã,3979,61.0,156.78,Média,Sim,3,1.11,2,23,No_Prazo
OP-00312,9,Eixo,CNC-01,Tarde,4001,68.0,199.99,Alta,Não,5,6.56,2,9,Atrasado
OP-00313,2,Engrenagem,Torno-03,Manhã,347,114.0,9.16,Média,Não,5,2.44,2,23,No_Prazo
OP-00314,4,Engrenagem,Torno-03,Tarde,1630,49.0,50.36,Alta,Sim,1,5.06,1,24,Adiantado
OP-00315,3,Carcaça,Torno-03,Manhã,4703,22.0,169.52,Baixa,Sim,1,7.87,0,11,Atrasado
OP-00316,8,Engrenagem,CNC-01,Noite,1801,129.0,84.33,Urgente,Sim,4,6.82,3,40,Adiantado
OP-00317,9,Suporte,CNC-02,Noite,1267,19.0,53.06,Baixa,Não,6,6.88,2,4,Atrasado
OP-00318,9,Carcaça,CNC-01,Manhã,3163,175.0,39.78,Média,Sim,6,6.67,0,9,No_Prazo
OP-00319,12,Flange,CNC-02,Noite,1016,73.0,39.13,Urgente,Sim,6,3.9,3,7,No_Prazo
OP-00320,10,Eixo,Mandrilhadora-A,Manhã,778,16.0,15.62,Alta,Sim,4,3.45,5,4,No_Prazo
OP-00321,4,Suporte,CNC-01,Tarde,3999,161.0,80.76,Média,Sim,2,4.39,1,15,Atrasado
OP-00322,2,Carcaça,Fresadora-01,Manhã,635,114.0,20.25,Alta,Não,1,2.64,5,13,Atrasado
OP-00323,8,Engrenagem,CNC-01,Manhã,4461,150.0,168.86,Baixa,Sim,5,4.09,3,37,No_Prazo
OP-00324,11,Carcaça,Torno-03,Tarde,1286,87.0,21.05,Baixa,Sim,6,1.45,2,14,Adiantado
OP-00325,12,Carcaça,Mandrilhadora-A,Tarde,578,73.0,13.05,Baixa,Sim,3,7.19,5,13,No_Prazo
OP-00326,3,Engrenagem,CNC-02,Tarde,3719,123.0,143.72,Média,Sim,1,6.02,5,20,Atrasado
OP-00327,3,Engrenagem,CNC-01,Tarde,923,82.0,14.84,Alta,Sim,5,0.97,5,6,No_Prazo
OP-00328,1,Suporte,Torno-03,Manhã,1864,107.0,81.99,Média,Sim,3,5.45,4,34,Adiantado
OP-00329,2,Engrenagem,CNC-02,Manhã,1788,61.0,50.5,Média,Sim,4,6.19,3,38,Adiantado
OP-00330,7,Suporte,Mandrilhadora-A,Tarde,2561,70.0,85.64,Alta,Sim,2,6.96,5,5,Atrasado
OP-00331,7,Engrenagem,Mandrilhadora-A,Tarde,2393,29.0,31.63,Média,Sim,3,2.97,5,30,Adiantado
OP-00332,5,Suporte,Fresadora-01,Manhã,1017,144.0,49.0,Baixa,Não,5,5.23,5,27,Atrasado
OP-00333,4,Eixo,Fresadora-01,Manhã,1211,73.0,56.07,Média,Sim,6,2.57,4,44,Adiantado
OP-00334,10,Engrenagem,Fresadora-01,Tarde,1010,176.0,17.78,Alta,Sim,2,6.87,2,34,No_Prazo
OP-00335,6,Engrenagem,Fresadora-01,Tarde,324,58.0,11.83,Média,Não,5,7.06,5,41,No_Prazo
OP-00336,10,Engrenagem,Torno-03,Noite,3269,93.0,136.4,Urgente,Sim,2,1.07,4,37,No_Prazo
OP-00337,12,Flange,Mandrilhadora-A,Tarde,2380,65.0,35.41,Alta,Sim,5,2.64,5,29,Adiantado
OP-00338,4,Engrenagem,CNC-02,Tarde,586,129.0,19.4,Alta,Não,3,1.27,0,44,No_Prazo
OP-00339,3,Carcaça,CNC-01,Tarde,1690,148.0,74.39,Alta,Sim,5,3.49,0,29,Adiantado
OP-00340,12,Suporte,Fresadora-01,Manhã,3355,95.0,101.55,Média,Sim,2,0.54,5,38,No_Prazo
OP-00341,8,Eixo,Fresadora-01,Manhã,1461,76.0,68.6,Urgente,Sim,1,6.37,3,22,No_Prazo
OP-00342,4,Carcaça,Mandrilhadora-A,Manhã,2033,138.0,24.22,Média,Sim,5,3.74,3,7,No_Prazo
OP-00343,8,Suporte,CNC-02,Noite,3731,47.0,174.49,Média,Sim,1,4.51,4,31,No_Prazo
OP-00344,7,Suporte,Torno-03,Manhã,3372,114.0,165.53,Baixa,Sim,4,6.07,4,10,No_Prazo
OP-00345,11,Engrenagem,Torno-03,Tarde,3518,136.0,57.12,Alta,Sim,1,5.84,0,24,No_Prazo
OP-00346,4,Suporte,CNC-02,Tarde,1939,59.0,52.81,Média,Sim,4,2.86,1,33,Adiantado
OP-00347,12,Flange,Fresadora-01,Manhã,2445,123.0,85.16,Alta,Sim,1,6.37,3,40,Adiantado
OP-00348,12,Carcaça,Torno-03,Noite,4237,136.0,193.76,Urgente,Sim,1,5.31,0,12,No_Prazo
OP-00349,3,Flange,Fresadora-01,Tarde,4367,34.0,71.54,Média,Não,6,2.14,5,41,Atrasado
OP-00350,2,Suporte,Torno-03,Manhã,325,68.0,7.59,Média,Sim,6,0.72,0,13,Adiantado
OP-00351,7,Eixo,CNC-02,Noite,4198,82.0,175.97,Baixa,Sim,3,6.17,2,36,No_Prazo
OP-00352,1,Engrenagem,Mandrilhadora-A,Tarde,4471,143.0,118.04,Média,Sim,3,1.74,0,39,No_Prazo
OP-00353,4,Engrenagem,Torno-03,Manhã,4715,109.0,161.24,Alta,Sim,5,1.34,0,31,No_Prazo
OP-00354,6,Carcaça,Fresadora-01,Tarde,1379,89.0,44.68,Média,Sim,3,3.65,2,22,Adiantado
OP-00355,12,Suporte,Torno-03,Tarde,2531,68.0,123.83,Média,Sim,1,7.41,4,28,No_Prazo
OP-00356,12,Eixo,CNC-02,Manhã,260,16.0,4.07,Média,Sim,2,5.89,1,20,Adiantado
OP-00357,2,Suporte,Mandrilhadora-A,Noite,593,18.0,28.43,Média,Sim,4,6.49,2,7,No_Prazo
OP-00358,11,Engrenagem,CNC-02,Tarde,2833,55.0,92.26,Baixa,Sim,6,2.52,5,23,No_Prazo
OP-00359,2,Engrenagem,Mandrilhadora-A,Tarde,1069,34.0,49.35,Média,Sim,4,6.76,2,3,No_Prazo
OP-00360,9,Flange,Torno-03,Manhã,1160,35.0,17.07,Alta,Sim,4,3.62,5,14,No_Prazo
OP-00361,11,Suporte,CNC-01,Manhã,1519,114.0,54.17,Média,Sim,5,7.85,5,45,Adiantado
OP-00362,11,Carcaça,CNC-01,Tarde,2323,115.0,101.29,Baixa,Não,1,4.77,3,6,Atrasado
OP-00363,3,Suporte,Mandrilhadora-A,Tarde,807,22.0,33.47,Média,Não,4,5.05,3,5,Atrasado
OP-00364,11,Eixo,Torno-03,Tarde,4021,113.0,41.81,Alta,Não,2,7.36,5,45,Atrasado
OP-00365,2,Carcaça,CNC-02,Noite,3356,39.0,94.26,Alta,Não,3,7.61,4,34,Atrasado
OP-00366,7,Flange,Mandrilhadora-A,Manhã,3968,77.0,57.99,Média,Sim,3,0.63,3,15,No_Prazo
OP-00367,6,Carcaça,Fresadora-01,Tarde,4634,178.0,74.67,Média,Sim,5,2.24,5,7,Atrasado
OP-00368,4,Engrenagem,Fresadora-01,Noite,3021,101.0,115.56,Alta,Sim,2,5.11,5,25,No_Prazo
OP-00369,1,Engrenagem,Fresadora-01,Noite,1840,21.0,88.8,Alta,Não,6,0.53,1,43,Adiantado
OP-00370,10,Engrenagem,CNC-01,Noite,4890,72.0,172.93,Alta,Sim,4,2.88,4,5,Atrasado
OP-00371,5,Carcaça,CNC-01,Noite,2850,126.0,40.17,Alta,Sim,3,1.97,1,45,Adiantado
OP-00372,8,Engrenagem,Fresadora-01,Manhã,2345,52.0,46.34,Baixa,Não,2,4.43,4,9,Atrasado
OP-00373,5,Carcaça,CNC-01,Tarde,2109,174.0,53.05,Média,Sim,1,4.98,0,44,No_Prazo
OP-00374,5,Suporte,Fresadora-01,Noite,244,85.0,3.66,Alta,Sim,3,1.92,1,7,Adiantado
OP-00375,11,Engrenagem,CNC-01,Tarde,4781,18.0,209.98,Baixa,Sim,1,4.52,4,14,Atrasado
OP-00376,2,Carcaça,CNC-02,Manhã,4106,104.0,73.01,Média,Sim,5,3.48,4,5,Atrasado
OP-00377,9,Engrenagem,Fresadora-01,Noite,3512,127.0,53.32,Alta,Sim,5,7.93,2,22,No_Prazo
OP-00378,9,Engrenagem,Fresadora-01,Manhã,1145,90.0,44.69,Urgente,Não,4,0.99,4,30,Atrasado
OP-00379,5,Flange,Fresadora-01,Manhã,4644,168.0,70.0,Baixa,Sim,6,6.81,2,8,Atrasado
OP-00380,4,Eixo,Fresadora-01,Manhã,922,164.0,24.35,Alta,Não,1,8.0,0,3,Atrasado
OP-00381,1,Eixo,CNC-01,Tarde,1245,38.0,38.12,Média,Sim,6,4.56,4,8,No_Prazo
OP-00382,12,Engrenagem,Mandrilhadora-A,Tarde,396,28.0,5.23,Alta,Sim,3,5.6,0,22,Adiantado
OP-00383,12,Suporte,CNC-02,Tarde,1476,67.0,47.57,Alta,Sim,5,1.46,4,25,Adiantado
OP-00384,3,Engrenagem,CNC-01,Noite,1673,115.0,48.86,Alta,Sim,6,3.13,5,31,Adiantado
OP-00385,1,Eixo,Mandrilhadora-A,Tarde,3984,114.0,146.36,Urgente,Não,1,1.86,0,43,Atrasado
OP-00386,2,Flange,CNC-01,Tarde,1664,60.0,31.23,Urgente,Sim,6,4.87,5,18,Adiantado
OP-00387,1,Flange,Torno-03,Noite,4780,172.0,115.99,Urgente,Sim,6,7.57,3,28,No_Prazo
OP-00388,10,Suporte,Torno-03,Noite,1548,66.0,56.33,Média,Sim,5,0.72,3,9,No_Prazo
OP-00389,11,Eixo,Fresadora-01,Manhã,2646,148.0,30.23,Média,Não,1,4.21,1,17,Atrasado
OP-00390,2,Suporte,CNC-01,Manhã,2986,152.0,43.69,Baixa,Sim,6,5.93,1,12,No_Prazo
OP-00391,9,Suporte,CNC-01,Tarde,4154,31.0,88.65,Média,Sim,2,3.73,0,11,Atrasado
OP-00392,3,Eixo,Torno-03,Noite,3770,53.0,53.74,Alta,Sim,1,4.54,2,9,Atrasado
OP-00393,5,Eixo,Torno-03,Tarde,4344,51.0,50.31,Baixa,Sim,4,3.9,4,4,Atrasado
OP-00394,8,Flange,Fresadora-01,Manhã,4691,167.0,232.18,Urgente,Sim,1,4.98,0,15,Atrasado
OP-00395,9,Flange,Fresadora-01,Tarde,631,73.0,17.81,Média,Sim,4,1.01,1,5,No_Prazo
OP-00396,11,Engrenagem,CNC-01,Tarde,515,153.0,16.14,Baixa,Sim,1,4.6,4,18,No_Prazo
OP-00397,1,Flange,Mandrilhadora-A,Tarde,2273,94.0,45.91,Média,Sim,5,4.34,2,5,No_Prazo
OP-00398,3,Engrenagem,Torno-03,Noite,794,90.0,8.18,Baixa,Sim,1,1.86,0,20,No_Prazo
OP-00399,4,Flange,Mandrilhadora-A,Noite,2493,164.0,99.79,Baixa,Sim,5,4.51,5,37,No_Prazo
OP-00400,4,Carcaça,Mandrilhadora-A,Tarde,2969,88.0,115.64,Média,Sim,5,3.97,2,12,No_Prazo
OP-00401,12,Flange,CNC-01,Tarde,1418,138.0,69.34,Média,Sim,1,4.95,1,6,Atrasado
OP-00402,10,Suporte,Torno-03,Tarde,535,85.0,5.8,Alta,Sim,1,4.73,3,13,No_Prazo
OP-00403,4,Eixo,Torno-03,Tarde,4824,32.0,74.68,Média,Sim,6,3.53,0,21,No_Prazo
OP-00404,12,Carcaça,Torno-03,Tarde,1885,24.0,72.55,Alta,Sim,3,6.36,4,30,Adiantado
OP-00405,6,Carcaça,CNC-02,Tarde,4203,49.0,97.52,Alta,Sim,4,3.18,3,29,Adiantado
OP-00406,7,Carcaça,Torno-03,Tarde,3141,134.0,39.42,Baixa,Sim,2,4.06,5,3,Atrasado
OP-00407,6,Suporte,Torno-03,Tarde,3327,77.0,73.32,Baixa,Sim,3,3.7,1,42,Adiantado
OP-00408,2,Suporte,CNC-01,Manhã,3913,90.0,52.86,Alta,Sim,5,4.14,2,21,No_Prazo
OP-00409,12,Flange,CNC-02,Tarde,1362,32.0,59.25,Alta,Não,6,6.5,4,16,Atrasado
OP-00410,1,Carcaça,CNC-01,Tarde,1127,118.0,50.8,Baixa,Sim,5,5.82,1,42,Adiantado
OP-00411,3,Carcaça,Mandrilhadora-A,Manhã,4984,148.0,176.81,Alta,Sim,2,0.82,2,10,Atrasado
OP-00412,3,Flange,Fresadora-01,Manhã,3356,118.0,85.32,Média,Não,5,4.21,0,35,Atrasado
OP-00413,4,Engrenagem,CNC-02,Manhã,1496,177.0,60.96,Baixa,Sim,3,1.44,4,45,No_Prazo
OP-00414,2,Engrenagem,CNC-02,Noite,3247,18.0,114.5,Média,Sim,3,5.97,3,17,No_Prazo
OP-00415,1,Eixo,CNC-01,Noite,1998,18.0,83.28,Alta,Sim,2,7.9,0,21,No_Prazo
OP-00416,9,Engrenagem,CNC-02,Tarde,4305,98.0,131.03,Média,Sim,6,5.14,0,26,No_Prazo
OP-00417,12,Eixo,Mandrilhadora-A,Tarde,2565,59.0,123.98,Média,Sim,2,3.35,2,38,Adiantado
OP-00418,2,Engrenagem,CNC-01,Tarde,1603,128.0,34.63,Baixa,Sim,6,1.04,3,45,Adiantado
OP-00419,4,Carcaça,CNC-01,Tarde,3467,146.0,118.46,Baixa,Não,6,2.99,4,27,Atrasado
OP-00420,7,Engrenagem,Mandrilhadora-A,Noite,3762,32.0,159.22,Média,Não,4,4.44,2,33,Atrasado
OP-00421,12,Suporte,Torno-03,Manhã,1894,166.0,86.66,Média,Sim,1,7.11,4,39,No_Prazo
OP-00422,9,Eixo,CNC-01,Manhã,3772,20.0,180.57,Alta,Não,4,4.35,2,28,Atrasado
OP-00423,10,Engrenagem,Torno-03,Tarde,1209,129.0,31.19,Alta,Sim,1,7.88,3,36,No_Prazo
OP-00424,7,Suporte,Fresadora-01,Manhã,1234,78.0,46.86,Baixa,Não,3,3.27,1,27,Atrasado
OP-00425,6,Carcaça,CNC-02,Tarde,4141,125.0,89.48,Baixa,Sim,1,0.5,3,26,No_Prazo
OP-00426,3,Suporte,CNC-02,Noite,3124,31.0,112.39,Média,Sim,5,5.21,5,41,Adiantado
OP-00427,11,Carcaça,Fresadora-01,Manhã,223,170.0,3.87,Alta,Sim,3,2.14,1,18,Adiantado
OP-00428,10,Flange,Torno-03,Tarde,3392,170.0,91.1,Média,Sim,6,2.33,4,11,No_Prazo
OP-00429,1,Suporte,Mandrilhadora-A,Tarde,1564,101.0,73.21,Alta,Não,5,0.63,2,34,No_Prazo
OP-00430,9,Engrenagem,CNC-02,Noite,1408,99.0,59.75,Média,Sim,2,4.49,3,27,No_Prazo
OP-00431,2,Carcaça,CNC-02,Tarde,2149,120.0,64.17,Média,Sim,5,2.36,3,27,Adiantado
OP-00432,9,Suporte,CNC-01,Manhã,2286,111.0,36.29,Média,Não,2,7.96,2,18,Atrasado
OP-00433,10,Eixo,Fresadora-01,Tarde,4464,105.0,115.81,Alta,Sim,2,6.77,3,33,Atrasado
OP-00434,2,Eixo,Torno-03,Tarde,2207,112.0,34.31,Média,Sim,2,5.91,2,23,No_Prazo
OP-00435,6,Suporte,CNC-02,Noite,1518,157.0,19.34,Média,Não,5,3.15,0,31,Atrasado
OP-00436,2,Engrenagem,Fresadora-01,Tarde,3878,116.0,179.4,Média,Sim,6,1.04,2,4,No_Prazo
OP-00437,7,Carcaça,CNC-02,Manhã,2736,47.0,81.14,Urgente,Sim,6,5.52,2,43,Adiantado
OP-00438,12,Eixo,CNC-01,Noite,53,166.0,0.72,Média,Sim,4,0.67,5,37,Adiantado
OP-00439,1,Engrenagem,Torno-03,Tarde,3179,51.0,122.92,Alta,Sim,1,3.81,3,24,No_Prazo
OP-00440,5,Eixo,Torno-03,Manhã,2530,42.0,32.81,Urgente,Sim,6,0.9,2,10,Adiantado
OP-00441,12,Carcaça,Torno-03,Tarde,2894,180.0,74.8,Média,Sim,3,4.7,5,45,Adiantado
OP-00442,4,Eixo,Torno-03,Noite,962,50.0,18.48,Média,Sim,4,4.7,0,27,Adiantado
OP-00443,2,Flange,Mandrilhadora-A,Tarde,2417,32.0,40.09,Baixa,Sim,3,4.48,4,22,No_Prazo
OP-00444,6,Carcaça,CNC-02,Manhã,3251,108.0,101.89,Alta,Sim,2,5.86,5,42,No_Prazo
OP-00445,7,Engrenagem,CNC-02,Tarde,3400,151.0,131.88,Urgente,Sim,2,2.21,4,41,Adiantado
OP-00446,8,Suporte,Torno-03,Manhã,3417,25.0,100.76,Urgente,Sim,4,2.32,3,14,Adiantado
OP-00447,4,Eixo,CNC-01,Tarde,4988,96.0,213.65,Média,Sim,3,3.62,3,31,No_Prazo
OP-00448,12,Suporte,CNC-01,Tarde,2530,26.0,118.14,Urgente,Sim,1,5.77,0,17,No_Prazo
OP-00449,7,Engrenagem,Torno-03,Manhã,2178,86.0,92.1,Média,Sim,3,1.38,0,4,No_Prazo
OP-00450,4,Engrenagem,Torno-03,Manhã,2733,72.0,131.89,Alta,Não,3,7.14,0,20,Atrasado
OP-00451,12,Suporte,Fresadora-01,Noite,1678,38.0,79.14,Média,Sim,4,2.39,5,13,No_Prazo
OP-00452,12,Carcaça,CNC-01,Manhã,1609,169.0,69.67,Média,Sim,3,1.46,2,26,Adiantado
OP-00453,6,Carcaça,Mandrilhadora-A,Noite,3466,120.0,75.23,Alta,Sim,2,4.99,5,22,Atrasado
OP-00454,1,Suporte,Torno-03,Tarde,1600,154.0,27.16,Média,Sim,4,2.57,3,12,No_Prazo
OP-00455,8,Flange,CNC-01,Tarde,3757,164.0,146.83,Urgente,Sim,6,3.57,4,22,No_Prazo
OP-00456,7,Engrenagem,CNC-02,Manhã,3738,168.0,163.8,Média,Sim,3,0.96,5,34,No_Prazo
OP-00457,2,Eixo,CNC-02,Manhã,4769,138.0,204.71,Alta,Sim,4,3.99,3,29,No_Prazo
OP-00458,8,Suporte,Torno-03,Manhã,702,66.0,25.09,Média,Sim,3,2.78,0,30,Adiantado
OP-00459,11,Eixo,Torno-03,Tarde,1848,152.0,79.82,Baixa,Sim,2,1.77,4,8,No_Prazo
OP-00460,2,Flange,Torno-03,Noite,3868,101.0,148.09,Média,Não,6,3.4,2,7,Atrasado
OP-00461,9,Engrenagem,Torno-03,Noite,2174,60.0,79.6,Alta,Não,6,6.28,0,30,Atrasado
OP-00462,2,Flange,Mandrilhadora-A,Manhã,3292,79.0,39.05,Alta,Sim,2,6.23,1,24,No_Prazo
OP-00463,9,Eixo,Mandrilhadora-A,Manhã,3689,65.0,104.84,Baixa,Sim,4,3.2,5,30,No_Prazo
OP-00464,6,Engrenagem,Torno-03,Manhã,4428,92.0,50.27,Média,Sim,6,7.81,2,18,Atrasado
OP-00465,1,Engrenagem,Mandrilhadora-A,Noite,1169,144.0,16.01,Média,Sim,4,1.44,3,7,No_Prazo
OP-00466,12,Flange,Mandrilhadora-A,Manhã,1337,95.0,42.3,Alta,Sim,4,6.91,4,18,No_Prazo
OP-00467,2,Eixo,Mandrilhadora-A,Manhã,2380,59.0,28.32,Alta,Sim,6,7.84,3,30,Adiantado
OP-00468,8,Engrenagem,CNC-02,Tarde,2555,29.0,118.88,Alta,Sim,4,4.8,0,45,Adiantado
OP-00469,3,Flange,Torno-03,Tarde,4530,156.0,126.9,Média,Sim,6,0.95,0,27,Adiantado
OP-00470,12,Engrenagem,CNC-02,Manhã,242,84.0,9.2,Baixa,Não,1,7.41,5,20,Atrasado
OP-00471,9,Engrenagem,CNC-01,Tarde,1264,88.0,20.11,Baixa,Sim,4,3.78,1,18,Adiantado
OP-00472,10,Engrenagem,CNC-01,Manhã,4566,141.0,200.46,Urgente,Sim,1,1.79,1,4,Atrasado
OP-00473,6,Flange,Fresadora-01,Manhã,3092,155.0,90.05,Média,Sim,2,7.19,0,11,No_Prazo
OP-00474,6,Carcaça,Torno-03,Manhã,3393,99.0,109.77,Média,Não,5,3.7,4,18,Atrasado
OP-00475,8,Eixo,Mandrilhadora-A,Manhã,1285,119.0,46.18,Alta,Não,6,4.25,3,29,Atrasado
OP-00476,10,Eixo,Fresadora-01,Noite,3133,54.0,98.99,Média,Sim,6,4.78,3,28,No_Prazo
OP-00477,11,Eixo,CNC-01,Tarde,1880,169.0,61.15,Média,Sim,5,7.3,1,17,No_Prazo
OP-00478,1,Eixo,Mandrilhadora-A,Noite,3676,109.0,146.23,Baixa,Sim,4,4.28,3,25,No_Prazo
OP-00479,8,Suporte,Torno-03,Manhã,498,134.0,21.04,Alta,Sim,3,7.16,3,12,No_Prazo
OP-00480,2,Eixo,Torno-03,Tarde,1457,34.0,32.41,Alta,Sim,2,1.78,5,6,No_Prazo
OP-00481,4,Suporte,Mandrilhadora-A,Noite,3240,120.0,151.9,Média,Não,5,5.13,4,15,Atrasado
OP-00482,10,Carcaça,Fresadora-01,Manhã,3039,76.0,73.41,Média,Sim,5,4.44,3,10,No_Prazo
OP-00483,4,Carcaça,CNC-01,Noite,4209,89.0,87.94,Média,Sim,1,2.94,4,26,No_Prazo
OP-00484,10,Flange,CNC-01,Tarde,4014,128.0,90.14,Alta,Sim,6,2.09,4,36,No_Prazo
OP-00485,6,Suporte,Torno-03,Tarde,121,146.0,2.95,Média,Não,2,1.02,1,10,Atrasado
OP-00486,3,Carcaça,CNC-01,Manhã,496,73.0,11.25,Média,Não,5,2.46,3,3,Atrasado
OP-00487,5,Suporte,CNC-01,Tarde,1803,159.0,78.88,Média,Sim,1,5.6,5,5,Atrasado
OP-00488,7,Eixo,Fresadora-01,Tarde,4796,51.0,155.61,Urgente,Sim,2,2.59,4,12,Atrasado
OP-00489,10,Engrenagem,CNC-01,Noite,2411,108.0,117.43,Média,Sim,4,5.96,5,10,Atrasado
OP-00490,8,Engrenagem,CNC-01,Noite,4464,40.0,59.63,Média,Não,3,7.06,0,45,Atrasado
OP-00491,12,Carcaça,Torno-03,Manhã,343,63.0,11.85,Média,Sim,1,5.71,5,13,No_Prazo
OP-00492,11,Flange,CNC-01,Noite,4816,163.0,66.66,Alta,Sim,6,6.54,3,31,No_Prazo
OP-00493,10,Eixo,CNC-02,Noite,352,17.0,9.98,Alta,Sim,6,4.8,1,32,Adiantado
OP-00494,8,Eixo,Mandrilhadora-A,Tarde,4051,166.0,102.53,Urgente,Sim,2,7.6,5,13,Atrasado
OP-00495,4,Eixo,Fresadora-01,Manhã,4390,69.0,163.44,Média,Sim,4,6.22,5,9,Atrasado
OP-00496,5,Carcaça,Mandrilhadora-A,Manhã,1506,130.0,59.97,Média,Sim,2,2.92,3,11,No_Prazo
OP-00497,2,Suporte,CNC-02,Manhã,1539,30.0,30.05,Média,Sim,5,5.93,5,40,Adiantado
OP-00498,5,Carcaça,Fresadora-01,Manhã,2928,121.0,51.97,Alta,Não,5,5.54,4,20,Atrasado
OP-00499,12,Eixo,CNC-02,Noite,3624,165.0,97.05,Alta,Sim,5,6.14,2,3,No_Prazo
OP-00500,6,Flange,CNC-02,Manhã,644,107.0,12.67,Média,Sim,4,2.9,5,30,Adiantado
OP-00501,2,Engrenagem,CNC-01,Tarde,1222,75.0,45.29,Média,Sim,1,4.32,2,21,No_Prazo
OP-00502,8,Carcaça,Mandrilhadora-A,Tarde,3783,146.0,116.17,Média,Sim,2,7.1,0,10,Atrasado
OP-00503,12,Flange,CNC-01,Tarde,4047,133.0,174.34,Alta,Sim,6,7.82,0,9,No_Prazo
OP-00504,11,Flange,CNC-02,Manhã,810,34.0,39.89,Média,Sim,4,3.2,4,35,Adiantado
OP-00505,4,Flange,Torno-03,Tarde,4453,125.0,111.88,Média,Sim,3,4.15,0,16,Atrasado
OP-00506,6,Eixo,Torno-03,Tarde,4340,125.0,201.72,Baixa,Não,6,2.98,5,4,Atrasado
OP-00507,7,Carcaça,CNC-02,Tarde,4346,139.0,178.56,Média,Sim,3,5.88,5,35,No_Prazo
OP-00508,3,Flange,CNC-02,Manhã,1240,67.0,19.8,Baixa,Sim,6,0.79,0,11,Adiantado
OP-00509,4,Suporte,CNC-02,Tarde,3362,81.0,146.04,Alta,Sim,5,7.65,1,45,Adiantado
OP-00510,3,Engrenagem,Mandrilhadora-A,Manhã,844,173.0,24.7,Alta,Não,1,4.62,1,28,Atrasado
OP-00511,12,Eixo,Torno-03,Tarde,1022,110.0,39.21,Média,Sim,6,2.53,4,26,Adiantado
OP-00512,9,Carcaça,Mandrilhadora-A,Tarde,400,99.0,15.24,Média,Sim,6,0.78,1,33,Adiantado
OP-00513,11,Engrenagem,Mandrilhadora-A,Manhã,2490,178.0,113.14,Alta,Sim,6,4.71,4,12,No_Prazo
OP-00514,10,Engrenagem,Fresadora-01,Noite,3571,53.0,144.43,Alta,Sim,4,4.9,5,31,No_Prazo
OP-00515,12,Carcaça,Mandrilhadora-A,Manhã,1033,81.0,44.4,Alta,Sim,5,5.71,3,10,No_Prazo
OP-00516,2,Eixo,CNC-01,Noite,971,140.0,22.17,Alta,Sim,2,4.44,5,14,No_Prazo
OP-00517,11,Eixo,Mandrilhadora-A,Noite,1420,133.0,69.47,Alta,Sim,1,4.37,2,27,Adiantado
OP-00518,1,Flange,Torno-03,Manhã,1028,175.0,37.48,Alta,Sim,1,2.78,5,19,No_Prazo
OP-00519,6,Engrenagem,Fresadora-01,Manhã,4172,123.0,170.83,Média,Sim,2,1.96,4,41,No_Prazo
OP-00520,8,Engrenagem,CNC-02,Manhã,889,67.0,39.43,Média,Sim,6,2.38,2,4,Adiantado
OP-00521,5,Engrenagem,CNC-01,Noite,1428,81.0,21.35,Baixa,Não,2,3.31,1,7,Atrasado
OP-00522,2,Engrenagem,Mandrilhadora-A,Tarde,1563,30.0,36.66,Alta,Sim,1,6.3,4,3,Atrasado
OP-00523,3,Engrenagem,Torno-03,Manhã,1053,167.0,45.74,Alta,Sim,5,1.39,4,41,Adiantado
OP-00524,10,Suporte,CNC-01,Tarde,4708,36.0,220.71,Urgente,Sim,2,5.33,0,20,Atrasado
OP-00525,4,Eixo,Fresadora-01,Manhã,1087,105.0,43.74,Baixa,Sim,4,0.78,1,40,Adiantado
OP-00526,4,Engrenagem,CNC-01,Tarde,2458,81.0,72.0,Média,Sim,5,0.82,5,26,Adiantado
OP-00527,12,Engrenagem,Torno-03,Tarde,2852,37.0,57.17,Alta,Não,4,2.55,0,40,Atrasado
OP-00528,2,Flange,Fresadora-01,Manhã,1341,63.0,41.57,Alta,Sim,5,3.18,5,38,Adiantado
OP-00529,11,Carcaça,Fresadora-01,Noite,2382,120.0,61.67,Alta,Sim,1,1.92,0,7,No_Prazo
OP-00530,12,Eixo,Torno-03,Manhã,893,20.0,40.56,Média,Sim,2,7.15,3,44,Adiantado
OP-00531,8,Engrenagem,CNC-02,Tarde,2439,174.0,79.73,Urgente,Sim,3,2.79,1,24,No_Prazo
OP-00532,2,Eixo,Mandrilhadora-A,Tarde,143,165.0,3.67,Urgente,Sim,5,4.01,0,28,Adiantado
OP-00533,2,Flange,CNC-01,Noite,2223,29.0,66.55,Urgente,Sim,4,7.96,1,13,No_Prazo
OP-00534,4,Engrenagem,CNC-01,Tarde,1856,158.0,87.87,Alta,Sim,5,2.4,5,38,Adiantado
OP-00535,7,Carcaça,CNC-01,Noite,1785,69.0,61.64,Alta,Sim,5,5.14,1,6,No_Prazo
OP-00536,2,Suporte,Mandrilhadora-A,Manhã,594,26.0,11.38,Baixa,Sim,5,6.1,5,8,No_Prazo
OP-00537,6,Eixo,Torno-03,Noite,4993,66.0,149.81,Média,Sim,4,2.53,3,12,Atrasado
OP-00538,2,Carcaça,CNC-01,Manhã,183,148.0,5.24,Baixa,Sim,5,0.93,5,38,Adiantado
OP-00539,7,Eixo,CNC-01,Tarde,773,125.0,17.33,Média,Sim,5,6.44,2,38,Adiantado
OP-00540,1,Engrenagem,CNC-01,Manhã,559,54.0,22.05,Urgente,Sim,1,2.67,3,13,Adiantado
OP-00541,9,Carcaça,Mandrilhadora-A,Noite,4889,134.0,101.36,Alta,Sim,2,2.91,0,26,Atrasado
OP-00542,1,Carcaça,Torno-03,Noite,1626,132.0,48.3,Média,Sim,6,3.61,2,20,Adiantado
OP-00543,3,Eixo,CNC-01,Tarde,2183,138.0,60.34,Alta,Não,1,0.79,3,26,Atrasado
OP-00544,3,Flange,CNC-02,Tarde,3766,104.0,107.99,Média,Sim,4,6.89,2,3,Atrasado
OP-00545,10,Engrenagem,Fresadora-01,Tarde,299,150.0,9.77,Média,Sim,5,6.97,1,21,Adiantado
OP-00546,1,Suporte,Torno-03,Manhã,381,121.0,14.22,Alta,Sim,3,7.04,2,23,Adiantado
OP-00547,6,Suporte,Mandrilhadora-A,Tarde,953,36.0,14.98,Média,Sim,2,1.87,5,3,No_Prazo
OP-00548,8,Suporte,CNC-01,Tarde,3409,149.0,73.41,Alta,Sim,1,7.82,5,31,Atrasado
OP-00549,7,Flange,CNC-01,Tarde,4893,68.0,200.19,Alta,Sim,4,5.46,2,19,No_Prazo
OP-00550,9,Suporte,CNC-01,Manhã,3121,131.0,144.53,Média,Sim,4,4.95,0,13,No_Prazo
OP-00551,10,Flange,CNC-02,Noite,4367,126.0,51.47,Média,Sim,5,5.92,0,36,No_Prazo
OP-00552,5,Carcaça,Fresadora-01,Manhã,4415,70.0,57.11,Média,Não,1,6.17,3,37,Atrasado
OP-00553,10,Engrenagem,Fresadora-01,Tarde,1418,42.0,67.15,Urgente,Sim,3,3.62,4,13,No_Prazo
OP-00554,4,Flange,CNC-02,Manhã,960,130.0,15.28,Média,Sim,4,4.88,5,42,Adiantado
OP-00555,12,Flange,Fresadora-01,Manhã,842,155.0,41.4,Alta,Sim,6,4.89,3,3,Adiantado
OP-00556,7,Flange,Fresadora-01,Manhã,3981,153.0,171.7,Alta,Sim,2,0.56,1,27,No_Prazo
OP-00557,9,Engrenagem,CNC-01,Manhã,3363,118.0,49.87,Baixa,Sim,5,0.57,0,33,Adiantado
OP-00558,11,Eixo,Fresadora-01,Tarde,4331,53.0,61.07,Média,Sim,5,4.03,3,13,Atrasado
OP-00559,10,Carcaça,Torno-03,Tarde,2560,67.0,125.68,Média,Sim,4,4.69,1,18,No_Prazo
OP-00560,11,Engrenagem,CNC-01,Tarde,4883,140.0,98.6,Baixa,Não,1,5.8,4,33,Atrasado
OP-00561,7,Suporte,CNC-02,Tarde,4475,83.0,141.17,Média,Sim,1,6.15,3,18,Atrasado
OP-00562,1,Suporte,Fresadora-01,Manhã,4052,136.0,78.81,Alta,Sim,4,4.89,3,15,No_Prazo
OP-00563,6,Flange,Fresadora-01,Manhã,4025,66.0,136.96,Alta,Sim,4,2.63,4,30,No_Prazo
OP-00564,3,Engrenagem,CNC-02,Tarde,662,16.0,28.86,Média,Sim,4,5.14,3,10,No_Prazo
OP-00565,11,Engrenagem,Fresadora-01,Tarde,3736,115.0,135.53,Média,Sim,5,2.45,3,27,No_Prazo
OP-00566,3,Eixo,CNC-02,Tarde,4738,114.0,56.21,Média,Sim,3,6.63,4,15,Atrasado
OP-00567,3,Engrenagem,Torno-03,Manhã,1496,119.0,50.58,Alta,Sim,2,3.67,0,16,No_Prazo
OP-00568,3,Engrenagem,CNC-01,Noite,4084,59.0,148.82,Urgente,Sim,6,7.21,0,21,No_Prazo
OP-00569,8,Engrenagem,Mandrilhadora-A,Manhã,1782,149.0,32.14,Alta,Sim,5,1.46,2,34,Adiantado
OP-00570,7,Engrenagem,Mandrilhadora-A,Tarde,1101,95.0,44.57,Média,Sim,4,5.79,4,12,Adiantado
OP-00571,12,Carcaça,CNC-01,Manhã,3666,141.0,128.59,Urgente,Não,4,3.72,2,31,Atrasado
OP-00572,5,Suporte,Torno-03,Tarde,867,116.0,9.0,Alta,Sim,5,1.46,5,17,Adiantado
OP-00573,4,Engrenagem,Fresadora-01,Tarde,2432,84.0,116.79,Baixa,Sim,2,4.69,5,41,No_Prazo
OP-00574,1,Suporte,Torno-03,Tarde,4685,127.0,130.35,Média,Sim,3,2.09,0,20,No_Prazo
OP-00575,1,Engrenagem,CNC-02,Manhã,826,110.0,15.94,Média,Sim,1,2.69,3,21,No_Prazo
OP-00576,5,Flange,Mandrilhadora-A,Tarde,820,99.0,11.03,Alta,Sim,5,3.92,0,35,Adiantado
OP-00577,12,Engrenagem,CNC-02,Manhã,4717,122.0,117.82,Média,Sim,4,3.23,4,4,Atrasado
OP-00578,7,Engrenagem,CNC-02,Tarde,3896,29.0,86.92,Média,Sim,6,3.42,0,39,Adiantado
OP-00579,11,Engrenagem,CNC-02,Manhã,2334,165.0,51.16,Média,Sim,2,3.48,0,17,No_Prazo
OP-00580,2,Flange,Mandrilhadora-A,Manhã,2056,70.0,85.79,Média,Sim,3,0.63,4,38,Adiantado
OP-00581,2,Flange,Torno-03,Tarde,4821,52.0,172.77,Alta,Sim,1,3.25,2,18,Atrasado
OP-00582,11,Eixo,Fresadora-01,Manhã,3632,142.0,55.65,Média,Sim,6,3.45,2,11,No_Prazo
OP-00583,2,Suporte,Mandrilhadora-A,Manhã,4545,53.0,174.18,Média,Sim,3,4.95,2,7,Atrasado
OP-00584,1,Suporte,Mandrilhadora-A,Noite,504,179.0,19.63,Alta,Sim,1,4.11,2,37,Adiantado
OP-00585,5,Suporte,Mandrilhadora-A,Noite,2675,84.0,81.78,Urgente,Sim,4,1.79,4,4,No_Prazo
OP-00586,12,Flange,Mandrilhadora-A,Noite,3639,64.0,181.33,Baixa,Sim,6,4.91,4,30,No_Prazo
OP-00587,9,Flange,Mandrilhadora-A,Manhã,227,25.0,4.84,Média,Sim,1,0.76,5,28,Adiantado
OP-00588,2,Flange,Mandrilhadora-A,Tarde,2583,22.0,31.87,Média,Sim,4,3.0,3,13,No_Prazo
OP-00589,11,Eixo,Fresadora-01,Noite,325,31.0,3.62,Média,Sim,3,5.15,5,35,No_Prazo
OP-00590,11,Flange,CNC-01,Manhã,4506,16.0,102.84,Alta,Sim,1,5.18,3,19,No_Prazo
OP-00591,10,Engrenagem,CNC-01,Tarde,3420,69.0,102.32,Urgente,Sim,2,1.85,0,37,Adiantado
OP-00592,11,Carcaça,Fresadora-01,Manhã,982,66.0,12.89,Média,Sim,4,3.04,5,17,Adiantado
OP-00593,3,Eixo,CNC-02,Noite,2631,86.0,85.85,Média,Sim,6,3.93,2,36,Adiantado
OP-00594,12,Suporte,Mandrilhadora-A,Tarde,591,53.0,27.21,Baixa,Sim,1,3.59,2,21,No_Prazo
OP-00595,4,Carcaça,Mandrilhadora-A,Tarde,4029,25.0,168.71,Alta,Não,4,5.64,5,22,Atrasado
OP-00596,10,Flange,Fresadora-01,Tarde,1021,27.0,37.67,Baixa,Sim,6,6.05,5,39,Adiantado
OP-00597,7,Carcaça,Fresadora-01,Manhã,3056,45.0,111.45,Média,Sim,5,0.81,5,7,No_Prazo
OP-00598,10,Flange,CNC-02,Manhã,438,67.0,17.17,Baixa,Não,5,6.09,3,20,Atrasado
OP-00599,8,Engrenagem,Torno-03,Tarde,831,39.0,24.74,Alta,Sim,6,7.09,2,4,No_Prazo
OP-00600,8,Engrenagem,Mandrilhadora-A,Tarde,4901,75.0,127.78,Urgente,Não,4,7.35,2,5,Atrasado
OP-00601,8,Engrenagem,Mandrilhadora-A,Tarde,1959,167.0,43.62,Baixa,Sim,1,0.92,2,8,No_Prazo
OP-00602,10,Carcaça,CNC-02,Manhã,658,58.0,9.2,Alta,Sim,2,7.13,1,34,Adiantado
OP-00603,9,Flange,Mandrilhadora-A,Tarde,3514,43.0,114.16,Alta,Sim,3,1.73,1,36,Adiantado
OP-00604,2,Eixo,Torno-03,Manhã,1044,125.0,30.17,Baixa,Sim,6,3.04,4,36,Adiantado
OP-00605,10,Flange,Mandrilhadora-A,Manhã,2967,96.0,43.78,Urgente,Sim,2,3.36,1,45,Adiantado
OP-00606,7,Eixo,Torno-03,Noite,4057,23.0,84.1,Alta,Sim,6,2.74,3,27,No_Prazo
OP-00607,4,Carcaça,Fresadora-01,Tarde,3432,145.0,142.39,Média,Sim,4,2.71,1,11,No_Prazo
OP-00608,7,Carcaça,CNC-01,Tarde,1271,133.0,25.7,Alta,Sim,5,1.77,4,23,Adiantado
OP-00609,12,Engrenagem,CNC-02,Noite,1222,176.0,33.03,Média,Não,1,5.44,2,26,Atrasado
OP-00610,11,Suporte,Fresadora-01,Manhã,1150,170.0,18.92,Baixa,Não,3,4.85,3,36,Atrasado
OP-00611,11,Eixo,Mandrilhadora-A,Noite,3178,111.0,53.37,Média,Sim,3,5.1,5,23,Atrasado
OP-00612,6,Engrenagem,CNC-01,Tarde,3377,128.0,135.94,Alta,Sim,3,4.41,5,3,Atrasado
OP-00613,10,Carcaça,CNC-01,Tarde,2628,83.0,33.29,Urgente,Sim,6,2.16,1,39,Adiantado
OP-00614,5,Engrenagem,Fresadora-01,Manhã,2023,162.0,43.29,Média,Sim,3,4.9,1,28,Adiantado
OP-00615,9,Eixo,Torno-03,Manhã,357,106.0,17.58,Média,Não,6,5.4,3,7,Atrasado
OP-00616,8,Engrenagem,Mandrilhadora-A,Tarde,4185,69.0,121.51,Baixa,Sim,6,0.89,4,43,Adiantado
OP-00617,3,Flange,CNC-01,Manhã,3317,17.0,113.6,Urgente,Sim,4,7.91,5,22,No_Prazo
OP-00618,4,Flange,CNC-02,Manhã,3209,112.0,114.34,Média,Sim,2,4.85,2,37,No_Prazo
OP-00619,1,Eixo,CNC-01,Tarde,563,102.0,10.05,Urgente,Sim,1,5.29,3,34,Adiantado
OP-00620,2,Engrenagem,Fresadora-01,Tarde,1476,149.0,36.57,Baixa,Não,2,4.77,0,14,Atrasado
OP-00621,6,Engrenagem,Mandrilhadora-A,Manhã,1553,46.0,40.42,Baixa,Não,4,5.68,4,41,Atrasado
OP-00622,6,Carcaça,CNC-01,Tarde,3009,150.0,57.86,Média,Sim,2,5.43,3,42,No_Prazo
OP-00623,2,Carcaça,CNC-02,Noite,3947,18.0,76.41,Média,Sim,6,6.49,3,43,Adiantado
OP-00624,6,Carcaça,Mandrilhadora-A,Tarde,4338,112.0,148.86,Média,Não,3,1.71,1,11,Atrasado
OP-00625,8,Flange,CNC-01,Noite,2634,80.0,37.77,Urgente,Sim,2,1.73,2,8,No_Prazo
OP-00626,3,Flange,Mandrilhadora-A,Tarde,1854,70.0,28.12,Média,Sim,4,2.15,0,26,Adiantado
OP-00627,5,Suporte,Mandrilhadora-A,Manhã,2070,86.0,68.17,Baixa,Sim,1,7.73,2,13,Atrasado
OP-00628,5,Suporte,CNC-01,Manhã,3695,52.0,103.36,Alta,Sim,5,3.18,2,29,Adiantado
OP-00629,7,Flange,CNC-01,Noite,1624,45.0,55.99,Média,Não,4,2.87,2,31,Atrasado
OP-00630,5,Eixo,Fresadora-01,Tarde,2108,148.0,23.35,Alta,Não,6,2.22,5,4,Atrasado
OP-00631,9,Flange,CNC-01,Noite,3941,53.0,150.53,Alta,Não,6,4.11,3,35,Atrasado
OP-00632,4,Engrenagem,Torno-03,Noite,2738,137.0,120.46,Urgente,Sim,1,7.29,5,8,Atrasado
OP-00633,6,Engrenagem,CNC-01,Manhã,2365,132.0,73.23,Média,Não,6,5.56,1,27,Atrasado
OP-00634,5,Suporte,Torno-03,Manhã,3681,21.0,160.62,Média,Sim,1,1.91,5,26,No_Prazo
OP-00635,3,Carcaça,CNC-02,Tarde,1478,160.0,38.41,Média,Sim,5,6.78,3,3,No_Prazo
OP-00636,9,Engrenagem,Fresadora-01,Manhã,349,145.0,4.59,Média,Sim,3,7.59,0,10,No_Prazo
OP-00637,3,Engrenagem,Mandrilhadora-A,Tarde,3952,146.0,99.2,Média,Sim,3,5.85,5,26,Atrasado
OP-00638,4,Engrenagem,Torno-03,Noite,2302,149.0,64.12,Baixa,Não,5,4.95,0,21,Atrasado
OP-00639,10,Suporte,Fresadora-01,Tarde,1661,111.0,74.12,Média,Não,2,5.54,4,23,Atrasado
OP-00640,12,Eixo,Fresadora-01,Manhã,521,179.0,12.19,Urgente,Não,6,6.02,1,33,No_Prazo
OP-00641,9,Eixo,Mandrilhadora-A,Tarde,4635,45.0,104.77,Urgente,Sim,1,6.95,4,32,Atrasado
OP-00642,11,Engrenagem,CNC-02,Manhã,3638,27.0,165.6,Baixa,Sim,2,5.44,4,29,No_Prazo
OP-00643,11,Carcaça,CNC-02,Noite,1406,131.0,28.17,Urgente,Sim,3,4.49,0,34,Adiantado
OP-00644,6,Flange,CNC-02,Manhã,3058,63.0,109.16,Alta,Sim,2,1.87,5,40,Adiantado
OP-00645,10,Suporte,Fresadora-01,Noite,2348,115.0,54.16,Baixa,Sim,6,3.31,5,12,Atrasado
OP-00646,4,Suporte,Mandrilhadora-A,Tarde,1668,80.0,80.16,Urgente,Sim,6,1.13,2,42,Adiantado
OP-00647,6,Engrenagem,CNC-02,Tarde,1592,70.0,28.0,Urgente,Sim,3,5.96,1,23,Adiantado
OP-00648,7,Carcaça,CNC-01,Tarde,427,162.0,16.63,Alta,Sim,4,7.94,3,42,Adiantado
OP-00649,12,Flange,Fresadora-01,Manhã,4875,38.0,156.01,Alta,Não,3,1.22,4,30,Atrasado
OP-00650,11,Suporte,Torno-03,Tarde,4632,46.0,227.65,Média,Sim,3,3.8,0,19,Atrasado
OP-00651,6,Eixo,CNC-02,Noite,4359,125.0,216.91,Média,Sim,3,5.75,0,4,Atrasado
OP-00652,8,Carcaça,CNC-01,Noite,1609,144.0,67.17,Alta,Não,2,0.72,3,8,Atrasado
OP-00653,3,Carcaça,Mandrilhadora-A,Manhã,4984,152.0,70.47,Média,Sim,5,3.8,1,29,No_Prazo
OP-00654,10,Flange,Mandrilhadora-A,Tarde,1413,53.0,40.64,Média,Sim,1,6.46,5,31,No_Prazo
OP-00655,7,Engrenagem,Fresadora-01,Noite,4131,161.0,182.51,Alta,Sim,2,2.7,3,8,Atrasado
OP-00656,7,Carcaça,Torno-03,Noite,549,116.0,19.51,Alta,Sim,1,5.45,3,42,Adiantado
OP-00657,10,Carcaça,CNC-02,Tarde,1586,151.0,71.62,Alta,Sim,3,5.06,2,17,Adiantado
OP-00658,8,Flange,Torno-03,Manhã,2907,26.0,122.02,Baixa,Sim,5,5.75,3,36,Adiantado
OP-00659,1,Flange,CNC-01,Noite,4840,74.0,108.99,Média,Sim,4,2.3,1,36,Adiantado
OP-00660,4,Eixo,CNC-02,Manhã,1364,102.0,24.28,Baixa,Sim,5,1.76,2,32,Adiantado
OP-00661,3,Engrenagem,Torno-03,Manhã,2190,110.0,50.16,Alta,Sim,4,0.63,0,42,Adiantado
OP-00662,9,Carcaça,Torno-03,Noite,4222,31.0,159.75,Média,Não,3,4.1,2,37,Atrasado
OP-00663,1,Flange,CNC-01,Manhã,2387,104.0,69.8,Urgente,Sim,6,1.9,4,10,Adiantado
OP-00664,3,Eixo,Mandrilhadora-A,Noite,3429,125.0,40.3,Alta,Não,4,5.38,2,20,Atrasado
OP-00665,8,Suporte,CNC-02,Manhã,2120,75.0,84.16,Média,Sim,1,4.62,0,27,No_Prazo
OP-00666,9,Engrenagem,Torno-03,Tarde,69,98.0,0.81,Alta,Sim,1,6.75,4,24,Adiantado
OP-00667,7,Engrenagem,Torno-03,Noite,1451,63.0,38.27,Média,Sim,5,6.51,1,25,Adiantado
OP-00668,11,Eixo,Torno-03,Noite,2850,159.0,81.2,Baixa,Sim,1,3.21,3,11,Atrasado
OP-00669,12,Flange,Mandrilhadora-A,Noite,146,114.0,4.4,Baixa,Sim,2,2.72,4,44,Adiantado
OP-00670,2,Eixo,Fresadora-01,Noite,1197,106.0,18.63,Média,Sim,1,1.12,1,31,Adiantado
OP-00671,12,Engrenagem,Mandrilhadora-A,Manhã,4767,171.0,190.26,Alta,Sim,5,6.17,1,37,Adiantado
OP-00672,8,Eixo,CNC-02,Noite,126,125.0,5.54,Média,Sim,1,4.22,3,17,No_Prazo
OP-00673,8,Eixo,CNC-02,Noite,1274,61.0,48.31,Alta,Sim,2,3.02,2,31,Adiantado
OP-00674,2,Flange,Torno-03,Tarde,3115,121.0,149.65,Baixa,Não,6,5.78,0,14,Atrasado
OP-00675,8,Flange,Torno-03,Tarde,2837,174.0,57.59,Média,Sim,1,2.56,0,28,No_Prazo
OP-00676,9,Carcaça,CNC-02,Manhã,1064,19.0,17.48,Alta,Sim,2,4.09,0,13,Adiantado
OP-00677,7,Carcaça,Torno-03,Tarde,344,118.0,4.37,Alta,Sim,5,3.77,1,43,Adiantado
OP-00678,2,Eixo,CNC-01,Tarde,4503,41.0,174.99,Urgente,Sim,1,2.53,0,24,No_Prazo
OP-00679,7,Carcaça,Torno-03,Tarde,2776,150.0,45.76,Alta,Sim,2,6.43,4,24,No_Prazo
OP-00680,12,Flange,Fresadora-01,Tarde,2888,121.0,137.26,Média,Sim,5,5.81,5,26,No_Prazo
OP-00681,9,Engrenagem,Torno-03,Tarde,335,170.0,11.37,Baixa,Não,1,4.4,4,12,Atrasado
OP-00682,2,Eixo,Mandrilhadora-A,Manhã,1085,125.0,45.75,Média,Sim,3,5.68,1,38,Adiantado
OP-00683,12,Suporte,Mandrilhadora-A,Noite,410,18.0,11.23,Urgente,Sim,2,1.17,2,15,Adiantado
OP-00684,12,Carcaça,Mandrilhadora-A,Manhã,4896,99.0,192.87,Média,Sim,2,3.72,5,42,No_Prazo
OP-00685,3,Eixo,CNC-01,Manhã,3860,164.0,107.1,Média,Não,3,5.0,0,38,Atrasado
OP-00686,10,Engrenagem,Mandrilhadora-A,Manhã,2754,53.0,86.89,Média,Não,2,3.45,2,16,Atrasado
OP-00687,5,Engrenagem,CNC-02,Noite,3420,29.0,140.03,Baixa,Sim,5,5.86,2,26,No_Prazo
OP-00688,8,Engrenagem,Torno-03,Noite,869,134.0,16.97,Alta,Sim,1,4.42,2,17,No_Prazo
OP-00689,6,Suporte,Torno-03,Manhã,4941,98.0,224.22,Média,Não,3,3.37,5,8,Atrasado
OP-00690,10,Flange,CNC-02,Manhã,2610,23.0,100.88,Urgente,Sim,1,3.62,4,15,No_Prazo
OP-00691,12,Flange,Mandrilhadora-A,Tarde,2607,61.0,103.92,Média,Sim,1,5.87,5,40,No_Prazo
OP-00692,10,Suporte,Fresadora-01,Manhã,4798,69.0,93.69,Alta,Não,5,0.99,1,15,Atrasado
OP-00693,12,Carcaça,Mandrilhadora-A,Tarde,524,125.0,7.13,Baixa,Sim,3,6.79,0,42,Adiantado
OP-00694,12,Suporte,Mandrilhadora-A,Manhã,2149,93.0,27.75,Baixa,Não,3,0.93,5,34,Atrasado
OP-00695,2,Engrenagem,Torno-03,Tarde,486,95.0,17.44,Média,Sim,2,1.5,0,22,Adiantado
OP-00696,4,Flange,Fresadora-01,Manhã,2155,148.0,34.48,Baixa,Sim,1,6.58,3,30,No_Prazo
OP-00697,9,Carcaça,Torno-03,Tarde,1372,61.0,68.56,Urgente,Sim,6,3.31,5,40,Adiantado
OP-00698,8,Suporte,Torno-03,Tarde,2332,126.0,112.97,Alta,Sim,5,3.95,0,6,Adiantado
OP-00699,1,Eixo,Fresadora-01,Manhã,3524,76.0,39.35,Média,Não,3,3.3,3,37,Atrasado
OP-00700,2,Eixo,Fresadora-01,Manhã,1436,84.0,56.01,Média,Sim,1,1.2,5,27,No_Prazo
OP-00701,7,Carcaça,Mandrilhadora-A,Manhã,303,107.0,6.19,Média,Não,6,5.06,5,45,No_Prazo
OP-00702,8,Engrenagem,Fresadora-01,Manhã,850,130.0,20.09,Alta,Sim,3,5.67,1,39,Adiantado
OP-00703,3,Flange,Fresadora-01,Noite,3593,171.0,70.47,Baixa,Não,2,1.92,1,41,Atrasado
OP-00704,3,Engrenagem,Mandrilhadora-A,Manhã,2915,59.0,125.99,Média,Sim,1,6.14,1,5,Atrasado
OP-00705,2,Carcaça,CNC-01,Manhã,4894,32.0,223.9,Baixa,Sim,6,1.25,3,22,No_Prazo
OP-00706,7,Engrenagem,Fresadora-01,Manhã,4476,86.0,51.99,Urgente,Sim,1,6.31,5,41,Atrasado
OP-00707,1,Engrenagem,CNC-02,Noite,847,105.0,17.62,Média,Sim,3,5.76,5,14,No_Prazo
OP-00708,7,Eixo,Torno-03,Noite,3691,53.0,103.16,Alta,Sim,4,7.34,1,14,Atrasado
OP-00709,6,Eixo,Fresadora-01,Noite,497,162.0,15.34,Urgente,Não,2,6.6,3,31,Atrasado
OP-00710,6,Flange,CNC-02,Tarde,526,147.0,7.1,Média,Não,1,6.83,4,17,Atrasado
OP-00711,9,Eixo,Mandrilhadora-A,Noite,3976,96.0,171.77,Baixa,Sim,4,7.68,4,28,Atrasado
OP-00712,7,Eixo,Torno-03,Tarde,2034,89.0,96.33,Média,Sim,1,6.83,0,20,No_Prazo
OP-00713,9,Flange,CNC-02,Noite,4988,22.0,130.26,Alta,Sim,6,6.47,5,22,Atrasado
OP-00714,10,Flange,CNC-02,Noite,76,104.0,3.37,Média,Não,3,1.97,5,9,Atrasado
OP-00715,12,Carcaça,Torno-03,Manhã,2537,113.0,94.01,Baixa,Sim,5,6.16,3,38,Adiantado
OP-00716,10,Flange,Mandrilhadora-A,Tarde,1574,162.0,53.0,Baixa,Sim,6,5.25,2,7,No_Prazo
OP-00717,7,Flange,CNC-01,Manhã,4927,98.0,210.69,Alta,Sim,5,7.71,4,10,Atrasado
OP-00718,6,Suporte,Torno-03,Manhã,3363,41.0,97.26,Alta,Não,3,5.9,1,13,Atrasado
OP-00719,3,Engrenagem,Mandrilhadora-A,Noite,3870,45.0,123.49,Baixa,Sim,1,2.45,1,14,Atrasado
OP-00720,8,Suporte,Torno-03,Manhã,1486,41.0,31.19,Alta,Sim,1,1.73,5,3,Atrasado
OP-00721,2,Carcaça,Torno-03,Tarde,4477,170.0,172.31,Média,Sim,3,2.61,2,44,Adiantado
OP-00722,12,Eixo,CNC-02,Noite,4210,146.0,68.89,Baixa,Não,2,4.1,4,27,Atrasado
OP-00723,11,Engrenagem,CNC-01,Tarde,3930,151.0,77.52,Média,Sim,6,5.39,2,24,No_Prazo
OP-00724,2,Eixo,Fresadora-01,Manhã,2413,154.0,70.45,Alta,Não,3,2.11,4,8,Atrasado
OP-00725,10,Eixo,Mandrilhadora-A,Tarde,4613,31.0,117.23,Alta,Não,6,2.25,4,30,Atrasado
OP-00726,2,Flange,Torno-03,Noite,3362,131.0,65.84,Média,Sim,2,2.76,3,7,Atrasado
OP-00727,9,Carcaça,Torno-03,Manhã,375,131.0,6.63,Média,Sim,6,6.55,2,14,Adiantado
OP-00728,2,Flange,CNC-01,Manhã,4425,52.0,196.63,Média,Não,3,3.24,4,27,Atrasado
OP-00729,6,Engrenagem,Mandrilhadora-A,Tarde,153,96.0,5.15,Média,Sim,6,1.09,1,45,Adiantado
OP-00730,8,Eixo,Mandrilhadora-A,Noite,3429,124.0,86.05,Média,Sim,4,4.59,1,28,No_Prazo
OP-00731,9,Suporte,Mandrilhadora-A,Manhã,1287,163.0,56.41,Média,Sim,1,0.54,0,23,Adiantado
OP-00732,6,Eixo,CNC-02,Manhã,4491,33.0,193.14,Média,Não,6,5.55,3,31,Atrasado
OP-00733,12,Flange,Fresadora-01,Noite,3662,162.0,52.86,Baixa,Sim,2,6.82,3,34,Atrasado
OP-00734,10,Suporte,Torno-03,Manhã,4049,167.0,132.37,Média,Sim,5,1.75,2,24,No_Prazo
OP-00735,3,Eixo,CNC-02,Manhã,3514,167.0,78.1,Baixa,Sim,5,6.83,4,17,Atrasado
OP-00736,9,Suporte,CNC-02,Tarde,2856,16.0,90.34,Alta,Sim,2,5.59,2,41,Adiantado
OP-00737,9,Eixo,CNC-02,Manhã,4325,51.0,167.46,Média,Sim,4,1.24,1,16,Adiantado
OP-00738,5,Engrenagem,Torno-03,Manhã,1521,129.0,15.73,Alta,Sim,5,2.21,0,8,Adiantado
OP-00739,9,Eixo,CNC-01,Tarde,2665,68.0,81.4,Baixa,Não,6,2.21,5,15,Atrasado
OP-00740,11,Flange,Fresadora-01,Tarde,1525,25.0,33.05,Média,Não,3,2.04,4,36,Atrasado
OP-00741,10,Engrenagem,Torno-03,Tarde,612,141.0,19.19,Baixa,Sim,3,3.01,2,6,No_Prazo
OP-00742,10,Carcaça,Mandrilhadora-A,Manhã,4382,20.0,63.07,Baixa,Sim,5,7.31,1,20,Atrasado
OP-00743,8,Flange,CNC-02,Tarde,2510,89.0,107.18,Alta,Sim,3,2.18,3,4,Atrasado
OP-00744,4,Engrenagem,CNC-01,Tarde,316,171.0,10.03,Baixa,Sim,4,7.45,2,41,Adiantado
OP-00745,10,Carcaça,CNC-02,Noite,4134,88.0,76.24,Baixa,Sim,1,4.62,2,17,Atrasado
OP-00746,5,Carcaça,Mandrilhadora-A,Noite,4710,165.0,192.11,Média,Sim,5,4.38,3,13,Atrasado
OP-00747,7,Engrenagem,CNC-02,Tarde,3325,82.0,38.28,Média,Sim,3,5.55,1,32,Adiantado
OP-00748,4,Engrenagem,Fresadora-01,Noite,1668,72.0,56.23,Urgente,Sim,3,6.54,0,43,Adiantado
OP-00749,4,Eixo,Mandrilhadora-A,Noite,4304,33.0,129.42,Urgente,Sim,6,7.68,0,5,No_Prazo
OP-00750,2,Flange,CNC-02,Manhã,3707,74.0,42.95,Média,Sim,5,0.52,2,40,Adiantado
OP-00751,12,Suporte,Fresadora-01,Noite,1459,71.0,29.16,Média,Sim,4,3.49,4,19,No_Prazo
OP-00752,2,Flange,CNC-02,Noite,1683,155.0,22.02,Média,Sim,4,1.84,1,10,No_Prazo
OP-00753,2,Suporte,CNC-02,Manhã,4939,167.0,194.08,Média,Sim,6,1.64,5,6,Atrasado
OP-00754,12,Engrenagem,CNC-02,Manhã,4768,19.0,182.28,Média,Sim,4,1.6,0,21,No_Prazo
OP-00755,7,Suporte,Fresadora-01,Tarde,3398,31.0,46.12,Baixa,Sim,2,5.82,5,13,Atrasado
OP-00756,6,Carcaça,Mandrilhadora-A,Tarde,230,121.0,3.3,Baixa,Sim,4,0.88,4,13,Adiantado
OP-00757,9,Flange,CNC-02,Tarde,1186,95.0,53.62,Baixa,Sim,4,6.78,0,11,No_Prazo
OP-00758,5,Flange,CNC-02,Tarde,1798,64.0,32.42,Média,Sim,1,6.14,3,9,Atrasado
OP-00759,2,Eixo,Mandrilhadora-A,Manhã,2702,58.0,59.84,Média,Sim,1,3.57,4,36,No_Prazo
OP-00760,9,Carcaça,Torno-03,Manhã,4343,52.0,162.3,Alta,Sim,3,3.69,2,19,No_Prazo
OP-00761,3,Engrenagem,Torno-03,Noite,4248,102.0,52.8,Média,Sim,4,5.59,5,37,No_Prazo
OP-00762,7,Eixo,Fresadora-01,Manhã,1406,18.0,67.36,Alta,Sim,1,0.58,0,26,Adiantado
OP-00763,12,Engrenagem,CNC-01,Tarde,588,137.0,6.42,Média,Sim,3,3.4,3,6,No_Prazo
OP-00764,12,Carcaça,Mandrilhadora-A,Manhã,1414,65.0,62.17,Baixa,Sim,2,1.85,3,20,No_Prazo
OP-00765,5,Flange,CNC-02,Tarde,1214,85.0,29.67,Alta,Sim,5,1.86,3,6,Adiantado
OP-00766,10,Carcaça,Fresadora-01,Tarde,4498,102.0,71.98,Média,Sim,3,4.63,1,17,Atrasado
OP-00767,8,Suporte,Torno-03,Manhã,120,50.0,3.01,Urgente,Sim,1,2.34,2,38,Adiantado
OP-00768,6,Flange,Fresadora-01,Tarde,4161,161.0,203.53,Urgente,Sim,3,3.31,0,17,No_Prazo
OP-00769,2,Flange,Fresadora-01,Tarde,3301,128.0,102.86,Baixa,Sim,6,5.88,0,13,Atrasado
OP-00770,5,Eixo,CNC-01,Manhã,573,159.0,7.09,Baixa,Sim,1,5.16,3,9,No_Prazo
OP-00771,8,Flange,CNC-01,Manhã,3441,93.0,164.0,Média,Sim,3,2.98,4,8,Atrasado
OP-00772,12,Suporte,Mandrilhadora-A,Tarde,2921,86.0,45.98,Urgente,Sim,1,0.87,4,12,No_Prazo
OP-00773,1,Carcaça,Torno-03,Tarde,68,54.0,0.83,Baixa,Sim,6,0.7,5,42,Adiantado
OP-00774,9,Flange,CNC-02,Tarde,1155,105.0,13.65,Alta,Sim,3,4.16,0,25,Adiantado
OP-00775,11,Carcaça,CNC-01,Noite,1772,113.0,76.29,Média,Sim,4,3.66,2,36,Adiantado
OP-00776,12,Carcaça,CNC-01,Manhã,1114,84.0,17.96,Média,Sim,6,6.47,0,9,No_Prazo
OP-00777,6,Flange,Mandrilhadora-A,Manhã,2915,39.0,50.02,Baixa,Não,1,1.12,2,29,Atrasado
OP-00778,2,Flange,Mandrilhadora-A,Tarde,3096,60.0,147.88,Alta,Não,3,6.87,4,38,Atrasado
OP-00779,4,Engrenagem,CNC-02,Tarde,889,17.0,30.64,Alta,Sim,1,2.09,3,36,Adiantado
OP-00780,11,Eixo,CNC-02,Noite,663,68.0,14.2,Baixa,Sim,5,3.13,1,34,No_Prazo
OP-00781,11,Carcaça,Torno-03,Manhã,3293,111.0,110.18,Média,Sim,4,6.95,0,35,No_Prazo
OP-00782,8,Engrenagem,CNC-01,Tarde,2375,173.0,46.84,Média,Não,3,6.78,0,45,Atrasado
OP-00783,2,Eixo,Torno-03,Tarde,1362,44.0,40.55,Média,Sim,2,4.36,2,19,No_Prazo
OP-00784,2,Suporte,Fresadora-01,Manhã,1316,24.0,30.77,Alta,Sim,2,1.11,5,16,Adiantado
OP-00785,6,Eixo,Mandrilhadora-A,Tarde,244,64.0,8.52,Média,Não,6,4.93,2,7,Atrasado
OP-00786,8,Carcaça,CNC-02,Tarde,4276,41.0,172.55,Urgente,Sim,1,6.21,1,10,Atrasado
OP-00787,1,Suporte,CNC-01,Manhã,4216,130.0,100.93,Baixa,Não,1,2.47,1,20,Atrasado
OP-00788,9,Engrenagem,CNC-01,Manhã,2794,16.0,44.02,Alta,Sim,3,1.87,4,6,Atrasado
OP-00789,7,Eixo,CNC-02,Manhã,1779,177.0,43.1,Urgente,Não,3,4.23,1,35,Atrasado
OP-00790,1,Suporte,Fresadora-01,Noite,1114,156.0,44.92,Alta,Sim,6,6.12,4,18,Adiantado
OP-00791,2,Carcaça,CNC-01,Manhã,1571,96.0,65.17,Urgente,Sim,2,4.29,0,16,Adiantado
OP-00792,6,Carcaça,Fresadora-01,Manhã,4636,167.0,192.03,Média,Sim,2,2.3,1,42,No_Prazo
OP-00793,9,Carcaça,Torno-03,Manhã,489,119.0,23.95,Alta,Não,2,7.02,1,5,Atrasado
OP-00794,10,Engrenagem,Fresadora-01,Manhã,4123,179.0,177.25,Baixa,Sim,3,7.04,2,28,Atrasado
OP-00795,6,Suporte,Torno-03,Manhã,1557,61.0,75.89,Média,Não,2,5.44,2,28,Atrasado
OP-00796,4,Engrenagem,CNC-01,Tarde,1363,179.0,47.8,Média,Não,5,1.06,3,44,No_Prazo
OP-00797,12,Engrenagem,CNC-01,Manhã,4058,45.0,77.81,Alta,Sim,5,2.24,1,20,Adiantado
OP-00798,6,Suporte,Torno-03,Manhã,4807,73.0,165.01,Urgente,Não,5,5.14,1,42,Atrasado
OP-00799,4,Flange,Torno-03,Manhã,4958,169.0,88.81,Média,Sim,5,6.36,3,32,No_Prazo
OP-00800,6,Suporte,Mandrilhadora-A,Tarde,1375,76.0,18.44,Alta,Não,4,4.06,1,19,Atrasado
OP-00801,1,Carcaça,Mandrilhadora-A,Manhã,2975,50.0,65.61,Alta,Não,5,2.78,5,25,Atrasado
OP-00802,4,Engrenagem,CNC-01,Tarde,1498,25.0,36.72,Alta,Sim,3,7.13,5,21,No_Prazo
OP-00803,7,Flange,CNC-02,Tarde,1007,40.0,38.62,Baixa,Sim,6,3.36,1,28,Adiantado
OP-00804,12,Carcaça,CNC-02,Tarde,1960,74.0,48.07,Média,Sim,6,7.37,1,15,No_Prazo
OP-00805,9,Flange,CNC-01,Manhã,359,85.0,3.64,Média,Sim,1,4.49,5,17,No_Prazo
OP-00806,10,Flange,CNC-01,Noite,865,105.0,40.38,Alta,Sim,3,5.11,4,34,Adiantado
OP-00807,7,Flange,CNC-01,Tarde,2997,149.0,100.63,Média,Sim,5,1.44,2,45,Adiantado
OP-00808,2,Carcaça,Torno-03,Manhã,3450,17.0,63.58,Alta,Sim,2,2.51,3,27,Adiantado
OP-00809,5,Engrenagem,CNC-01,Tarde,1388,154.0,27.89,Urgente,Sim,4,7.81,1,17,No_Prazo
OP-00810,12,Carcaça,CNC-01,Noite,2808,110.0,42.02,Média,Não,6,5.89,3,5,Atrasado
OP-00811,1,Carcaça,CNC-01,Manhã,3834,140.0,177.37,Alta,Sim,6,4.08,5,43,Adiantado
OP-00812,11,Carcaça,Fresadora-01,Manhã,4477,140.0,86.0,Média,Sim,6,4.41,2,42,No_Prazo
OP-00813,9,Flange,Fresadora-01,Tarde,2863,164.0,136.35,Alta,Não,4,1.16,2,11,Atrasado
OP-00814,4,Flange,Mandrilhadora-A,Manhã,1242,30.0,25.55,Média,Sim,6,6.37,3,36,Adiantado
OP-00815,10,Eixo,CNC-01,Noite,3577,109.0,150.13,Urgente,Sim,4,1.04,4,32,Adiantado
OP-00816,11,Eixo,CNC-02,Manhã,892,165.0,9.29,Alta,Sim,4,3.4,3,43,Adiantado
OP-00817,1,Carcaça,Torno-03,Manhã,738,134.0,21.65,Alta,Não,2,3.58,2,24,Atrasado
OP-00818,2,Flange,Fresadora-01,Manhã,1825,31.0,45.2,Média,Não,6,5.02,2,13,Atrasado
OP-00819,8,Suporte,CNC-01,Manhã,1677,116.0,39.21,Média,Sim,2,3.62,0,17,No_Prazo
OP-00820,12,Engrenagem,CNC-02,Noite,773,147.0,38.41,Alta,Sim,2,7.71,4,35,No_Prazo
OP-00821,1,Suporte,Torno-03,Noite,309,60.0,12.0,Urgente,Sim,5,6.48,2,11,Adiantado
OP-00822,8,Suporte,CNC-01,Noite,4733,119.0,95.75,Urgente,Sim,6,7.69,5,30,Atrasado
OP-00823,2,Carcaça,CNC-02,Tarde,3402,154.0,136.41,Alta,Sim,6,4.39,2,38,Adiantado
OP-00824,8,Engrenagem,Fresadora-01,Tarde,3601,101.0,54.67,Alta,Sim,5,2.77,1,8,No_Prazo
OP-00825,8,Flange,Torno-03,Manhã,378,47.0,17.78,Baixa,Sim,6,7.86,5,25,Adiantado
OP-00826,2,Flange,Torno-03,Manhã,3991,106.0,107.98,Alta,Não,3,1.11,0,14,Atrasado
OP-00827,9,Flange,Torno-03,Noite,1854,112.0,32.68,Média,Sim,1,7.45,4,24,Atrasado
OP-00828,11,Engrenagem,Mandrilhadora-A,Tarde,3752,81.0,78.46,Alta,Sim,2,1.22,4,11,Atrasado
OP-00829,11,Flange,Torno-03,Tarde,2477,127.0,40.14,Baixa,Não,1,6.55,1,16,Atrasado
OP-00830,1,Eixo,Torno-03,Tarde,1251,86.0,59.08,Urgente,Sim,5,6.35,1,9,Adiantado
OP-00831,3,Suporte,Mandrilhadora-A,Noite,1348,160.0,29.97,Média,Sim,3,5.45,1,20,No_Prazo
OP-00832,3,Eixo,CNC-01,Manhã,746,146.0,11.72,Baixa,Sim,3,6.37,5,30,No_Prazo
OP-00833,6,Flange,CNC-01,Tarde,4156,148.0,176.7,Alta,Não,6,1.16,2,16,Atrasado
OP-00834,2,Suporte,Torno-03,Tarde,2175,102.0,40.3,Alta,Sim,6,3.3,0,40,Adiantado
OP-00835,11,Engrenagem,CNC-02,Noite,3911,47.0,53.84,Alta,Não,1,3.02,2,29,Atrasado
OP-00836,10,Suporte,CNC-02,Manhã,4153,135.0,152.56,Alta,Sim,6,7.86,0,45,Adiantado
OP-00837,10,Suporte,CNC-01,Manhã,876,26.0,9.02,Média,Sim,4,4.04,3,32,Adiantado
OP-00838,3,Engrenagem,Mandrilhadora-A,Tarde,1686,100.0,73.0,Baixa,Sim,5,0.87,1,12,No_Prazo
OP-00839,1,Engrenagem,Fresadora-01,Noite,664,24.0,21.59,Alta,Não,6,2.44,1,27,No_Prazo
OP-00840,11,Carcaça,Fresadora-01,Noite,97,102.0,1.93,Urgente,Sim,3,6.83,0,31,Adiantado
OP-00841,4,Eixo,CNC-01,Tarde,4933,128.0,142.78,Alta,Sim,5,7.19,0,23,No_Prazo
OP-00842,8,Carcaça,CNC-02,Manhã,3317,84.0,67.99,Baixa,Sim,5,7.46,4,6,Atrasado
OP-00843,11,Flange,Fresadora-01,Manhã,2285,84.0,71.55,Alta,Sim,4,1.58,5,10,No_Prazo
OP-00844,1,Eixo,Torno-03,Tarde,1040,35.0,34.18,Média,Sim,5,5.66,2,13,Adiantado
OP-00845,1,Eixo,Fresadora-01,Manhã,2975,65.0,121.58,Urgente,Sim,5,3.52,0,20,Adiantado
OP-00846,1,Suporte,Fresadora-01,Tarde,2737,88.0,78.4,Baixa,Sim,3,6.02,5,39,No_Prazo
OP-00847,2,Engrenagem,Torno-03,Noite,1153,157.0,47.81,Baixa,Sim,6,6.68,2,4,Atrasado
OP-00848,1,Flange,Fresadora-01,Manhã,123,163.0,1.57,Baixa,Sim,1,2.46,2,43,Adiantado
OP-00849,10,Eixo,CNC-02,Manhã,2371,172.0,111.09,Alta,Não,2,4.25,4,25,Atrasado
OP-00850,8,Engrenagem,CNC-01,Manhã,2568,32.0,44.74,Alta,Sim,5,2.95,4,44,Adiantado
OP-00851,12,Eixo,Mandrilhadora-A,Manhã,4001,64.0,173.9,Alta,Sim,3,3.92,4,32,No_Prazo
OP-00852,10,Flange,CNC-01,Tarde,1998,91.0,59.51,Média,Sim,2,2.68,4,22,No_Prazo
OP-00853,12,Suporte,CNC-02,Manhã,530,121.0,7.52,Alta,Sim,4,3.05,0,8,Adiantado
OP-00854,3,Engrenagem,CNC-01,Manhã,4408,131.0,107.52,Média,Sim,1,2.54,1,34,Atrasado
OP-00855,4,Carcaça,CNC-02,Manhã,2097,145.0,98.0,Baixa,Sim,1,2.74,4,29,No_Prazo
OP-00856,11,Carcaça,CNC-02,Manhã,3622,97.0,157.15,Alta,Sim,1,4.83,5,18,Atrasado
OP-00857,3,Suporte,CNC-01,Tarde,263,107.0,10.23,Média,Sim,6,5.0,3,38,Adiantado
OP-00858,1,Carcaça,Torno-03,Tarde,228,173.0,5.74,Média,Sim,2,7.41,2,33,Adiantado
OP-00859,9,Flange,Mandrilhadora-A,Tarde,165,55.0,5.54,Média,Sim,6,3.43,5,15,Adiantado
OP-00860,10,Carcaça,CNC-01,Tarde,3958,148.0,76.33,Alta,Sim,4,5.43,3,9,Atrasado
OP-00861,12,Suporte,Mandrilhadora-A,Manhã,1241,132.0,44.57,Baixa,Sim,2,7.74,0,31,No_Prazo
OP-00862,12,Flange,Torno-03,Tarde,3966,38.0,81.06,Média,Sim,1,4.0,2,8,Atrasado
OP-00863,2,Engrenagem,Torno-03,Manhã,4727,168.0,204.02,Média,Sim,1,6.34,5,25,Atrasado
OP-00864,10,Flange,Torno-03,Noite,3333,156.0,127.25,Alta,Sim,4,7.77,2,45,Adiantado
OP-00865,11,Carcaça,CNC-02,Manhã,4929,144.0,125.41,Média,Não,4,6.42,3,34,Atrasado
OP-00866,9,Carcaça,CNC-01,Tarde,4650,36.0,169.16,Média,Sim,6,1.1,0,16,No_Prazo
OP-00867,10,Flange,Torno-03,Manhã,3627,38.0,83.44,Média,Sim,2,1.95,3,44,Adiantado
OP-00868,11,Eixo,Mandrilhadora-A,Noite,4026,128.0,65.33,Média,Sim,4,2.71,1,41,Adiantado
OP-00869,6,Suporte,Torno-03,Manhã,3037,33.0,58.94,Média,Sim,1,5.65,0,24,No_Prazo
OP-00870,1,Engrenagem,Torno-03,Noite,1133,34.0,23.64,Alta,Não,4,5.54,5,3,Atrasado
OP-00871,6,Engrenagem,Fresadora-01,Manhã,559,81.0,10.66,Média,Sim,2,1.53,2,41,Adiantado
OP-00872,3,Flange,CNC-02,Noite,1938,16.0,71.97,Média,Sim,2,3.87,4,38,No_Prazo
OP-00873,2,Carcaça,CNC-01,Tarde,2402,134.0,95.09,Média,Sim,3,3.66,4,44,No_Prazo
OP-00874,2,Eixo,Torno-03,Manhã,1782,104.0,50.4,Média,Sim,3,5.67,5,43,Adiantado
OP-00875,9,Flange,Mandrilhadora-A,Manhã,554,28.0,27.43,Alta,Sim,1,2.46,2,24,Adiantado
OP-00876,7,Eixo,CNC-02,Manhã,2549,105.0,116.34,Alta,Sim,4,2.28,4,3,No_Prazo
OP-00877,7,Flange,Mandrilhadora-A,Noite,2518,24.0,33.95,Alta,Sim,3,4.98,5,19,No_Prazo
OP-00878,9,Engrenagem,Mandrilhadora-A,Noite,4770,27.0,135.55,Média,Sim,6,1.12,3,19,No_Prazo
OP-00879,7,Flange,CNC-02,Manhã,4773,95.0,221.18,Média,Sim,4,5.52,3,15,Atrasado
OP-00880,8,Flange,Torno-03,Manhã,3097,97.0,58.26,Média,Sim,6,3.8,5,37,Adiantado
OP-00881,2,Eixo,Fresadora-01,Manhã,4259,71.0,107.05,Média,Sim,1,4.52,2,37,No_Prazo
OP-00882,11,Eixo,Torno-03,Manhã,1599,118.0,76.56,Alta,Não,3,6.51,3,3,Atrasado
OP-00883,6,Suporte,Fresadora-01,Tarde,4848,79.0,198.97,Baixa,Sim,6,1.86,4,42,No_Prazo
OP-00884,2,Engrenagem,Mandrilhadora-A,Manhã,4710,112.0,203.91,Média,Sim,2,2.07,5,16,Atrasado
OP-00885,10,Engrenagem,Fresadora-01,Manhã,670,73.0,30.27,Alta,Não,2,7.26,4,10,Atrasado
OP-00886,9,Engrenagem,Mandrilhadora-A,Noite,3516,133.0,59.23,Média,Não,5,6.06,2,14,Atrasado
OP-00887,1,Carcaça,Mandrilhadora-A,Tarde,2315,111.0,87.9,Urgente,Não,1,2.47,4,5,Atrasado
OP-00888,3,Eixo,Mandrilhadora-A,Noite,1367,41.0,57.57,Baixa,Sim,6,5.91,3,8,No_Prazo
OP-00889,1,Engrenagem,Mandrilhadora-A,Manhã,2089,128.0,39.81,Alta,Sim,6,3.93,2,15,Adiantado
OP-00890,4,Carcaça,CNC-02,Noite,4537,144.0,53.24,Alta,Sim,6,5.13,2,6,Atrasado
OP-00891,2,Engrenagem,CNC-01,Tarde,4625,26.0,79.25,Alta,Sim,5,6.4,4,10,Atrasado
OP-00892,9,Eixo,CNC-01,Tarde,1753,116.0,69.52,Média,Sim,6,0.84,0,13,Adiantado
OP-00893,7,Engrenagem,CNC-02,Manhã,2335,145.0,88.2,Média,Sim,6,5.08,5,35,No_Prazo
OP-00894,12,Suporte,Fresadora-01,Noite,2605,34.0,118.97,Baixa,Sim,2,3.04,1,11,No_Prazo
OP-00895,9,Suporte,Torno-03,Tarde,3680,164.0,83.46,Alta,Sim,1,4.37,4,42,No_Prazo
OP-00896,8,Suporte,Torno-03,Noite,2422,83.0,84.45,Baixa,Sim,6,3.23,5,44,Adiantado
OP-00897,7,Eixo,CNC-01,Tarde,2009,137.0,22.24,Média,Sim,3,7.56,1,17,No_Prazo
OP-00898,1,Eixo,Fresadora-01,Noite,4621,163.0,219.05,Média,Sim,1,4.98,3,3,Atrasado
OP-00899,1,Carcaça,CNC-02,Tarde,1894,178.0,60.95,Alta,Não,3,6.85,3,15,Atrasado
OP-00900,8,Carcaça,Fresadora-01,Noite,1365,111.0,54.51,Média,Não,1,2.43,0,8,Atrasado
OP-00901,1,Engrenagem,CNC-01,Manhã,1668,131.0,35.62,Média,Sim,4,3.23,3,4,No_Prazo
OP-00902,1,Suporte,CNC-02,Manhã,1699,57.0,22.56,Alta,Sim,5,6.4,5,37,Adiantado
OP-00903,3,Carcaça,CNC-01,Tarde,2797,63.0,35.0,Alta,Não,1,2.26,5,7,Atrasado
OP-00904,11,Flange,CNC-02,Tarde,3317,155.0,141.26,Alta,Sim,1,8.0,5,35,Atrasado
OP-00905,6,Suporte,Mandrilhadora-A,Tarde,714,81.0,11.48,Média,Sim,6,5.45,2,31,Adiantado
OP-00906,9,Engrenagem,Torno-03,Tarde,4438,151.0,190.66,Baixa,Sim,3,7.23,4,23,Atrasado
OP-00907,5,Engrenagem,Torno-03,Tarde,1304,23.0,26.88,Baixa,Sim,1,1.28,1,16,No_Prazo
OP-00908,3,Engrenagem,CNC-02,Noite,618,51.0,19.56,Média,Sim,1,3.6,1,19,No_Prazo
OP-00909,5,Engrenagem,CNC-02,Manhã,3358,43.0,68.76,Média,Sim,3,3.02,5,16,No_Prazo
OP-00910,2,Carcaça,Fresadora-01,Noite,1088,102.0,13.06,Média,Sim,1,7.78,1,17,No_Prazo
OP-00911,10,Suporte,Mandrilhadora-A,Manhã,3762,28.0,119.22,Média,Sim,1,1.59,4,14,Atrasado
OP-00912,3,Suporte,Fresadora-01,Tarde,4742,72.0,117.06,Média,Sim,2,6.11,5,44,No_Prazo
OP-00913,5,Eixo,Fresadora-01,Noite,3478,178.0,95.31,Alta,Sim,5,5.23,3,42,No_Prazo
OP-00914,12,Carcaça,Torno-03,Manhã,3897,146.0,132.74,Baixa,Sim,4,6.89,0,40,No_Prazo
OP-00915,8,Engrenagem,CNC-01,Manhã,2499,140.0,56.34,Urgente,Não,5,7.83,5,39,Atrasado
OP-00916,6,Carcaça,Fresadora-01,Manhã,1763,37.0,57.39,Alta,Sim,2,6.54,1,14,No_Prazo
OP-00917,7,Engrenagem,Mandrilhadora-A,Tarde,3085,75.0,112.02,Média,Sim,1,2.39,5,40,No_Prazo
OP-00918,10,Engrenagem,Torno-03,Tarde,1820,127.0,24.72,Média,Sim,4,6.76,0,22,Adiantado
OP-00919,4,Engrenagem,CNC-01,Manhã,4387,19.0,105.3,Urgente,Sim,6,4.45,2,10,No_Prazo
OP-00920,8,Suporte,Fresadora-01,Noite,2374,87.0,32.28,Urgente,Sim,4,5.4,4,35,No_Prazo
OP-00921,11,Eixo,Mandrilhadora-A,Manhã,2519,168.0,25.89,Média,Sim,2,2.6,0,44,No_Prazo
OP-00922,7,Flange,CNC-02,Tarde,3385,29.0,40.79,Baixa,Não,1,6.62,2,38,Atrasado
OP-00923,6,Flange,CNC-01,Tarde,987,165.0,33.25,Urgente,Sim,1,3.83,5,3,No_Prazo
OP-00924,2,Suporte,Fresadora-01,Manhã,2827,47.0,37.8,Alta,Não,6,6.56,5,8,Atrasado
OP-00925,3,Eixo,CNC-02,Manhã,3781,46.0,169.16,Alta,Sim,2,3.7,3,8,Atrasado
OP-00926,12,Engrenagem,Fresadora-01,Noite,3891,47.0,157.11,Média,Sim,1,5.12,4,44,No_Prazo
OP-00927,7,Eixo,Fresadora-01,Tarde,1163,169.0,12.04,Alta,Sim,3,1.27,4,25,No_Prazo
OP-00928,4,Eixo,CNC-02,Manhã,318,115.0,10.47,Média,Sim,6,1.19,5,38,Adiantado
OP-00929,6,Suporte,CNC-01,Noite,1011,139.0,10.52,Média,Sim,3,7.65,2,8,Atrasado
OP-00930,7,Suporte,Torno-03,Tarde,4104,75.0,58.97,Alta,Não,6,5.95,1,24,Atrasado
OP-00931,7,Engrenagem,Torno-03,Manhã,1363,159.0,67.51,Média,Não,4,1.8,5,19,Atrasado
OP-00932,9,Suporte,Mandrilhadora-A,Tarde,337,111.0,9.53,Média,Sim,6,4.98,2,24,Adiantado
OP-00933,4,Engrenagem,CNC-02,Tarde,3006,114.0,33.33,Alta,Não,2,6.36,3,31,Atrasado
OP-00934,8,Suporte,CNC-02,Manhã,4410,139.0,194.1,Alta,Não,4,4.99,3,24,Atrasado
OP-00935,6,Eixo,Mandrilhadora-A,Noite,1161,143.0,54.21,Urgente,Não,3,3.86,4,6,Atrasado
OP-00936,12,Eixo,Fresadora-01,Manhã,264,128.0,8.43,Média,Sim,5,6.76,5,38,Adiantado
OP-00937,2,Flange,Fresadora-01,Manhã,743,35.0,28.41,Média,Sim,1,0.88,2,42,Adiantado
OP-00938,2,Eixo,Mandrilhadora-A,Manhã,682,158.0,28.1,Média,Não,2,5.25,2,26,Atrasado
OP-00939,6,Suporte,Fresadora-01,Noite,1062,58.0,41.83,Média,Sim,2,4.05,5,10,No_Prazo
OP-00940,7,Carcaça,Mandrilhadora-A,Tarde,941,179.0,28.02,Baixa,Sim,6,5.36,1,37,Adiantado
OP-00941,9,Carcaça,Fresadora-01,Noite,3203,79.0,138.71,Média,Sim,6,2.68,3,28,Adiantado
OP-00942,5,Flange,Torno-03,Manhã,1154,35.0,35.88,Média,Sim,1,1.72,3,40,Adiantado
OP-00943,11,Flange,CNC-01,Noite,2764,67.0,56.33,Média,Sim,3,7.81,2,29,No_Prazo
OP-00944,6,Flange,Fresadora-01,Tarde,2038,110.0,20.71,Baixa,Sim,4,6.98,3,33,No_Prazo
OP-00945,2,Suporte,Fresadora-01,Manhã,3289,80.0,80.07,Média,Sim,6,7.32,4,36,Adiantado
OP-00946,2,Flange,Mandrilhadora-A,Manhã,3294,152.0,43.82,Baixa,Sim,3,6.27,1,5,Atrasado
OP-00947,12,Flange,Fresadora-01,Noite,2984,128.0,37.39,Alta,Sim,5,0.99,1,13,No_Prazo
OP-00948,2,Flange,Torno-03,Manhã,4468,50.0,128.54,Média,Sim,5,5.21,2,22,No_Prazo
OP-00949,12,Eixo,Torno-03,Tarde,1021,104.0,48.75,Urgente,Sim,4,3.36,5,33,Adiantado
OP-00950,4,Flange,CNC-01,Tarde,2646,145.0,37.63,Média,Sim,5,3.01,2,13,No_Prazo
OP-00951,2,Suporte,CNC-01,Manhã,2001,162.0,41.92,Alta,Sim,1,2.37,2,22,No_Prazo
OP-00952,4,Flange,CNC-01,Noite,2685,80.0,116.0,Alta,Não,2,1.85,2,4,Atrasado
OP-00953,8,Carcaça,Mandrilhadora-A,Noite,742,168.0,19.35,Alta,Sim,6,1.55,4,30,Adiantado
OP-00954,6,Carcaça,Fresadora-01,Tarde,1630,21.0,65.77,Alta,Sim,1,1.41,0,30,Adiantado
OP-00955,10,Flange,CNC-02,Tarde,4708,127.0,149.21,Média,Sim,4,5.84,3,26,No_Prazo
OP-00956,8,Carcaça,Torno-03,Tarde,4013,144.0,137.07,Média,Sim,5,7.48,3,25,Atrasado
OP-00957,5,Engrenagem,Torno-03,Tarde,2158,85.0,35.49,Alta,Sim,4,3.35,1,45,Adiantado
OP-00958,8,Carcaça,CNC-02,Manhã,596,17.0,14.36,Média,Sim,6,1.3,1,5,Adiantado
OP-00959,12,Eixo,Torno-03,Tarde,3260,128.0,113.68,Alta,Sim,6,2.16,4,33,Adiantado
OP-00960,5,Flange,CNC-02,Manhã,1540,72.0,17.05,Alta,Sim,1,6.1,0,29,Adiantado
OP-00961,2,Eixo,Fresadora-01,Tarde,1680,40.0,29.46,Baixa,Sim,4,3.11,1,22,Adiantado
OP-00962,5,Flange,Fresadora-01,Tarde,530,41.0,13.49,Baixa,Sim,5,5.47,2,11,No_Prazo
OP-00963,11,Eixo,CNC-01,Manhã,1480,142.0,54.74,Alta,Sim,5,2.04,0,43,Adiantado
OP-00964,3,Suporte,Torno-03,Noite,1110,46.0,33.73,Alta,Sim,4,6.18,0,43,Adiantado
OP-00965,12,Engrenagem,Mandrilhadora-A,Manhã,218,95.0,8.45,Alta,Sim,3,5.41,3,17,Adiantado
OP-00966,8,Carcaça,Mandrilhadora-A,Manhã,2953,175.0,115.39,Alta,Sim,2,2.17,3,32,No_Prazo
OP-00967,8,Carcaça,Fresadora-01,Manhã,4848,140.0,54.5,Média,Sim,3,7.49,5,7,Atrasado
OP-00968,4,Flange,Fresadora-01,Tarde,673,105.0,31.0,Baixa,Sim,1,4.42,3,3,Atrasado
OP-00969,12,Flange,CNC-01,Manhã,309,102.0,13.28,Média,Sim,6,2.15,0,44,Adiantado
OP-00970,1,Suporte,Mandrilhadora-A,Tarde,548,43.0,11.42,Média,Sim,5,4.75,3,40,Adiantado
OP-00971,4,Engrenagem,Fresadora-01,Tarde,2752,89.0,80.86,Alta,Sim,2,3.61,0,3,No_Prazo
OP-00972,6,Suporte,Mandrilhadora-A,Manhã,4138,39.0,92.38,Alta,Sim,1,7.38,0,5,Atrasado
OP-00973,6,Eixo,Mandrilhadora-A,Noite,1582,29.0,73.19,Alta,Sim,4,2.82,1,9,No_Prazo
OP-00974,6,Suporte,CNC-02,Manhã,635,33.0,16.07,Média,Não,6,7.15,0,3,Atrasado
OP-00975,2,Eixo,CNC-01,Tarde,524,115.0,13.54,Média,Sim,6,6.07,5,19,Adiantado
OP-00976,3,Suporte,Fresadora-01,Manhã,3059,47.0,142.17,Média,Sim,2,5.6,3,19,Atrasado
OP-00977,2,Suporte,Torno-03,Tarde,1815,40.0,61.76,Média,Sim,3,1.88,3,31,Adiantado
OP-00978,7,Eixo,CNC-01,Noite,1792,158.0,27.8,Baixa,Sim,4,1.15,0,9,No_Prazo
OP-00979,5,Suporte,CNC-02,Manhã,1231,35.0,43.14,Média,Sim,4,6.98,0,40,Adiantado
OP-00980,7,Flange,Mandrilhadora-A,Manhã,4487,131.0,187.46,Média,Sim,2,4.78,0,38,No_Prazo
OP-00981,8,Eixo,CNC-02,Manhã,1905,84.0,44.79,Baixa,Sim,5,7.74,3,33,Adiantado
OP-00982,9,Flange,CNC-02,Manhã,3552,111.0,110.4,Alta,Sim,5,4.37,4,43,Adiantado
OP-00983,7,Carcaça,Fresadora-01,Noite,3724,19.0,130.61,Alta,Sim,5,4.94,3,11,No_Prazo
OP-00984,8,Engrenagem,Fresadora-01,Tarde,344,15.0,10.46,Baixa,Sim,1,7.98,1,36,Adiantado
OP-00985,8,Carcaça,CNC-02,Tarde,1279,150.0,63.91,Alta,Sim,5,5.87,1,21,No_Prazo
OP-00986,8,Carcaça,Mandrilhadora-A,Noite,4482,93.0,135.68,Baixa,Sim,3,3.2,2,18,Atrasado
OP-00987,8,Flange,Torno-03,Noite,4419,27.0,157.91,Média,Sim,5,6.71,2,32,No_Prazo
OP-00988,4,Suporte,CNC-01,Noite,2098,72.0,87.58,Alta,Não,4,2.72,0,15,Atrasado
OP-00989,3,Eixo,CNC-02,Manhã,823,99.0,12.73,Média,Não,4,4.44,2,3,Atrasado
OP-00990,10,Engrenagem,Mandrilhadora-A,Manhã,1526,37.0,17.94,Alta,Não,4,2.28,1,17,Atrasado
OP-00991,5,Flange,CNC-01,Manhã,4748,105.0,232.27,Média,Sim,2,7.96,1,36,No_Prazo
OP-00992,7,Carcaça,CNC-01,Manhã,3380,102.0,132.8,Média,Sim,4,7.51,5,6,Atrasado
OP-00993,3,Eixo,Fresadora-01,Manhã,423,114.0,10.88,Média,Sim,6,7.05,0,39,Adiantado
OP-00994,6,Suporte,Torno-03,Manhã,3603,149.0,38.58,Média,Sim,1,3.51,4,41,No_Prazo
OP-00995,7,Suporte,CNC-02,Manhã,777,83.0,12.94,Baixa,Sim,2,5.96,0,23,No_Prazo
OP-00996,8,Suporte,Torno-03,Tarde,1551,162.0,16.11,Média,Sim,1,2.46,1,13,No_Prazo
OP-00997,7,Eixo,CNC-01,Manhã,2434,93.0,62.94,Média,Não,3,3.42,5,37,Atrasado
OP-00998,5,Eixo,CNC-02,Manhã,1790,90.0,57.63,Média,Sim,2,6.53,1,13,No_Prazo
OP-00999,12,Flange,CNC-02,Manhã,3506,123.0,57.58,Média,Sim,4,0.92,0,11,No_Prazo
OP-01000,7,Carcaça,Torno-03,Tarde,823,117.0,29.29,Alta,Sim,1,0.87,2,33,Adiantado
OP-01001,10,Carcaça,Fresadora-01,Tarde,4391,17.0,211.51,Alta,Sim,1,5.46,1,16,No_Prazo
OP-01002,9,Flange,Mandrilhadora-A,Tarde,2987,177.0,148.21,Alta,Não,2,6.31,3,29,Atrasado
OP-01003,7,Carcaça,CNC-01,Manhã,1562,171.0,67.68,Alta,Não,4,3.38,3,12,Atrasado
OP-01004,11,Flange,CNC-02,Manhã,4786,61.0,132.84,Média,Sim,1,5.56,3,44,No_Prazo
OP-01005,2,Eixo,CNC-02,Manhã,2418,107.0,77.13,Alta,Sim,4,7.27,0,12,No_Prazo
OP-01006,12,Engrenagem,Torno-03,Manhã,2112,142.0,63.64,Alta,Sim,4,1.25,1,45,Adiantado
OP-01007,11,Suporte,Torno-03,Manhã,154,167.0,2.5,Alta,Sim,2,6.73,0,35,Adiantado
OP-01008,7,Suporte,Mandrilhadora-A,Noite,4981,112.0,220.04,Alta,Sim,1,4.86,5,20,Atrasado
OP-01009,9,Carcaça,Mandrilhadora-A,Manhã,4239,18.0,156.98,Urgente,Sim,5,3.67,0,32,No_Prazo
OP-01010,7,Suporte,Fresadora-01,Manhã,923,127.0,32.78,Média,Sim,3,0.89,5,42,Adiantado
OP-01011,4,Engrenagem,CNC-01,Tarde,4741,30.0,89.19,Urgente,Sim,4,3.38,5,29,No_Prazo
OP-01012,10,Flange,CNC-01,Tarde,3990,126.0,64.34,Média,Sim,5,6.45,3,44,No_Prazo
OP-01013,3,Suporte,Mandrilhadora-A,Manhã,2133,112.0,95.82,Baixa,Sim,1,4.56,4,42,No_Prazo
OP-01014,4,Flange,Mandrilhadora-A,Manhã,4644,121.0,79.77,Baixa,Sim,5,1.82,5,39,No_Prazo
OP-01015,7,Flange,CNC-02,Noite,2817,46.0,36.48,Média,Sim,1,2.24,5,42,No_Prazo
OP-01016,11,Carcaça,CNC-01,Manhã,3455,96.0,121.01,Baixa,Não,4,6.86,1,43,Atrasado
OP-01017,5,Suporte,Fresadora-01,Tarde,956,117.0,36.49,Baixa,Sim,1,3.75,4,4,No_Prazo
OP-01018,6,Suporte,Torno-03,Noite,591,65.0,8.74,Média,Não,1,1.22,1,28,Atrasado
OP-01019,1,Flange,Mandrilhadora-A,Manhã,2662,45.0,48.65,Alta,Sim,3,7.8,0,31,No_Prazo
OP-01020,2,Eixo,Torno-03,Tarde,1666,52.0,69.22,Baixa,Sim,4,2.4,1,7,No_Prazo
OP-01021,1,Flange,Fresadora-01,Manhã,4909,157.0,231.62,Média,Sim,2,6.47,5,31,Atrasado
OP-01022,1,Carcaça,Fresadora-01,Manhã,474,92.0,13.77,Alta,Sim,2,0.6,0,39,Adiantado
OP-01023,11,Suporte,CNC-01,Manhã,3825,124.0,159.43,Alta,Sim,2,2.42,3,34,Adiantado
OP-01024,11,Suporte,CNC-01,Noite,3028,100.0,68.97,Alta,Sim,4,3.03,0,16,No_Prazo
OP-01025,10,Engrenagem,Fresadora-01,Manhã,4400,153.0,167.77,Média,Sim,3,6.95,2,24,Atrasado
OP-01026,1,Carcaça,CNC-01,Manhã,4990,99.0,161.12,Urgente,Sim,6,6.11,5,42,No_Prazo
OP-01027,1,Eixo,CNC-02,Noite,4359,30.0,190.61,Alta,Sim,3,2.81,5,14,Atrasado
OP-01028,4,Carcaça,Fresadora-01,Manhã,1905,48.0,78.17,Média,Não,4,6.41,5,25,Atrasado
OP-01029,7,Flange,CNC-02,Noite,3493,17.0,74.63,Baixa,Sim,6,6.58,5,39,No_Prazo
OP-01030,5,Carcaça,CNC-01,Tarde,856,152.0,13.68,Média,Não,6,4.34,3,24,Atrasado
OP-01031,6,Carcaça,CNC-01,Tarde,2455,124.0,103.86,Alta,Sim,3,4.31,0,7,No_Prazo
OP-01032,3,Suporte,Torno-03,Noite,1379,140.0,15.6,Alta,Não,2,4.32,3,38,Atrasado
OP-01033,9,Carcaça,Fresadora-01,Tarde,1288,133.0,47.86,Alta,Sim,3,1.76,2,17,No_Prazo
OP-01034,4,Suporte,Fresadora-01,Manhã,2875,151.0,83.48,Urgente,Sim,2,6.6,1,19,No_Prazo
OP-01035,1,Carcaça,Mandrilhadora-A,Noite,678,178.0,8.82,Alta,Sim,3,5.86,4,39,Adiantado
OP-01036,9,Engrenagem,Fresadora-01,Noite,2866,123.0,107.6,Baixa,Sim,1,6.87,0,7,Atrasado
OP-01037,11,Engrenagem,Fresadora-01,Noite,2034,57.0,59.63,Baixa,Sim,3,6.62,0,35,Adiantado
OP-01038,1,Flange,CNC-02,Tarde,1187,32.0,52.71,Baixa,Sim,1,6.39,2,36,Adiantado
OP-01039,6,Carcaça,CNC-02,Tarde,2832,112.0,51.95,Média,Sim,6,6.35,1,41,Adiantado
OP-01040,10,Suporte,CNC-02,Tarde,3765,142.0,38.0,Baixa,Não,1,7.58,4,15,Atrasado
OP-01041,9,Flange,CNC-01,Manhã,3069,108.0,46.71,Média,Sim,6,5.04,4,4,No_Prazo
OP-01042,11,Flange,Mandrilhadora-A,Tarde,485,65.0,10.08,Alta,Sim,6,6.71,4,39,Adiantado
OP-01043,5,Suporte,CNC-02,Tarde,2832,134.0,102.21,Baixa,Sim,6,6.51,0,9,No_Prazo
OP-01044,5,Carcaça,Torno-03,Tarde,3134,89.0,76.8,Alta,Sim,3,2.53,3,42,Adiantado
OP-01045,9,Carcaça,CNC-02,Manhã,3433,62.0,50.57,Urgente,Sim,5,4.74,5,33,Adiantado
OP-01046,2,Engrenagem,CNC-01,Tarde,2157,154.0,106.26,Baixa,Sim,6,5.97,5,19,No_Prazo
OP-01047,3,Flange,Mandrilhadora-A,Tarde,519,110.0,7.44,Baixa,Sim,6,1.28,0,18,Adiantado
OP-01048,8,Eixo,CNC-02,Tarde,679,62.0,16.44,Média,Sim,6,4.48,1,31,Adiantado
OP-01049,9,Suporte,CNC-01,Noite,1692,69.0,76.25,Alta,Sim,3,0.52,1,39,Adiantado
OP-01050,2,Flange,CNC-02,Tarde,3190,109.0,115.17,Alta,Sim,5,2.3,1,3,No_Prazo
OP-01051,7,Carcaça,CNC-01,Manhã,3708,85.0,84.51,Baixa,Sim,2,4.15,5,3,Atrasado
OP-01052,5,Flange,Mandrilhadora-A,Manhã,3381,41.0,165.04,Alta,Sim,6,2.8,0,37,Adiantado
OP-01053,7,Suporte,CNC-01,Tarde,1595,116.0,47.92,Alta,Sim,3,6.28,3,20,No_Prazo
OP-01054,12,Engrenagem,CNC-02,Tarde,2228,129.0,23.0,Média,Não,2,5.28,5,22,Atrasado
OP-01055,1,Carcaça,CNC-02,Noite,281,15.0,2.88,Alta,Sim,2,2.51,4,3,No_Prazo
OP-01056,12,Engrenagem,CNC-01,Manhã,4000,104.0,190.56,Média,Sim,6,0.63,2,14,No_Prazo
OP-01057,6,Eixo,CNC-01,Manhã,1799,110.0,38.22,Média,Sim,2,2.41,3,28,Adiantado
OP-01058,10,Carcaça,Torno-03,Manhã,2571,70.0,109.22,Urgente,Não,5,4.39,2,40,Atrasado
OP-01059,6,Carcaça,CNC-02,Tarde,2275,71.0,26.71,Média,Sim,2,6.22,4,8,Atrasado
OP-01060,4,Flange,CNC-01,Noite,1464,67.0,23.24,Alta,Sim,4,5.03,5,20,No_Prazo
OP-01061,10,Flange,CNC-02,Noite,882,88.0,39.05,Alta,Não,4,0.92,3,34,Atrasado
OP-01062,9,Engrenagem,CNC-02,Tarde,4770,149.0,237.37,Média,Não,4,4.0,2,38,Atrasado
OP-01063,2,Carcaça,Torno-03,Noite,641,92.0,7.74,Alta,Não,2,7.7,5,24,Atrasado
OP-01064,9,Engrenagem,Mandrilhadora-A,Manhã,4723,179.0,78.9,Baixa,Sim,6,7.28,2,21,Atrasado
OP-01065,10,Engrenagem,CNC-02,Tarde,610,77.0,23.74,Média,Sim,6,6.07,0,38,Adiantado
OP-01066,5,Flange,Fresadora-01,Noite,523,130.0,16.31,Média,Não,6,2.63,1,43,No_Prazo
OP-01067,12,Engrenagem,Fresadora-01,Manhã,4520,106.0,118.6,Alta,Sim,3,0.67,3,36,No_Prazo
OP-01068,8,Engrenagem,CNC-01,Noite,4733,141.0,84.15,Urgente,Sim,2,3.92,2,31,No_Prazo
OP-01069,5,Suporte,Torno-03,Manhã,4481,162.0,214.27,Média,Não,4,3.31,5,32,Atrasado
OP-01070,1,Suporte,Torno-03,Manhã,3888,99.0,65.67,Média,Sim,1,5.57,4,31,No_Prazo
OP-01071,9,Eixo,Torno-03,Tarde,2488,97.0,51.28,Urgente,Sim,5,1.03,3,25,Adiantado
OP-01072,3,Suporte,CNC-01,Noite,577,171.0,13.25,Alta,Sim,2,7.43,5,8,Atrasado
OP-01073,10,Suporte,Torno-03,Manhã,2978,169.0,46.29,Baixa,Sim,2,6.02,4,41,No_Prazo
OP-01074,7,Eixo,CNC-01,Noite,2620,180.0,82.4,Média,Sim,5,7.78,1,35,Adiantado
OP-01075,6,Suporte,Mandrilhadora-A,Manhã,3691,41.0,87.3,Média,Sim,4,6.99,4,17,Atrasado
OP-01076,2,Flange,Torno-03,Tarde,223,16.0,7.65,Média,Não,1,3.73,4,25,Atrasado
OP-01077,9,Carcaça,CNC-01,Tarde,432,87.0,10.68,Média,Não,6,5.47,5,6,Atrasado
OP-01078,2,Engrenagem,Torno-03,Manhã,2964,136.0,43.44,Alta,Sim,4,6.84,0,33,Adiantado
OP-01079,6,Eixo,Mandrilhadora-A,Tarde,4283,27.0,192.32,Alta,Não,2,2.03,0,20,Atrasado
OP-01080,11,Eixo,Fresadora-01,Tarde,4669,77.0,141.87,Média,Sim,3,0.57,4,40,No_Prazo
OP-01081,12,Eixo,CNC-02,Tarde,2865,111.0,65.53,Alta,Sim,3,2.81,5,12,Atrasado
OP-01082,12,Carcaça,Mandrilhadora-A,Manhã,1872,50.0,19.95,Média,Não,6,3.78,1,33,No_Prazo
OP-01083,12,Suporte,CNC-01,Manhã,2386,136.0,80.92,Alta,Não,4,5.18,5,17,Atrasado
OP-01084,7,Flange,CNC-02,Noite,2567,53.0,106.02,Baixa,Sim,5,2.48,0,24,Adiantado
OP-01085,3,Flange,CNC-01,Tarde,3114,154.0,112.11,Média,Sim,1,3.82,4,16,Atrasado
OP-01086,11,Carcaça,Mandrilhadora-A,Noite,1176,72.0,48.81,Média,Sim,4,5.37,2,39,Adiantado
OP-01087,10,Flange,Fresadora-01,Tarde,1974,114.0,31.98,Média,Sim,1,6.68,3,11,Atrasado
OP-01088,12,Eixo,Torno-03,Noite,2727,105.0,133.26,Alta,Sim,3,2.2,5,34,No_Prazo
OP-01089,8,Engrenagem,Fresadora-01,Manhã,4261,64.0,78.63,Média,Sim,4,6.5,3,4,Atrasado
OP-01090,2,Eixo,CNC-02,Tarde,4022,87.0,83.14,Média,Não,6,7.54,1,35,Atrasado
OP-01091,7,Suporte,CNC-01,Tarde,3781,155.0,115.29,Média,Sim,2,3.57,5,23,Atrasado
OP-01092,6,Flange,Mandrilhadora-A,Manhã,1115,105.0,11.38,Alta,Sim,2,4.64,1,42,Adiantado
OP-01093,11,Flange,Mandrilhadora-A,Manhã,2062,24.0,57.11,Alta,Sim,6,0.57,3,20,Adiantado
OP-01094,5,Flange,CNC-01,Tarde,2789,133.0,49.73,Alta,Sim,4,5.83,1,8,No_Prazo
OP-01095,4,Carcaça,CNC-01,Noite,4840,45.0,193.41,Alta,Sim,5,7.04,5,32,No_Prazo
OP-01096,1,Carcaça,Torno-03,Tarde,1805,95.0,72.76,Alta,Sim,6,0.65,5,24,Adiantado
OP-01097,11,Engrenagem,CNC-01,Manhã,4595,92.0,159.12,Baixa,Sim,1,6.83,2,4,Atrasado
OP-01098,10,Engrenagem,Fresadora-01,Noite,3751,95.0,100.78,Alta,Sim,4,1.62,2,8,Atrasado
OP-01099,1,Eixo,Mandrilhadora-A,Manhã,3187,20.0,71.42,Média,Sim,1,6.82,2,24,No_Prazo
OP-01100,6,Carcaça,CNC-02,Manhã,3525,60.0,151.92,Alta,Sim,6,4.56,5,35,Adiantado
OP-01101,6,Flange,CNC-02,Noite,3975,23.0,120.38,Urgente,Não,3,3.28,3,45,Atrasado
OP-01102,6,Carcaça,Mandrilhadora-A,Noite,3509,83.0,104.77,Média,Sim,3,7.56,0,21,No_Prazo
OP-01103,12,Suporte,CNC-02,Noite,3379,118.0,49.12,Média,Sim,2,5.09,4,43,No_Prazo
OP-01104,2,Flange,CNC-02,Noite,1920,123.0,35.97,Baixa,Sim,4,0.79,2,33,Adiantado
OP-01105,4,Eixo,CNC-01,Tarde,2168,26.0,52.94,Urgente,Sim,4,6.25,0,26,Adiantado
OP-01106,3,Eixo,Mandrilhadora-A,Manhã,3016,35.0,114.47,Média,Sim,6,1.87,2,8,No_Prazo
OP-01107,3,Engrenagem,Mandrilhadora-A,Manhã,4225,124.0,185.1,Alta,Sim,1,7.42,0,39,No_Prazo
OP-01108,11,Flange,CNC-01,Noite,3272,103.0,162.67,Baixa,Sim,5,1.75,1,29,No_Prazo
OP-01109,12,Eixo,Mandrilhadora-A,Noite,4939,153.0,133.83,Baixa,Sim,6,4.16,4,36,No_Prazo
OP-01110,1,Eixo,CNC-01,Manhã,3420,49.0,96.2,Baixa,Sim,6,4.42,2,7,No_Prazo
OP-01111,8,Engrenagem,CNC-01,Manhã,2067,35.0,84.01,Alta,Não,4,4.73,2,43,No_Prazo
OP-01112,3,Suporte,CNC-02,Manhã,2897,75.0,66.19,Baixa,Sim,5,4.5,2,18,No_Prazo
OP-01113,3,Carcaça,Torno-03,Manhã,3135,120.0,99.13,Urgente,Sim,1,3.79,5,20,No_Prazo
OP-01114,4,Flange,Mandrilhadora-A,Noite,4340,95.0,160.93,Alta,Sim,1,5.85,1,26,No_Prazo
OP-01115,3,Flange,Fresadora-01,Manhã,1316,31.0,25.6,Urgente,Sim,5,1.67,5,4,No_Prazo
OP-01116,6,Carcaça,CNC-01,Tarde,1281,27.0,27.14,Média,Sim,2,6.4,2,32,No_Prazo
OP-01117,12,Flange,Torno-03,Noite,1049,127.0,25.44,Média,Sim,5,0.78,2,14,Adiantado
OP-01118,8,Suporte,Mandrilhadora-A,Tarde,326,64.0,10.79,Baixa,Sim,5,6.82,3,24,Adiantado
OP-01119,9,Flange,Fresadora-01,Tarde,3391,125.0,70.59,Média,Sim,5,6.12,4,25,No_Prazo
OP-01120,6,Flange,CNC-02,Manhã,4814,64.0,88.22,Média,Sim,6,6.47,2,34,No_Prazo
OP-01121,1,Flange,CNC-01,Manhã,3087,67.0,49.33,Baixa,Não,2,2.73,3,37,Atrasado
OP-01122,2,Suporte,Torno-03,Manhã,350,50.0,14.83,Urgente,Sim,5,6.87,2,10,Adiantado
OP-01123,4,Suporte,Torno-03,Manhã,1855,177.0,84.29,Baixa,Sim,5,5.68,4,37,Adiantado
OP-01124,3,Flange,CNC-02,Manhã,4519,18.0,208.73,Média,Sim,2,7.76,5,30,Atrasado
OP-01125,11,Engrenagem,CNC-01,Manhã,306,36.0,13.12,Alta,Sim,2,0.65,5,42,Adiantado
OP-01126,11,Carcaça,CNC-01,Manhã,3080,153.0,47.71,Média,Não,4,6.43,3,19,Atrasado
OP-01127,11,Carcaça,Torno-03,Manhã,2231,38.0,31.03,Média,Sim,6,5.17,1,26,Adiantado
OP-01128,8,Engrenagem,Mandrilhadora-A,Noite,4597,61.0,137.76,Urgente,Não,4,7.92,3,9,Atrasado
OP-01129,7,Eixo,Torno-03,Manhã,2590,58.0,79.92,Baixa,Não,1,3.82,3,18,Atrasado
OP-01130,8,Carcaça,Torno-03,Manhã,2846,130.0,111.88,Média,Sim,3,2.6,1,39,Adiantado
OP-01131,5,Eixo,Mandrilhadora-A,Noite,3625,83.0,68.57,Baixa,Sim,3,7.1,5,36,Atrasado
OP-01132,9,Carcaça,Fresadora-01,Manhã,4113,154.0,194.29,Baixa,Sim,4,2.94,4,44,No_Prazo
OP-01133,10,Suporte,Fresadora-01,Tarde,2601,138.0,58.26,Média,Sim,4,5.77,2,39,Adiantado
OP-01134,10,Carcaça,Torno-03,Noite,3620,103.0,119.87,Alta,Sim,6,2.99,0,13,No_Prazo
OP-01135,8,Engrenagem,Fresadora-01,Tarde,4036,56.0,179.88,Média,Sim,6,7.59,4,16,Atrasado
OP-01136,1,Flange,Torno-03,Manhã,2649,146.0,81.95,Média,Sim,4,4.45,1,9,No_Prazo
OP-01137,9,Flange,Fresadora-01,Tarde,3594,158.0,144.27,Baixa,Sim,1,2.9,4,24,Atrasado
OP-01138,5,Carcaça,Fresadora-01,Tarde,1848,153.0,73.85,Urgente,Não,2,6.67,2,35,Atrasado
OP-01139,9,Eixo,Fresadora-01,Manhã,1807,24.0,75.17,Média,Sim,2,0.97,4,38,Adiantado
OP-01140,7,Eixo,Mandrilhadora-A,Manhã,64,130.0,2.72,Média,Sim,4,1.2,5,45,Adiantado
OP-01141,11,Engrenagem,CNC-02,Manhã,3363,131.0,86.42,Baixa,Sim,1,6.78,0,17,Atrasado
OP-01142,5,Suporte,Fresadora-01,Noite,1291,171.0,31.68,Baixa,Sim,2,2.93,0,20,No_Prazo
OP-01143,12,Carcaça,CNC-01,Manhã,4078,58.0,171.85,Baixa,Não,1,1.82,4,27,Atrasado
OP-01144,11,Engrenagem,Torno-03,Manhã,4761,145.0,158.01,Baixa,Sim,5,4.9,2,37,No_Prazo
OP-01145,4,Eixo,Mandrilhadora-A,Tarde,4385,129.0,150.44,Média,Sim,2,2.41,4,44,No_Prazo
OP-01146,6,Eixo,Fresadora-01,Noite,1413,160.0,37.41,Média,Sim,6,7.9,0,9,No_Prazo
OP-01147,7,Carcaça,CNC-02,Manhã,3276,129.0,59.18,Alta,Não,3,6.65,5,17,Atrasado
OP-01148,10,Flange,Fresadora-01,Manhã,3771,156.0,106.63,Baixa,Sim,5,7.17,1,12,Atrasado
OP-01149,9,Eixo,CNC-02,Tarde,2555,74.0,124.65,Média,Não,4,6.75,0,13,Atrasado
OP-01150,11,Eixo,Torno-03,Tarde,2567,41.0,55.54,Média,Sim,6,7.14,2,9,No_Prazo
OP-01151,5,Flange,CNC-02,Tarde,2217,75.0,46.29,Média,Não,1,3.03,4,28,Atrasado
OP-01152,7,Eixo,Fresadora-01,Noite,1577,149.0,24.02,Baixa,Sim,5,5.55,0,31,Adiantado
OP-01153,6,Engrenagem,CNC-01,Manhã,2887,37.0,84.44,Baixa,Não,4,7.3,3,21,Atrasado
OP-01154,11,Carcaça,Torno-03,Manhã,4955,120.0,106.74,Baixa,Sim,3,5.64,4,28,Atrasado
OP-01155,4,Flange,Mandrilhadora-A,Manhã,1133,178.0,42.47,Média,Sim,5,7.98,3,32,Adiantado
OP-01156,8,Eixo,Fresadora-01,Manhã,282,163.0,4.34,Baixa,Sim,4,6.99,0,31,Adiantado
OP-01157,2,Suporte,Torno-03,Tarde,328,126.0,6.52,Média,Sim,4,1.03,1,43,Adiantado
OP-01158,11,Suporte,Mandrilhadora-A,Noite,2931,146.0,36.56,Média,Sim,4,4.26,3,10,Atrasado
OP-01159,5,Engrenagem,CNC-01,Manhã,1386,34.0,16.16,Média,Sim,1,2.57,3,44,Adiantado
OP-01160,5,Engrenagem,Mandrilhadora-A,Tarde,2334,97.0,99.35,Baixa,Não,3,7.06,0,6,Atrasado
OP-01161,7,Engrenagem,CNC-02,Manhã,4755,103.0,219.85,Média,Sim,6,7.53,2,4,Atrasado
OP-01162,6,Suporte,Mandrilhadora-A,Tarde,428,144.0,17.36,Média,Sim,1,4.75,0,25,No_Prazo
OP-01163,11,Suporte,Mandrilhadora-A,Manhã,914,62.0,40.77,Urgente,Sim,2,0.94,3,23,Adiantado
OP-01164,7,Suporte,Fresadora-01,Tarde,1109,33.0,14.93,Baixa,Sim,5,3.1,2,25,Adiantado
OP-01165,7,Suporte,Fresadora-01,Manhã,2312,130.0,106.18,Baixa,Sim,1,1.91,3,45,Adiantado
OP-01166,2,Flange,Fresadora-01,Noite,3486,96.0,99.84,Alta,Sim,1,4.47,2,21,No_Prazo
OP-01167,1,Flange,CNC-02,Noite,957,154.0,38.99,Média,Sim,5,7.89,5,39,No_Prazo
OP-01168,5,Suporte,CNC-01,Noite,586,94.0,20.29,Baixa,Não,2,3.07,0,32,Atrasado
OP-01169,12,Eixo,CNC-02,Noite,474,155.0,11.37,Alta,Sim,2,6.0,1,5,No_Prazo
OP-01170,12,Carcaça,Torno-03,Manhã,4015,99.0,82.68,Média,Sim,3,6.73,0,21,No_Prazo
OP-01171,8,Carcaça,Fresadora-01,Tarde,196,144.0,2.89,Alta,Sim,6,6.73,5,8,No_Prazo
OP-01172,8,Carcaça,CNC-02,Manhã,3144,134.0,83.34,Baixa,Sim,6,1.62,1,39,Adiantado
OP-01173,5,Carcaça,Torno-03,Noite,2912,59.0,86.67,Média,Não,2,2.28,0,18,Atrasado
OP-01174,3,Eixo,CNC-01,Manhã,549,66.0,27.08,Média,Sim,2,2.17,4,36,Adiantado
OP-01175,1,Engrenagem,CNC-01,Manhã,2785,163.0,32.0,Alta,Não,4,2.73,5,6,Atrasado
OP-01176,5,Flange,Mandrilhadora-A,Tarde,1469,53.0,49.37,Média,Sim,5,0.85,5,17,Adiantado
OP-01177,4,Suporte,Mandrilhadora-A,Manhã,2599,130.0,80.57,Média,Sim,1,4.55,1,37,Adiantado
OP-01178,3,Suporte,Mandrilhadora-A,Tarde,729,39.0,7.96,Urgente,Sim,3,6.06,0,41,Adiantado
OP-01179,4,Eixo,CNC-02,Manhã,3355,140.0,77.8,Urgente,Sim,1,2.46,1,4,No_Prazo
OP-01180,1,Eixo,Torno-03,Tarde,3998,52.0,107.61,Baixa,Sim,2,5.3,1,24,Atrasado
OP-01181,8,Flange,Fresadora-01,Noite,65,113.0,1.94,Média,Sim,4,4.59,4,40,Adiantado
OP-01182,12,Carcaça,CNC-02,Tarde,2688,108.0,51.98,Alta,Sim,1,1.24,2,22,No_Prazo
OP-01183,9,Engrenagem,Fresadora-01,Manhã,3255,49.0,36.99,Alta,Sim,6,2.3,2,15,Adiantado
OP-01184,6,Eixo,Fresadora-01,Manhã,64,96.0,1.39,Urgente,Sim,1,2.31,3,34,Adiantado
OP-01185,6,Eixo,Torno-03,Manhã,3633,160.0,157.87,Alta,Sim,5,4.17,2,37,Adiantado
OP-01186,4,Carcaça,Torno-03,Manhã,2737,127.0,115.81,Alta,Sim,3,5.21,1,44,Adiantado
OP-01187,2,Flange,CNC-02,Tarde,1566,179.0,26.98,Baixa,Sim,4,2.76,1,42,Adiantado
OP-01188,8,Engrenagem,Mandrilhadora-A,Manhã,2439,144.0,87.44,Média,Sim,3,1.45,1,4,No_Prazo
OP-01189,7,Eixo,Mandrilhadora-A,Manhã,3426,121.0,160.84,Média,Sim,3,2.52,0,37,No_Prazo
OP-01190,1,Engrenagem,Mandrilhadora-A,Manhã,3233,108.0,54.59,Alta,Sim,4,0.8,3,10,No_Prazo
OP-01191,5,Flange,Fresadora-01,Noite,3894,170.0,58.98,Média,Não,2,6.11,1,38,Atrasado
OP-01192,4,Carcaça,CNC-02,Manhã,222,102.0,2.42,Média,Não,1,5.74,4,37,Atrasado
OP-01193,3,Flange,Fresadora-01,Manhã,3947,81.0,66.69,Média,Sim,1,5.53,2,12,Atrasado
OP-01194,9,Carcaça,CNC-02,Tarde,225,153.0,9.58,Urgente,Sim,2,5.13,2,21,Adiantado
OP-01195,7,Suporte,Mandrilhadora-A,Manhã,3267,170.0,139.04,Média,Sim,2,2.73,5,36,No_Prazo
OP-01196,8,Carcaça,CNC-02,Noite,1779,94.0,56.25,Alta,Sim,1,1.37,4,39,No_Prazo
OP-01197,9,Eixo,Torno-03,Manhã,365,38.0,8.52,Alta,Sim,1,4.99,1,40,Adiantado
OP-01198,12,Carcaça,CNC-01,Tarde,3458,115.0,146.17,Média,Não,6,5.99,0,18,Atrasado
OP-01199,10,Eixo,CNC-01,Tarde,2785,137.0,49.57,Média,Não,3,6.58,4,6,Atrasado
OP-01200,8,Flange,CNC-02,Noite,3349,77.0,52.22,Média,Não,3,5.95,1,44,Atrasado
OP-01201,11,Suporte,Torno-03,Tarde,1910,138.0,25.92,Alta,Sim,6,5.44,0,40,Adiantado
OP-01202,6,Eixo,CNC-01,Noite,1427,103.0,62.86,Baixa,Sim,4,6.68,3,12,No_Prazo
OP-01203,12,Eixo,Mandrilhadora-A,Tarde,3142,65.0,121.26,Urgente,Sim,1,6.21,4,28,No_Prazo
OP-01204,10,Engrenagem,CNC-01,Tarde,1119,119.0,39.15,Alta,Sim,5,7.59,3,43,Adiantado
OP-01205,8,Engrenagem,Mandrilhadora-A,Tarde,4070,79.0,159.13,Média,Sim,5,0.55,4,16,No_Prazo
OP-01206,11,Flange,CNC-02,Tarde,3431,145.0,54.0,Baixa,Sim,2,1.6,1,36,No_Prazo
OP-01207,7,Carcaça,CNC-02,Tarde,4998,16.0,126.91,Baixa,Não,5,4.85,5,23,Atrasado
OP-01208,9,Eixo,CNC-01,Manhã,184,150.0,7.83,Baixa,Sim,1,3.51,1,44,Adiantado
OP-01209,4,Flange,Mandrilhadora-A,Manhã,2948,66.0,137.58,Baixa,Sim,6,3.05,3,20,No_Prazo
OP-01210,12,Carcaça,Fresadora-01,Manhã,2806,173.0,85.65,Baixa,Sim,4,6.09,1,9,Atrasado
OP-01211,8,Suporte,CNC-01,Manhã,4294,140.0,63.91,Urgente,Não,2,4.52,3,43,Atrasado
OP-01212,10,Engrenagem,CNC-01,Tarde,2149,55.0,105.6,Alta,Não,6,4.45,5,18,Atrasado
OP-01213,6,Flange,Fresadora-01,Manhã,4685,177.0,120.88,Alta,Sim,4,0.87,5,14,Atrasado
OP-01214,11,Engrenagem,Mandrilhadora-A,Tarde,1233,97.0,28.06,Média,Sim,6,3.96,1,11,Adiantado
OP-01215,1,Eixo,CNC-01,Tarde,4278,101.0,63.31,Alta,Sim,1,5.06,2,20,Atrasado
OP-01216,2,Eixo,CNC-02,Tarde,2625,165.0,27.58,Alta,Sim,2,2.6,5,38,Adiantado
OP-01217,7,Suporte,Torno-03,Tarde,4722,167.0,161.24,Média,Não,3,2.29,1,17,Atrasado
OP-01218,9,Engrenagem,CNC-01,Manhã,1124,130.0,38.77,Alta,Não,2,4.63,5,14,Atrasado
OP-01219,10,Eixo,CNC-02,Manhã,1338,176.0,25.92,Alta,Sim,4,7.34,3,22,No_Prazo
OP-01220,6,Eixo,CNC-01,Tarde,2843,69.0,46.85,Urgente,Sim,3,1.37,3,25,Adiantado
OP-01221,8,Eixo,Torno-03,Noite,2781,53.0,86.55,Média,Sim,6,2.82,5,38,Adiantado
OP-01222,7,Suporte,Fresadora-01,Tarde,787,20.0,21.58,Alta,Sim,2,0.94,5,11,No_Prazo
OP-01223,12,Eixo,Torno-03,Tarde,3274,72.0,72.51,Média,Sim,2,2.94,5,16,Atrasado
OP-01224,8,Eixo,CNC-02,Tarde,2058,114.0,38.54,Média,Sim,6,5.71,0,33,Adiantado
OP-01225,6,Flange,Torno-03,Tarde,798,65.0,35.41,Média,Não,5,2.89,0,21,No_Prazo
OP-01226,12,Suporte,Torno-03,Tarde,2576,111.0,127.13,Média,Sim,1,3.49,0,34,No_Prazo
OP-01227,2,Engrenagem,CNC-01,Tarde,3504,23.0,84.88,Média,Sim,6,7.52,3,21,No_Prazo
OP-01228,12,Carcaça,CNC-01,Manhã,206,73.0,7.81,Baixa,Sim,2,3.1,2,7,No_Prazo
OP-01229,2,Carcaça,CNC-01,Manhã,4605,138.0,205.48,Baixa,Sim,5,4.55,1,40,No_Prazo
OP-01230,4,Suporte,Mandrilhadora-A,Manhã,3073,32.0,34.04,Alta,Não,1,7.5,4,32,Atrasado
OP-01231,10,Flange,Fresadora-01,Tarde,1339,133.0,62.03,Alta,Não,2,4.31,1,8,Atrasado
OP-01232,9,Suporte,CNC-01,Noite,3764,141.0,112.79,Alta,Sim,6,1.78,5,10,No_Prazo
OP-01233,12,Flange,CNC-02,Manhã,4225,109.0,136.34,Média,Sim,1,1.57,2,17,No_Prazo
OP-01234,9,Eixo,Torno-03,Manhã,4782,161.0,151.09,Urgente,Sim,3,7.24,2,44,No_Prazo
OP-01235,8,Eixo,CNC-01,Noite,3962,173.0,78.12,Média,Não,3,7.14,0,15,Atrasado
OP-01236,5,Engrenagem,Mandrilhadora-A,Manhã,1055,21.0,43.56,Média,Sim,2,2.38,0,40,Adiantado
OP-01237,1,Carcaça,Mandrilhadora-A,Noite,860,127.0,33.79,Média,Sim,1,5.17,0,23,No_Prazo
OP-01238,2,Eixo,CNC-02,Manhã,1083,54.0,14.98,Média,Sim,3,1.75,1,11,No_Prazo
OP-01239,4,Eixo,CNC-01,Manhã,4384,82.0,142.53,Alta,Sim,3,2.24,0,7,No_Prazo
OP-01240,1,Carcaça,CNC-02,Tarde,1558,118.0,75.22,Média,Sim,1,7.4,2,17,No_Prazo
OP-01241,7,Flange,Torno-03,Manhã,1685,133.0,75.57,Urgente,Sim,5,3.51,4,12,Adiantado
OP-01242,10,Suporte,Mandrilhadora-A,Manhã,4459,154.0,156.23,Baixa,Sim,1,2.06,4,28,Atrasado
OP-01243,12,Eixo,CNC-02,Manhã,1060,131.0,19.02,Baixa,Sim,3,4.43,4,45,Adiantado
OP-01244,6,Eixo,CNC-02,Manhã,2063,143.0,49.28,Média,Sim,6,6.88,3,37,Adiantado
OP-01245,11,Suporte,CNC-02,Manhã,1516,114.0,24.28,Média,Sim,3,6.75,0,16,No_Prazo
OP-01246,12,Flange,CNC-01,Noite,1543,34.0,66.16,Urgente,Sim,5,5.47,5,43,Adiantado
OP-01247,11,Engrenagem,CNC-01,Manhã,2998,19.0,123.36,Média,Sim,3,6.6,5,44,Adiantado
OP-01248,6,Carcaça,Torno-03,Manhã,3718,102.0,172.57,Média,Sim,4,6.35,1,21,No_Prazo
OP-01249,4,Flange,Fresadora-01,Manhã,1362,133.0,17.07,Alta,Sim,5,7.73,5,23,No_Prazo
OP-01250,12,Suporte,CNC-01,Noite,238,33.0,11.56,Média,Sim,3,5.42,3,24,Adiantado
OP-01251,3,Eixo,CNC-02,Noite,3215,86.0,156.43,Média,Sim,4,4.98,2,20,No_Prazo
OP-01252,5,Flange,Mandrilhadora-A,Noite,2766,57.0,102.28,Média,Sim,3,7.29,0,9,No_Prazo
OP-01253,1,Suporte,Mandrilhadora-A,Noite,3312,109.0,149.93,Média,Sim,2,3.21,5,41,Atrasado
OP-01254,10,Carcaça,Fresadora-01,Manhã,2278,79.0,62.73,Alta,Sim,5,4.2,3,18,No_Prazo
OP-01255,8,Eixo,Torno-03,Tarde,3895,48.0,87.78,Alta,Sim,3,6.94,2,6,Atrasado
OP-01256,2,Suporte,Torno-03,Manhã,3143,16.0,50.84,Média,Sim,1,7.84,4,45,No_Prazo
OP-01257,3,Carcaça,CNC-02,Noite,3800,68.0,42.8,Alta,Sim,2,3.66,4,8,Atrasado
OP-01258,7,Suporte,CNC-02,Tarde,3668,100.0,42.84,Alta,Sim,5,4.92,3,43,No_Prazo
OP-01259,7,Engrenagem,CNC-02,Manhã,2509,168.0,94.5,Média,Não,4,6.78,1,8,Atrasado
OP-01260,10,Engrenagem,Fresadora-01,Noite,1658,53.0,38.9,Média,Sim,4,4.39,2,20,No_Prazo
OP-01261,4,Eixo,Fresadora-01,Noite,2931,100.0,35.65,Média,Sim,3,3.53,3,25,No_Prazo
OP-01262,12,Engrenagem,Fresadora-01,Noite,3200,108.0,46.36,Média,Sim,2,0.99,1,12,No_Prazo
OP-01263,6,Suporte,Fresadora-01,Manhã,2879,122.0,105.4,Média,Sim,1,2.09,0,27,No_Prazo
OP-01264,10,Carcaça,CNC-01,Manhã,2645,69.0,125.76,Média,Sim,2,2.99,5,27,No_Prazo
OP-01265,3,Flange,Fresadora-01,Manhã,1747,31.0,45.98,Média,Sim,6,3.51,3,40,Adiantado
OP-01266,1,Flange,Mandrilhadora-A,Tarde,713,167.0,29.31,Alta,Sim,6,6.32,3,21,Adiantado
OP-01267,1,Suporte,Fresadora-01,Tarde,2166,172.0,106.01,Média,Sim,1,1.75,2,40,No_Prazo
OP-01268,5,Flange,Torno-03,Manhã,4414,87.0,169.2,Urgente,Sim,6,1.04,4,35,Adiantado
OP-01269,12,Flange,CNC-02,Noite,3597,111.0,140.0,Média,Não,5,4.91,2,37,Atrasado
OP-01270,1,Flange,Fresadora-01,Manhã,3785,20.0,131.1,Média,Sim,1,0.56,0,30,No_Prazo
OP-01271,5,Eixo,Torno-03,Tarde,3697,23.0,181.55,Alta,Sim,3,7.48,4,10,Atrasado
OP-01272,2,Engrenagem,CNC-02,Noite,4612,28.0,101.43,Média,Sim,2,2.42,1,31,No_Prazo
OP-01273,12,Flange,Torno-03,Tarde,1169,137.0,48.3,Urgente,Sim,5,6.75,4,33,Adiantado
OP-01274,9,Carcaça,CNC-01,Manhã,3616,52.0,96.2,Média,Sim,5,3.35,2,19,No_Prazo
OP-01275,10,Engrenagem,Mandrilhadora-A,Manhã,394,45.0,6.39,Média,Sim,2,7.99,2,30,No_Prazo
OP-01276,9,Eixo,Fresadora-01,Manhã,1261,16.0,49.9,Média,Sim,5,4.26,3,29,Adiantado
OP-01277,8,Eixo,CNC-02,Tarde,195,19.0,8.42,Média,Sim,2,7.72,2,30,Adiantado
OP-01278,10,Carcaça,Fresadora-01,Tarde,2181,82.0,97.15,Alta,Não,3,4.02,2,32,Atrasado
OP-01279,1,Flange,CNC-01,Manhã,746,104.0,34.97,Alta,Sim,1,5.86,1,31,Adiantado
OP-01280,11,Flange,CNC-02,Noite,1964,111.0,78.16,Baixa,Sim,6,0.98,2,30,Adiantado
OP-01281,9,Suporte,Fresadora-01,Tarde,716,91.0,22.27,Alta,Sim,2,3.84,1,16,No_Prazo
OP-01282,9,Eixo,CNC-01,Noite,227,91.0,10.79,Alta,Não,6,2.53,2,32,No_Prazo
OP-01283,5,Suporte,Fresadora-01,Tarde,2413,139.0,44.36,Média,Sim,6,6.45,5,9,Atrasado
OP-01284,10,Engrenagem,Mandrilhadora-A,Noite,2082,63.0,27.26,Média,Não,1,4.49,2,41,Atrasado
OP-01285,5,Engrenagem,Torno-03,Manhã,2114,54.0,57.64,Urgente,Sim,1,5.3,3,37,Adiantado
OP-01286,1,Carcaça,CNC-02,Manhã,1760,156.0,58.59,Alta,Não,1,2.4,0,14,Atrasado
OP-01287,11,Suporte,Fresadora-01,Noite,2075,129.0,77.19,Média,Sim,6,1.38,0,6,No_Prazo
OP-01288,3,Engrenagem,CNC-02,Noite,69,94.0,2.94,Média,Não,1,5.6,4,9,Atrasado
OP-01289,2,Flange,Fresadora-01,Tarde,2416,60.0,26.75,Alta,Não,4,3.82,4,32,Atrasado
OP-01290,8,Engrenagem,Fresadora-01,Manhã,4243,38.0,178.55,Urgente,Sim,6,3.63,4,4,No_Prazo
OP-01291,3,Suporte,CNC-01,Manhã,740,21.0,25.16,Média,Não,2,7.73,3,7,Atrasado
OP-01292,11,Suporte,CNC-01,Noite,762,156.0,36.67,Alta,Sim,4,1.39,1,33,Adiantado
OP-01293,6,Eixo,CNC-01,Noite,3911,113.0,93.54,Média,Sim,1,5.33,0,24,Atrasado
OP-01294,1,Eixo,CNC-01,Manhã,2529,23.0,87.7,Média,Sim,6,0.95,5,17,Adiantado
OP-01295,12,Eixo,CNC-02,Manhã,1323,41.0,53.8,Alta,Não,4,5.64,1,14,Atrasado
OP-01296,7,Eixo,CNC-01,Tarde,3934,61.0,120.6,Baixa,Sim,5,4.7,5,24,Atrasado
OP-01297,4,Eixo,Mandrilhadora-A,Tarde,1658,58.0,26.92,Baixa,Sim,2,5.95,1,15,No_Prazo
OP-01298,9,Eixo,Mandrilhadora-A,Tarde,3042,105.0,36.48,Alta,Sim,5,6.13,3,6,Atrasado
OP-01299,7,Flange,CNC-01,Tarde,2802,81.0,40.51,Média,Não,4,1.49,0,22,Atrasado
OP-01300,1,Carcaça,CNC-02,Noite,888,161.0,26.46,Baixa,Sim,1,2.56,4,42,No_Prazo
OP-01301,10,Suporte,Fresadora-01,Manhã,3787,134.0,134.76,Baixa,Sim,4,2.39,2,25,No_Prazo
OP-01302,5,Eixo,Fresadora-01,Tarde,3110,165.0,102.07,Média,Sim,1,5.06,3,28,No_Prazo
OP-01303,9,Carcaça,Torno-03,Tarde,1082,157.0,41.68,Média,Não,5,2.44,0,17,Atrasado
OP-01304,11,Eixo,Mandrilhadora-A,Tarde,3800,167.0,43.93,Média,Sim,6,4.37,1,8,No_Prazo
OP-01305,8,Carcaça,Fresadora-01,Noite,3121,177.0,48.23,Urgente,Sim,6,3.82,2,35,Adiantado
OP-01306,9,Eixo,Fresadora-01,Tarde,4281,66.0,173.15,Alta,Sim,3,4.89,0,20,No_Prazo
OP-01307,4,Flange,Torno-03,Tarde,4109,50.0,169.49,Alta,Sim,6,3.14,4,6,No_Prazo
OP-01308,3,Eixo,Torno-03,Manhã,1627,42.0,61.98,Baixa,Sim,6,7.44,2,16,No_Prazo
OP-01309,5,Suporte,CNC-02,Tarde,4686,119.0,186.58,Baixa,Sim,3,7.74,4,4,Atrasado
OP-01310,11,Eixo,Torno-03,Manhã,217,127.0,10.53,Alta,Sim,2,3.13,1,40,Adiantado
OP-01311,7,Carcaça,Mandrilhadora-A,Manhã,1704,29.0,81.4,Alta,Sim,2,7.36,0,45,Adiantado
OP-01312,5,Engrenagem,CNC-02,Tarde,3059,150.0,109.45,Alta,Sim,4,6.45,5,40,No_Prazo
OP-01313,10,Flange,CNC-01,Tarde,2696,144.0,61.4,Média,Não,3,2.2,1,37,Atrasado
OP-01314,11,Engrenagem,Torno-03,Noite,1167,119.0,12.33,Média,Sim,4,4.72,5,36,Adiantado
OP-01315,11,Carcaça,Fresadora-01,Tarde,1037,87.0,36.57,Média,Sim,6,3.33,4,23,Adiantado
OP-01316,4,Flange,Mandrilhadora-A,Noite,3915,40.0,106.69,Média,Sim,1,6.51,3,19,Atrasado
OP-01317,9,Suporte,Torno-03,Manhã,4386,98.0,69.65,Alta,Sim,2,7.2,3,6,Atrasado
OP-01318,8,Carcaça,Fresadora-01,Tarde,3415,41.0,63.55,Média,Sim,4,5.17,3,43,Adiantado
OP-01319,6,Flange,CNC-02,Noite,2674,115.0,126.91,Média,Sim,5,5.23,2,3,No_Prazo
OP-01320,5,Engrenagem,Torno-03,Tarde,3877,66.0,49.04,Baixa,Não,6,5.91,5,14,Atrasado
OP-01321,2,Eixo,Torno-03,Noite,1238,56.0,51.38,Alta,Não,6,4.21,0,21,Atrasado
OP-01322,4,Eixo,CNC-02,Tarde,4839,88.0,222.99,Alta,Sim,3,4.03,4,31,Atrasado
OP-01323,7,Carcaça,Fresadora-01,Manhã,668,111.0,25.07,Média,Sim,4,4.72,3,45,Adiantado
OP-01324,11,Carcaça,Mandrilhadora-A,Tarde,2943,76.0,36.65,Urgente,Sim,3,6.64,0,25,Adiantado
OP-01325,11,Flange,CNC-02,Manhã,1738,174.0,76.18,Média,Não,1,5.36,3,38,Atrasado
OP-01326,3,Carcaça,CNC-01,Manhã,4526,16.0,163.53,Alta,Sim,5,1.58,5,21,No_Prazo
OP-01327,9,Eixo,Mandrilhadora-A,Manhã,1261,166.0,26.58,Alta,Sim,5,1.55,1,45,Adiantado
OP-01328,2,Suporte,Mandrilhadora-A,Manhã,3227,15.0,113.55,Urgente,Sim,5,3.62,3,11,No_Prazo
OP-01329,9,Eixo,Mandrilhadora-A,Manhã,823,51.0,12.72,Alta,Sim,3,5.44,2,20,Adiantado
OP-01330,5,Eixo,CNC-02,Noite,949,179.0,36.35,Média,Sim,5,3.43,0,13,Adiantado
OP-01331,6,Eixo,Fresadora-01,Manhã,2110,135.0,97.31,Média,Não,2,3.36,0,14,Atrasado
OP-01332,9,Flange,Fresadora-01,Noite,4006,121.0,123.65,Alta,Sim,3,7.22,1,38,No_Prazo
OP-01333,6,Eixo,Fresadora-01,Tarde,1426,135.0,68.57,Alta,Sim,2,7.01,3,33,Adiantado
OP-01334,10,Eixo,Mandrilhadora-A,Manhã,3483,82.0,95.87,Média,Sim,3,4.07,4,31,No_Prazo
OP-01335,7,Eixo,Mandrilhadora-A,Manhã,2877,144.0,127.46,Alta,Sim,6,5.89,0,6,No_Prazo
OP-01336,12,Engrenagem,Torno-03,Noite,4890,41.0,200.23,Média,Sim,3,3.89,0,43,Adiantado
OP-01337,8,Carcaça,CNC-01,Tarde,1538,146.0,20.82,Média,Sim,5,5.02,5,43,Adiantado
OP-01338,4,Eixo,CNC-01,Noite,1254,170.0,58.32,Baixa,Sim,6,2.56,5,32,No_Prazo
OP-01339,10,Engrenagem,Mandrilhadora-A,Manhã,4517,157.0,209.67,Alta,Sim,1,4.23,3,20,Atrasado
OP-01340,5,Flange,Mandrilhadora-A,Tarde,1698,137.0,40.85,Alta,Sim,6,5.32,4,5,No_Prazo
OP-01341,7,Carcaça,CNC-01,Noite,1112,122.0,46.41,Alta,Sim,1,3.81,1,22,Adiantado
OP-01342,2,Eixo,CNC-02,Noite,4116,101.0,78.14,Média,Não,4,6.2,0,8,Atrasado
OP-01343,2,Carcaça,CNC-02,Manhã,4073,80.0,45.68,Média,Não,3,2.5,5,31,Atrasado
OP-01344,7,Suporte,CNC-02,Noite,361,158.0,6.61,Média,Sim,2,0.6,1,34,Adiantado
OP-01345,3,Suporte,Fresadora-01,Manhã,4287,122.0,125.86,Baixa,Sim,4,7.36,2,6,Atrasado
OP-01346,12,Eixo,Torno-03,Noite,3184,87.0,39.2,Baixa,Sim,6,3.21,3,13,No_Prazo
OP-01347,11,Engrenagem,Torno-03,Tarde,1430,144.0,23.45,Alta,Sim,1,2.39,3,30,Adiantado
OP-01348,9,Eixo,Torno-03,Tarde,2700,24.0,129.65,Alta,Sim,2,4.07,0,13,No_Prazo
OP-01349,9,Carcaça,Fresadora-01,Manhã,1231,149.0,36.63,Urgente,Sim,4,2.37,3,39,Adiantado
OP-01350,8,Suporte,Fresadora-01,Noite,885,149.0,37.99,Baixa,Sim,1,6.0,3,20,Atrasado
OP-01351,1,Suporte,CNC-01,Manhã,705,53.0,12.88,Alta,Sim,2,2.8,4,31,Adiantado
OP-01352,5,Carcaça,CNC-01,Tarde,867,21.0,11.74,Média,Não,3,7.94,5,35,Atrasado
OP-01353,6,Eixo,CNC-02,Tarde,2935,133.0,120.99,Média,Sim,3,2.57,4,28,No_Prazo
OP-01354,11,Eixo,Torno-03,Tarde,4060,48.0,97.25,Alta,Sim,5,3.21,3,30,No_Prazo
OP-01355,3,Carcaça,Mandrilhadora-A,Tarde,2457,179.0,69.76,Urgente,Sim,3,4.54,5,27,No_Prazo
OP-01356,6,Flange,Mandrilhadora-A,Tarde,126,17.0,6.26,Média,Sim,1,0.52,2,11,Adiantado
OP-01357,5,Eixo,Fresadora-01,Tarde,2172,53.0,49.22,Alta,Sim,4,0.53,0,15,Adiantado
OP-01358,2,Eixo,CNC-01,Tarde,3746,22.0,108.36,Média,Sim,2,2.25,5,41,No_Prazo
OP-01359,2,Carcaça,CNC-01,Tarde,4184,144.0,148.08,Média,Sim,1,1.11,5,18,Atrasado
OP-01360,5,Engrenagem,Torno-03,Tarde,3676,110.0,49.86,Baixa,Sim,5,6.2,5,44,No_Prazo
OP-01361,1,Engrenagem,Torno-03,Noite,1878,155.0,72.6,Baixa,Sim,3,7.04,5,27,Atrasado
OP-01362,1,Suporte,Fresadora-01,Tarde,3265,174.0,91.65,Alta,Não,4,3.6,5,37,Atrasado
OP-01363,5,Engrenagem,CNC-01,Manhã,388,116.0,6.6,Baixa,Sim,4,4.37,4,12,No_Prazo
OP-01364,3,Engrenagem,Mandrilhadora-A,Tarde,2077,53.0,56.54,Alta,Sim,1,5.1,0,11,No_Prazo
OP-01365,7,Carcaça,Torno-03,Manhã,2707,30.0,76.95,Alta,Sim,5,1.21,4,19,No_Prazo
OP-01366,1,Flange,Torno-03,Manhã,190,158.0,6.77,Alta,Sim,2,4.02,0,37,Adiantado
OP-01367,4,Suporte,CNC-01,Noite,121,55.0,5.75,Média,Sim,5,7.7,0,32,Adiantado
OP-01368,6,Flange,Mandrilhadora-A,Tarde,4018,162.0,163.14,Baixa,Sim,5,2.06,3,25,No_Prazo
OP-01369,12,Engrenagem,Torno-03,Tarde,1140,160.0,28.84,Média,Sim,1,1.13,5,10,No_Prazo
OP-01370,8,Engrenagem,CNC-02,Noite,672,119.0,32.78,Baixa,Sim,1,2.6,1,4,No_Prazo
OP-01371,11,Suporte,CNC-02,Manhã,2980,115.0,124.07,Média,Sim,6,4.61,0,8,No_Prazo
OP-01372,5,Engrenagem,CNC-02,Manhã,1439,172.0,16.0,Média,Sim,1,7.01,3,31,No_Prazo
OP-01373,6,Flange,CNC-01,Manhã,4897,140.0,71.81,Alta,Sim,2,3.16,2,44,No_Prazo
OP-01374,6,Eixo,Mandrilhadora-A,Manhã,4736,128.0,88.66,Média,Não,6,3.09,5,45,Atrasado
OP-01375,11,Eixo,Mandrilhadora-A,Tarde,4128,87.0,55.07,Média,Não,1,3.07,1,35,Atrasado
OP-01376,12,Carcaça,Mandrilhadora-A,Noite,1544,95.0,45.42,Alta,Sim,4,6.81,5,21,No_Prazo
OP-01377,12,Suporte,CNC-02,Tarde,4383,79.0,103.56,Urgente,Sim,3,4.02,1,33,Adiantado
OP-01378,10,Suporte,Torno-03,Manhã,1312,171.0,64.18,Alta,Sim,3,2.99,2,5,No_Prazo
OP-01379,7,Eixo,Torno-03,Tarde,1236,120.0,35.73,Média,Não,1,1.83,4,18,Atrasado
OP-01380,7,Eixo,Torno-03,Manhã,4868,144.0,89.99,Alta,Sim,4,1.44,5,12,Atrasado
OP-01381,12,Suporte,Torno-03,Tarde,3387,21.0,165.38,Baixa,Sim,3,7.81,2,44,No_Prazo
OP-01382,4,Engrenagem,Torno-03,Tarde,475,156.0,14.51,Alta,Não,5,4.15,3,27,No_Prazo
OP-01383,5,Eixo,Fresadora-01,Manhã,4438,84.0,57.35,Média,Sim,5,1.04,3,43,Adiantado
OP-01384,11,Suporte,CNC-01,Noite,845,137.0,11.18,Alta,Sim,3,7.3,3,37,Adiantado
OP-01385,5,Suporte,CNC-01,Noite,3422,22.0,126.65,Média,Sim,1,7.66,4,34,No_Prazo
OP-01386,3,Engrenagem,Mandrilhadora-A,Manhã,2219,162.0,66.11,Alta,Sim,4,2.28,0,10,No_Prazo
OP-01387,7,Suporte,Mandrilhadora-A,Tarde,136,124.0,4.76,Alta,Não,3,2.87,5,6,Atrasado
OP-01388,4,Flange,Mandrilhadora-A,Tarde,3948,90.0,173.66,Alta,Sim,5,7.7,0,12,No_Prazo
OP-01389,11,Eixo,CNC-02,Manhã,3448,65.0,128.46,Média,Sim,5,0.62,1,38,Adiantado
OP-01390,11,Suporte,Torno-03,Manhã,4427,66.0,196.88,Alta,Sim,2,2.93,4,42,No_Prazo
OP-01391,4,Carcaça,CNC-01,Tarde,3078,65.0,122.22,Média,Sim,1,3.73,1,33,Adiantado
OP-01392,7,Flange,CNC-02,Noite,3790,37.0,140.14,Alta,Sim,3,6.28,3,40,No_Prazo
OP-01393,12,Eixo,Fresadora-01,Tarde,4534,92.0,69.77,Média,Sim,6,3.26,0,6,Atrasado
OP-01394,9,Eixo,CNC-02,Tarde,4882,90.0,143.11,Média,Sim,2,3.04,4,42,No_Prazo
OP-01395,3,Flange,Torno-03,Tarde,2825,83.0,77.19,Alta,Sim,3,5.97,1,7,No_Prazo
OP-01396,8,Engrenagem,CNC-01,Tarde,133,131.0,4.21,Baixa,Sim,5,6.87,0,10,No_Prazo
OP-01397,8,Flange,Torno-03,Manhã,1762,84.0,45.19,Alta,Sim,5,1.2,0,38,Adiantado
OP-01398,8,Engrenagem,Fresadora-01,Manhã,3116,30.0,108.49,Baixa,Sim,5,1.57,1,43,Adiantado
OP-01399,1,Engrenagem,Torno-03,Noite,592,156.0,15.21,Alta,Sim,6,5.45,4,9,No_Prazo
OP-01400,4,Flange,Torno-03,Noite,625,85.0,20.19,Média,Sim,5,2.86,0,17,Adiantado
OP-01401,11,Suporte,Mandrilhadora-A,Noite,2004,123.0,51.69,Alta,Sim,1,5.51,3,38,No_Prazo
OP-01402,3,Carcaça,CNC-02,Manhã,4556,168.0,209.9,Baixa,Sim,3,1.8,3,25,Atrasado
OP-01403,4,Engrenagem,CNC-02,Tarde,1642,142.0,40.95,Média,Sim,5,6.53,1,20,No_Prazo
OP-01404,4,Eixo,Fresadora-01,Tarde,4679,104.0,183.59,Baixa,Sim,4,2.91,3,22,Atrasado
OP-01405,3,Flange,Torno-03,Manhã,4024,105.0,139.03,Alta,Sim,1,3.01,1,15,Atrasado
OP-01406,2,Flange,Mandrilhadora-A,Manhã,1549,155.0,39.38,Baixa,Sim,5,1.84,2,45,Adiantado
OP-01407,5,Carcaça,CNC-01,Noite,1193,151.0,50.47,Média,Sim,2,2.09,0,25,No_Prazo
OP-01408,11,Suporte,CNC-01,Tarde,4147,44.0,195.33,Baixa,Sim,2,4.99,0,14,Atrasado
OP-01409,1,Flange,CNC-02,Tarde,3792,118.0,153.27,Alta,Sim,6,4.86,0,41,Adiantado
OP-01410,4,Engrenagem,Torno-03,Manhã,3169,158.0,151.93,Média,Não,6,6.68,0,44,Atrasado
OP-01411,1,Engrenagem,Mandrilhadora-A,Tarde,4891,148.0,134.27,Média,Sim,1,5.23,2,5,Atrasado
OP-01412,7,Engrenagem,Torno-03,Manhã,547,36.0,25.46,Baixa,Sim,3,3.71,1,44,Adiantado
OP-01413,4,Suporte,Torno-03,Manhã,1959,87.0,88.25,Média,Sim,2,6.53,1,44,Adiantado
OP-01414,10,Eixo,CNC-01,Tarde,3033,101.0,122.82,Baixa,Sim,4,0.62,0,42,Adiantado
OP-01415,8,Eixo,Torno-03,Manhã,405,58.0,17.58,Média,Não,5,5.76,4,9,Atrasado
OP-01416,10,Suporte,Torno-03,Noite,4881,127.0,191.36,Baixa,Sim,5,4.57,5,18,Atrasado
OP-01417,8,Carcaça,Torno-03,Tarde,2880,94.0,87.82,Urgente,Sim,1,2.16,4,40,Adiantado
OP-01418,6,Flange,Fresadora-01,Manhã,1575,64.0,50.55,Média,Sim,5,5.28,1,19,Adiantado
OP-01419,11,Carcaça,Torno-03,Manhã,1233,71.0,32.93,Alta,Sim,1,7.9,4,21,No_Prazo
OP-01420,6,Suporte,CNC-01,Tarde,55,156.0,2.01,Média,Sim,4,3.1,1,11,No_Prazo
OP-01421,12,Suporte,CNC-01,Manhã,2983,158.0,68.58,Média,Sim,4,5.29,1,21,No_Prazo
OP-01422,12,Carcaça,CNC-01,Manhã,4885,149.0,193.38,Alta,Não,3,3.8,4,23,Atrasado
OP-01423,8,Engrenagem,Fresadora-01,Tarde,229,166.0,6.92,Alta,Sim,6,3.44,1,20,Adiantado
OP-01424,9,Suporte,Mandrilhadora-A,Manhã,2099,172.0,50.64,Alta,Não,4,2.8,5,13,Atrasado
OP-01425,4,Carcaça,Mandrilhadora-A,Tarde,3327,96.0,52.86,Alta,Sim,6,2.22,5,6,No_Prazo
OP-01426,10,Carcaça,CNC-02,Tarde,2183,31.0,44.14,Baixa,Sim,3,2.27,3,29,No_Prazo
OP-01427,9,Flange,CNC-01,Manhã,3272,147.0,116.51,Urgente,Sim,3,6.31,3,5,Atrasado
OP-01428,11,Suporte,Fresadora-01,Noite,3577,120.0,88.69,Média,Não,4,2.93,1,40,Atrasado
OP-01429,4,Carcaça,CNC-01,Tarde,4829,78.0,54.7,Alta,Sim,2,4.47,3,6,Atrasado
OP-01430,10,Carcaça,Fresadora-01,Tarde,3041,176.0,70.52,Alta,Sim,5,2.1,2,43,Adiantado
OP-01431,6,Carcaça,CNC-02,Manhã,3563,71.0,87.84,Média,Não,2,2.09,3,26,Atrasado
OP-01432,3,Carcaça,Mandrilhadora-A,Tarde,1544,165.0,29.91,Média,Sim,1,4.9,0,21,No_Prazo
OP-01433,3,Eixo,Fresadora-01,Manhã,796,113.0,17.08,Urgente,Sim,3,4.87,2,39,Adiantado
OP-01434,7,Suporte,Fresadora-01,Tarde,544,21.0,20.78,Baixa,Sim,5,4.29,0,21,Adiantado
OP-01435,4,Flange,Torno-03,Manhã,591,157.0,23.55,Média,Sim,4,5.7,2,8,No_Prazo
OP-01436,2,Carcaça,Mandrilhadora-A,Noite,4145,141.0,200.44,Alta,Sim,1,5.28,4,25,Atrasado
OP-01437,6,Carcaça,Torno-03,Manhã,251,121.0,3.7,Média,Sim,1,2.0,0,23,Adiantado
OP-01438,8,Carcaça,Fresadora-01,Noite,2442,116.0,54.87,Média,Sim,5,0.92,4,42,Adiantado
OP-01439,4,Flange,CNC-02,Noite,3086,51.0,40.37,Alta,Sim,6,2.52,4,25,No_Prazo
OP-01440,12,Flange,Torno-03,Tarde,3378,50.0,116.65,Urgente,Sim,2,3.73,1,6,No_Prazo
OP-01441,10,Engrenagem,Mandrilhadora-A,Manhã,376,20.0,4.01,Média,Sim,6,2.06,1,17,Adiantado
OP-01442,7,Suporte,CNC-02,Manhã,4309,40.0,78.49,Urgente,Sim,3,4.12,4,16,No_Prazo
OP-01443,12,Flange,CNC-01,Noite,2214,71.0,74.12,Baixa,Sim,1,0.78,4,12,Atrasado
OP-01444,6,Flange,CNC-02,Tarde,137,104.0,3.34,Média,Sim,2,4.08,3,11,No_Prazo
OP-01445,2,Suporte,CNC-02,Tarde,707,37.0,22.46,Baixa,Sim,6,3.14,0,6,Adiantado
OP-01446,1,Carcaça,Torno-03,Manhã,4303,107.0,153.23,Média,Sim,2,7.69,3,36,Atrasado
OP-01447,12,Engrenagem,CNC-01,Noite,4718,58.0,205.5,Alta,Sim,6,7.08,1,20,No_Prazo
OP-01448,12,Flange,CNC-01,Manhã,3771,57.0,96.97,Média,Sim,4,7.63,1,19,Atrasado
OP-01449,9,Suporte,CNC-02,Manhã,1700,171.0,35.96,Média,Não,5,5.44,3,21,Atrasado
OP-01450,2,Carcaça,Torno-03,Manhã,4736,179.0,149.43,Alta,Sim,3,7.79,5,44,No_Prazo
OP-01451,4,Suporte,CNC-01,Tarde,1414,149.0,18.08,Alta,Sim,1,1.92,1,33,Adiantado
OP-01452,1,Suporte,CNC-02,Noite,1206,24.0,14.08,Alta,Não,3,4.49,1,45,No_Prazo
OP-01453,1,Carcaça,CNC-02,Noite,3836,135.0,107.75,Alta,Sim,6,6.07,1,28,No_Prazo
OP-01454,3,Carcaça,CNC-01,Manhã,1645,44.0,30.8,Urgente,Sim,6,4.12,1,40,Adiantado
OP-01455,7,Suporte,CNC-02,Manhã,2623,109.0,26.99,Alta,Sim,3,2.1,5,42,Adiantado
OP-01456,1,Eixo,CNC-02,Noite,3324,162.0,123.57,Urgente,Sim,1,5.4,0,24,No_Prazo
OP-01457,12,Flange,CNC-01,Tarde,872,78.0,37.19,Urgente,Não,2,7.78,1,24,Atrasado
OP-01458,6,Suporte,Fresadora-01,Manhã,4632,168.0,73.72,Alta,Sim,3,4.42,3,43,No_Prazo
OP-01459,4,Engrenagem,CNC-01,Manhã,873,132.0,28.42,Baixa,Sim,6,2.36,2,34,Adiantado
OP-01460,7,Suporte,Torno-03,Tarde,4963,65.0,244.97,Média,Sim,4,0.8,5,19,Atrasado
OP-01461,10,Flange,Fresadora-01,Noite,1423,31.0,29.53,Média,Sim,3,1.28,3,16,Adiantado
OP-01462,4,Carcaça,Mandrilhadora-A,Tarde,2112,150.0,82.86,Baixa,Sim,5,6.33,0,19,No_Prazo
OP-01463,1,Eixo,Torno-03,Manhã,1303,91.0,21.48,Média,Sim,2,4.14,2,14,No_Prazo
OP-01464,1,Carcaça,Torno-03,Tarde,2719,27.0,128.56,Média,Não,2,2.06,0,23,Atrasado
OP-01465,11,Flange,Fresadora-01,Manhã,54,32.0,0.54,Média,Sim,5,6.95,2,31,Adiantado
OP-01466,2,Flange,Mandrilhadora-A,Noite,894,175.0,19.48,Alta,Sim,3,3.77,5,32,No_Prazo
OP-01467,8,Suporte,CNC-02,Manhã,2620,55.0,128.53,Média,Sim,4,6.47,2,4,No_Prazo
OP-01468,5,Flange,Fresadora-01,Manhã,3485,174.0,128.34,Urgente,Sim,5,6.58,3,5,Atrasado
OP-01469,10,Carcaça,Torno-03,Tarde,4815,127.0,88.95,Alta,Sim,5,5.88,2,30,No_Prazo
OP-01470,1,Engrenagem,CNC-01,Manhã,4194,65.0,174.7,Alta,Sim,4,7.79,5,26,Atrasado
OP-01471,11,Suporte,Fresadora-01,Manhã,4612,78.0,211.8,Baixa,Sim,1,7.23,3,5,Atrasado
OP-01472,9,Carcaça,Mandrilhadora-A,Tarde,4003,143.0,118.05,Urgente,Sim,6,1.44,4,44,Adiantado
OP-01473,6,Eixo,CNC-01,Noite,3893,87.0,63.23,Baixa,Sim,1,3.08,4,45,No_Prazo
OP-01474,3,Eixo,CNC-01,Noite,1761,27.0,35.83,Alta,Sim,1,7.66,4,5,Atrasado
OP-01475,12,Flange,Mandrilhadora-A,Manhã,4529,53.0,216.14,Baixa,Sim,2,5.42,5,3,Atrasado
OP-01476,4,Suporte,Torno-03,Manhã,4818,157.0,79.23,Baixa,Sim,2,3.83,2,6,Atrasado
OP-01477,6,Carcaça,CNC-02,Tarde,2592,130.0,58.26,Média,Não,5,6.97,0,31,Atrasado
OP-01478,5,Suporte,Fresadora-01,Tarde,645,98.0,10.2,Alta,Sim,4,5.29,1,43,Adiantado
OP-01479,3,Suporte,CNC-02,Manhã,261,56.0,3.71,Alta,Sim,6,3.28,1,20,Adiantado
OP-01480,5,Flange,CNC-02,Noite,2495,93.0,77.05,Alta,Sim,1,2.53,3,38,Adiantado
OP-01481,2,Suporte,CNC-02,Noite,3192,145.0,82.57,Alta,Sim,6,6.88,0,12,Atrasado
OP-01482,1,Eixo,Torno-03,Manhã,2795,28.0,33.11,Média,Sim,3,6.85,2,3,Atrasado
OP-01483,4,Flange,CNC-01,Noite,4486,179.0,70.91,Urgente,Sim,4,7.39,4,23,Atrasado
OP-01484,2,Engrenagem,CNC-02,Tarde,2705,157.0,31.12,Média,Sim,1,6.38,2,22,No_Prazo
OP-01485,5,Engrenagem,CNC-02,Manhã,3321,67.0,36.48,Urgente,Sim,5,1.89,2,45,Adiantado
OP-01486,11,Carcaça,CNC-01,Tarde,3801,159.0,65.14,Alta,Sim,4,3.41,3,16,Atrasado
OP-01487,2,Carcaça,Fresadora-01,Manhã,4479,127.0,178.02,Média,Sim,5,2.96,0,21,No_Prazo
OP-01488,1,Flange,CNC-01,Manhã,3067,125.0,32.48,Média,Não,6,2.43,0,10,Atrasado
OP-01489,2,Engrenagem,Mandrilhadora-A,Noite,2809,38.0,62.3,Alta,Não,2,6.46,4,20,Atrasado
OP-01490,7,Engrenagem,CNC-01,Tarde,431,164.0,14.05,Urgente,Sim,6,1.43,3,5,Adiantado
OP-01491,4,Engrenagem,CNC-02,Manhã,3229,89.0,128.35,Alta,Sim,3,4.09,4,17,No_Prazo
OP-01492,6,Suporte,CNC-01,Tarde,940,148.0,34.89,Alta,Sim,2,6.99,2,13,No_Prazo
OP-01493,1,Eixo,CNC-02,Noite,1875,64.0,92.88,Urgente,Sim,5,6.42,1,19,No_Prazo
OP-01494,4,Eixo,Fresadora-01,Tarde,2684,66.0,56.43,Média,Sim,1,2.51,4,31,No_Prazo
OP-01495,5,Carcaça,CNC-01,Noite,459,174.0,4.59,Média,Sim,5,0.77,4,36,Adiantado
OP-01496,6,Carcaça,Torno-03,Noite,3488,97.0,40.21,Alta,Não,6,3.6,0,16,Atrasado
OP-01497,7,Suporte,Fresadora-01,Manhã,1438,25.0,19.99,Média,Sim,2,4.95,5,40,No_Prazo
OP-01498,10,Eixo,Torno-03,Tarde,2595,153.0,127.18,Alta,Sim,4,6.91,3,16,No_Prazo
OP-01499,6,Flange,CNC-01,Tarde,1783,52.0,58.49,Média,Sim,5,4.46,1,6,No_Prazo
OP-01500,11,Eixo,Fresadora-01,Noite,1809,160.0,75.93,Alta,Sim,4,2.49,2,14,Adiantado
OP-01501,7,Carcaça,CNC-01,Manhã,1999,166.0,98.76,Média,Sim,6,5.68,3,13,No_Prazo
OP-01502,4,Engrenagem,CNC-01,Manhã,303,27.0,13.26,Alta,Sim,5,3.51,0,7,Adiantado
OP-01503,3,Suporte,Torno-03,Manhã,1017,111.0,26.75,Média,Sim,2,6.69,0,31,Adiantado
OP-01504,4,Flange,CNC-02,Tarde,3940,177.0,177.44,Média,Sim,3,0.68,2,28,No_Prazo
OP-01505,8,Suporte,CNC-01,Noite,653,169.0,17.86,Baixa,Sim,5,3.64,5,16,Adiantado
OP-01506,3,Flange,Fresadora-01,Noite,2511,102.0,36.56,Alta,Não,3,3.67,2,34,Atrasado
OP-01507,11,Engrenagem,Torno-03,Tarde,743,127.0,23.72,Média,Sim,3,4.91,5,12,No_Prazo
OP-01508,6,Suporte,Mandrilhadora-A,Manhã,2717,115.0,126.69,Média,Sim,6,3.19,4,45,Adiantado
OP-01509,11,Suporte,Torno-03,Manhã,3236,49.0,133.91,Alta,Sim,1,3.52,5,18,No_Prazo
OP-01510,9,Flange,Torno-03,Noite,2371,123.0,61.83,Média,Sim,3,6.01,0,12,No_Prazo
OP-01511,5,Eixo,Mandrilhadora-A,Tarde,3868,70.0,170.94,Média,Não,3,1.78,5,35,Atrasado
OP-01512,3,Eixo,CNC-01,Noite,1363,71.0,38.94,Média,Sim,5,2.29,4,10,No_Prazo
OP-01513,9,Flange,CNC-02,Manhã,2811,84.0,105.08,Média,Não,6,1.27,5,44,No_Prazo
OP-01514,4,Eixo,Fresadora-01,Tarde,1418,156.0,33.08,Média,Sim,6,2.43,0,33,Adiantado
OP-01515,3,Eixo,CNC-02,Noite,2569,54.0,45.7,Média,Sim,3,4.29,1,11,No_Prazo
OP-01516,12,Eixo,Mandrilhadora-A,Manhã,364,56.0,8.2,Média,Sim,3,1.92,3,16,Adiantado
OP-01517,6,Engrenagem,CNC-02,Manhã,1381,16.0,62.15,Média,Não,1,1.05,3,44,No_Prazo
OP-01518,1,Carcaça,Torno-03,Tarde,3552,41.0,176.15,Média,Sim,6,7.97,3,24,No_Prazo
OP-01519,6,Eixo,Mandrilhadora-A,Tarde,3901,176.0,80.19,Média,Sim,2,3.91,5,26,No_Prazo
OP-01520,6,Engrenagem,CNC-02,Noite,1395,87.0,23.18,Média,Sim,2,6.74,0,33,Adiantado
OP-01521,11,Engrenagem,Mandrilhadora-A,Noite,1328,47.0,17.06,Média,Sim,3,6.04,1,14,No_Prazo
OP-01522,9,Carcaça,CNC-01,Tarde,1527,174.0,61.31,Média,Sim,6,1.74,0,21,Adiantado
OP-01523,3,Flange,CNC-02,Manhã,1432,19.0,44.56,Urgente,Sim,6,4.34,3,21,Adiantado
OP-01524,2,Eixo,Torno-03,Tarde,4967,95.0,160.16,Média,Sim,2,4.76,1,18,Atrasado
OP-01525,8,Flange,Torno-03,Noite,3272,148.0,38.64,Alta,Sim,4,1.68,3,16,No_Prazo
OP-01526,1,Engrenagem,Mandrilhadora-A,Tarde,1959,143.0,25.94,Média,Sim,2,1.34,2,21,No_Prazo
OP-01527,4,Eixo,Mandrilhadora-A,Noite,2336,46.0,108.82,Média,Sim,3,2.47,1,36,Adiantado
OP-01528,2,Eixo,Fresadora-01,Tarde,2577,132.0,85.22,Alta,Sim,5,2.46,2,22,No_Prazo
OP-01529,1,Carcaça,Fresadora-01,Manhã,2787,118.0,52.31,Baixa,Sim,4,2.58,3,6,No_Prazo
OP-01530,12,Engrenagem,CNC-02,Tarde,1963,126.0,35.92,Urgente,Não,6,2.39,5,3,Atrasado
OP-01531,2,Flange,Mandrilhadora-A,Tarde,4873,59.0,95.69,Média,Sim,4,4.6,1,3,Atrasado
OP-01532,1,Suporte,Fresadora-01,Manhã,1486,149.0,18.65,Baixa,Sim,5,2.71,1,11,No_Prazo
OP-01533,12,Carcaça,CNC-01,Manhã,2165,107.0,25.96,Média,Sim,3,6.29,5,35,No_Prazo
OP-01534,3,Flange,Mandrilhadora-A,Tarde,78,135.0,3.03,Alta,Sim,5,0.89,5,29,Adiantado
OP-01535,10,Eixo,CNC-02,Manhã,2483,170.0,51.03,Baixa,Sim,5,5.16,5,18,Atrasado
OP-01536,1,Eixo,Torno-03,Manhã,4281,156.0,108.65,Média,Não,6,6.29,5,3,Atrasado
OP-01537,2,Eixo,Torno-03,Tarde,4986,144.0,157.03,Urgente,Sim,3,3.78,1,17,Atrasado
OP-01538,2,Suporte,Mandrilhadora-A,Noite,2392,63.0,54.54,Média,Sim,4,2.89,1,14,No_Prazo
OP-01539,9,Eixo,CNC-02,Tarde,740,24.0,21.57,Baixa,Sim,5,2.77,3,24,Adiantado
OP-01540,8,Suporte,CNC-02,Noite,3613,110.0,161.14,Baixa,Sim,6,2.96,4,21,No_Prazo
OP-01541,6,Suporte,CNC-01,Noite,3220,21.0,63.64,Alta,Sim,1,1.38,4,10,No_Prazo
OP-01542,3,Carcaça,CNC-02,Tarde,4795,133.0,199.71,Média,Não,1,4.86,5,21,Atrasado
OP-01543,2,Eixo,CNC-01,Manhã,2550,137.0,52.42,Alta,Sim,1,5.18,5,8,Atrasado
OP-01544,7,Carcaça,Torno-03,Noite,64,108.0,1.12,Urgente,Sim,1,3.42,1,5,No_Prazo
OP-01545,3,Flange,Mandrilhadora-A,Manhã,4508,43.0,58.18,Baixa,Sim,2,7.67,1,42,No_Prazo
OP-01546,8,Suporte,Torno-03,Noite,3391,159.0,126.72,Baixa,Não,2,7.34,3,40,Atrasado
OP-01547,9,Suporte,Mandrilhadora-A,Tarde,4010,113.0,106.13,Média,Não,1,2.73,1,45,Atrasado
OP-01548,11,Carcaça,Mandrilhadora-A,Manhã,637,100.0,26.0,Média,Não,6,5.99,4,6,Atrasado
OP-01549,6,Flange,CNC-01,Tarde,2313,109.0,35.4,Baixa,Sim,5,1.37,4,32,Adiantado
OP-01550,1,Suporte,Torno-03,Tarde,2316,29.0,79.05,Média,Sim,2,6.18,4,40,No_Prazo
OP-01551,4,Eixo,Torno-03,Noite,1374,137.0,14.45,Alta,Sim,3,6.02,0,20,No_Prazo
OP-01552,11,Flange,CNC-02,Manhã,4241,25.0,82.08,Baixa,Sim,3,3.17,4,45,No_Prazo
OP-01553,7,Flange,Mandrilhadora-A,Noite,980,110.0,33.7,Urgente,Sim,6,3.4,1,44,Adiantado
OP-01554,8,Suporte,CNC-02,Manhã,403,43.0,4.93,Urgente,Não,1,4.9,2,10,Atrasado
OP-01555,6,Suporte,CNC-01,Noite,1209,49.0,30.33,Média,Sim,6,2.6,3,40,Adiantado
OP-01556,2,Engrenagem,Torno-03,Noite,4948,53.0,160.64,Alta,Sim,1,4.8,0,6,Atrasado
OP-01557,11,Carcaça,CNC-02,Manhã,611,17.0,23.89,Alta,Sim,4,7.16,4,9,Adiantado
OP-01558,10,Suporte,CNC-02,Manhã,2925,162.0,111.81,Média,Sim,4,3.84,4,8,No_Prazo
OP-01559,12,Engrenagem,Torno-03,Noite,956,148.0,15.23,Média,Sim,2,2.03,2,45,Adiantado
OP-01560,11,Carcaça,Fresadora-01,Noite,2005,20.0,26.08,Baixa,Sim,1,4.69,2,39,Adiantado
OP-01561,4,Suporte,CNC-02,Manhã,2781,24.0,69.68,Média,Sim,3,5.4,1,15,No_Prazo
OP-01562,4,Engrenagem,CNC-02,Tarde,146,144.0,2.87,Alta,Não,6,4.44,3,44,Adiantado
OP-01563,3,Flange,CNC-01,Noite,1243,16.0,27.63,Média,Sim,4,0.68,5,8,No_Prazo
OP-01564,12,Carcaça,CNC-02,Manhã,2954,92.0,70.01,Média,Não,6,5.52,2,28,Atrasado
OP-01565,7,Eixo,Torno-03,Tarde,121,33.0,3.13,Alta,Sim,3,0.78,5,40,Adiantado
OP-01566,6,Carcaça,Fresadora-01,Tarde,2499,113.0,76.83,Urgente,Sim,4,3.63,2,43,Adiantado
OP-01567,12,Flange,CNC-02,Manhã,3037,180.0,31.5,Baixa,Não,6,3.61,0,12,Atrasado
OP-01568,8,Eixo,CNC-01,Noite,1115,43.0,24.44,Média,Não,3,6.85,5,36,Atrasado
OP-01569,11,Eixo,Torno-03,Manhã,852,173.0,17.53,Baixa,Sim,6,6.97,2,32,Adiantado
OP-01570,12,Flange,Fresadora-01,Noite,2477,158.0,48.17,Urgente,Sim,6,6.31,3,27,Adiantado
OP-01571,1,Suporte,CNC-01,Tarde,3607,178.0,149.85,Média,Sim,4,6.65,2,37,No_Prazo
OP-01572,5,Carcaça,Torno-03,Tarde,113,141.0,2.27,Baixa,Sim,3,2.14,3,42,Adiantado
OP-01573,9,Engrenagem,CNC-01,Tarde,1722,156.0,27.62,Alta,Sim,2,5.87,4,9,No_Prazo
OP-01574,10,Carcaça,Torno-03,Tarde,4997,113.0,220.23,Média,Sim,2,6.12,5,23,Atrasado
OP-01575,2,Flange,Fresadora-01,Noite,1711,158.0,43.32,Baixa,Sim,6,6.34,5,12,Atrasado
OP-01576,4,Engrenagem,Fresadora-01,Tarde,1693,33.0,29.39,Alta,Não,3,6.46,1,20,Atrasado
OP-01577,7,Carcaça,Fresadora-01,Noite,3701,137.0,148.22,Alta,Sim,6,1.72,0,19,No_Prazo
OP-01578,10,Eixo,Fresadora-01,Tarde,2427,119.0,88.07,Baixa,Sim,3,2.43,4,33,No_Prazo
OP-01579,2,Suporte,CNC-02,Manhã,1986,25.0,94.95,Urgente,Sim,2,6.38,1,29,Adiantado
OP-01580,8,Suporte,Mandrilhadora-A,Manhã,3934,63.0,177.47,Baixa,Sim,4,1.61,2,35,Adiantado
OP-01581,4,Engrenagem,CNC-02,Noite,202,51.0,7.63,Baixa,Sim,2,1.43,4,33,Adiantado
OP-01582,3,Eixo,CNC-02,Tarde,3578,82.0,58.82,Média,Sim,3,7.83,3,18,No_Prazo
OP-01583,7,Suporte,Fresadora-01,Tarde,1934,48.0,56.72,Baixa,Não,3,7.76,3,30,Atrasado
OP-01584,5,Eixo,CNC-02,Tarde,4448,60.0,65.61,Média,Sim,5,3.03,4,23,No_Prazo
OP-01585,8,Engrenagem,CNC-01,Tarde,3638,64.0,116.33,Média,Sim,6,0.56,3,26,No_Prazo
OP-01586,4,Engrenagem,Fresadora-01,Tarde,4709,114.0,219.78,Baixa,Sim,4,3.49,5,12,Atrasado
OP-01587,10,Carcaça,Fresadora-01,Tarde,687,37.0,6.98,Urgente,Sim,6,0.69,1,14,Adiantado
OP-01588,1,Engrenagem,Torno-03,Noite,986,55.0,44.41,Média,Não,2,1.58,2,8,Atrasado
OP-01589,11,Engrenagem,CNC-01,Manhã,4520,67.0,142.71,Média,Não,4,2.18,2,9,Atrasado
OP-01590,1,Flange,Fresadora-01,Tarde,1982,89.0,31.81,Média,Sim,3,6.79,4,18,No_Prazo
OP-01591,9,Engrenagem,CNC-01,Manhã,4087,21.0,180.79,Alta,Sim,3,3.31,5,10,Atrasado
OP-01592,5,Suporte,Torno-03,Noite,3449,180.0,108.56,Baixa,Sim,5,0.56,2,24,No_Prazo
OP-01593,5,Flange,Torno-03,Tarde,2523,65.0,70.46,Baixa,Sim,3,5.28,5,33,No_Prazo
OP-01594,1,Suporte,Fresadora-01,Tarde,272,62.0,8.16,Alta,Não,2,1.03,3,9,Atrasado
OP-01595,9,Flange,Mandrilhadora-A,Noite,415,107.0,6.6,Baixa,Sim,3,7.21,1,11,No_Prazo
OP-01596,2,Suporte,CNC-01,Tarde,3598,156.0,52.21,Alta,Não,1,2.34,5,10,Atrasado
OP-01597,8,Suporte,CNC-01,Manhã,531,90.0,19.36,Média,Não,4,2.28,1,37,Atrasado
OP-01598,9,Flange,Torno-03,Tarde,74,56.0,3.35,Alta,Sim,5,3.48,4,8,Adiantado
OP-01599,11,Engrenagem,Mandrilhadora-A,Manhã,1136,108.0,42.92,Baixa,Sim,1,1.31,5,42,Adiantado
OP-01600,9,Eixo,CNC-01,Noite,4574,95.0,199.57,Urgente,Sim,3,0.67,4,40,Adiantado
OP-01601,4,Engrenagem,Torno-03,Tarde,3151,85.0,137.99,Média,Sim,2,7.36,3,19,Atrasado
OP-01602,9,Engrenagem,Torno-03,Noite,3604,177.0,40.66,Baixa,Sim,1,6.98,5,32,Atrasado
OP-01603,10,Eixo,CNC-02,Noite,3278,179.0,133.87,Alta,Sim,1,7.37,1,10,Atrasado
OP-01604,4,Eixo,Fresadora-01,Noite,2849,108.0,116.48,Baixa,Sim,3,5.57,1,9,Atrasado
OP-01605,2,Engrenagem,CNC-02,Tarde,1319,26.0,31.65,Média,Sim,4,0.6,3,31,Adiantado
OP-01606,11,Eixo,Torno-03,Manhã,2173,109.0,57.35,Média,Sim,4,7.8,4,31,No_Prazo
OP-01607,2,Flange,Mandrilhadora-A,Manhã,2746,172.0,109.34,Baixa,Sim,1,5.82,1,15,Atrasado
OP-01608,8,Engrenagem,CNC-02,Noite,4940,168.0,244.34,Média,Sim,1,3.61,3,23,Atrasado
OP-01609,3,Eixo,CNC-01,Noite,4501,51.0,222.86,Média,Sim,1,5.99,4,25,Atrasado
OP-01610,2,Engrenagem,Mandrilhadora-A,Noite,3695,46.0,106.98,Média,Sim,5,4.75,3,27,No_Prazo
OP-01611,10,Engrenagem,CNC-02,Manhã,4075,40.0,169.45,Média,Sim,4,5.54,0,15,No_Prazo
OP-01612,2,Engrenagem,Fresadora-01,Manhã,4046,150.0,115.89,Alta,Sim,3,6.68,5,38,No_Prazo
OP-01613,9,Flange,Fresadora-01,Noite,3355,96.0,149.76,Média,Sim,1,7.52,2,28,Atrasado
OP-01614,9,Suporte,Torno-03,Manhã,4135,71.0,148.81,Média,Sim,1,6.47,2,23,Atrasado
OP-01615,1,Suporte,CNC-01,Tarde,412,69.0,19.56,Média,Sim,3,7.22,3,25,Adiantado
OP-01616,3,Suporte,Mandrilhadora-A,Manhã,158,60.0,7.88,Média,Sim,6,4.76,1,15,Adiantado
OP-01617,10,Suporte,Fresadora-01,Manhã,2249,161.0,52.19,Baixa,Sim,1,3.04,0,17,No_Prazo
OP-01618,7,Carcaça,Torno-03,Tarde,320,83.0,15.74,Média,Sim,4,5.52,5,36,No_Prazo
OP-01619,2,Eixo,Mandrilhadora-A,Noite,1730,55.0,65.22,Baixa,Sim,4,4.67,4,8,No_Prazo
OP-01620,12,Suporte,Fresadora-01,Noite,1031,132.0,20.13,Alta,Sim,6,0.92,1,9,Adiantado
OP-01621,4,Carcaça,Fresadora-01,Tarde,4790,120.0,48.5,Baixa,Não,2,4.82,3,10,Atrasado
OP-01622,1,Flange,CNC-01,Tarde,3293,133.0,123.01,Baixa,Sim,2,3.63,4,42,No_Prazo
OP-01623,12,Carcaça,Fresadora-01,Noite,257,151.0,4.86,Média,Sim,4,3.27,5,37,Adiantado
OP-01624,1,Engrenagem,CNC-02,Tarde,3138,32.0,60.42,Média,Sim,3,5.93,5,43,No_Prazo
OP-01625,7,Carcaça,CNC-01,Tarde,3675,15.0,117.92,Alta,Sim,2,7.14,0,16,No_Prazo
OP-01626,12,Flange,CNC-02,Tarde,1659,23.0,18.64,Alta,Sim,4,1.98,4,17,Adiantado
OP-01627,7,Eixo,CNC-01,Manhã,4419,132.0,117.79,Urgente,Sim,6,6.46,0,15,No_Prazo
OP-01628,8,Engrenagem,CNC-01,Manhã,4866,169.0,204.25,Média,Não,6,1.77,3,36,Atrasado
OP-01629,5,Suporte,Fresadora-01,Noite,4904,70.0,54.39,Baixa,Não,1,4.82,3,35,Atrasado
OP-01630,2,Flange,Torno-03,Tarde,510,144.0,17.83,Alta,Sim,5,6.86,5,42,Adiantado
OP-01631,7,Eixo,CNC-02,Manhã,2272,135.0,37.11,Alta,Não,5,7.29,3,15,Atrasado
OP-01632,11,Eixo,CNC-01,Manhã,3894,176.0,173.34,Baixa,Sim,4,2.81,2,42,No_Prazo
OP-01633,2,Carcaça,Fresadora-01,Noite,2241,93.0,57.43,Baixa,Sim,3,6.64,3,43,No_Prazo
OP-01634,11,Flange,Fresadora-01,Tarde,2430,42.0,103.24,Média,Não,5,7.09,0,7,Atrasado
OP-01635,5,Engrenagem,Torno-03,Tarde,1675,141.0,65.25,Média,Sim,4,1.8,0,17,Adiantado
OP-01636,7,Eixo,CNC-01,Manhã,2123,150.0,95.78,Média,Sim,1,3.39,4,10,Atrasado
OP-01637,2,Engrenagem,CNC-01,Noite,3488,132.0,106.99,Média,Não,1,6.32,2,45,Atrasado
OP-01638,8,Suporte,CNC-01,Noite,176,157.0,5.18,Urgente,Sim,5,0.61,4,24,Adiantado
OP-01639,3,Carcaça,CNC-01,Tarde,4006,76.0,46.06,Média,Sim,3,5.19,2,3,Atrasado
OP-01640,4,Carcaça,Mandrilhadora-A,Manhã,3652,129.0,114.5,Alta,Sim,4,3.61,5,26,No_Prazo
OP-01641,9,Suporte,CNC-02,Tarde,736,59.0,22.73,Baixa,Não,5,4.38,1,10,Atrasado
OP-01642,1,Suporte,Fresadora-01,Noite,3869,89.0,132.54,Alta,Sim,2,3.64,2,17,Atrasado
OP-01643,6,Flange,Mandrilhadora-A,Noite,2630,55.0,40.08,Alta,Sim,6,1.97,1,27,Adiantado
OP-01644,8,Suporte,Mandrilhadora-A,Noite,1628,40.0,51.44,Baixa,Sim,2,3.11,0,6,No_Prazo
OP-01645,2,Engrenagem,CNC-02,Tarde,2304,21.0,64.88,Média,Não,3,6.96,0,42,Atrasado
OP-01646,4,Flange,Torno-03,Manhã,2608,126.0,88.25,Média,Sim,2,5.08,0,21,No_Prazo
OP-01647,5,Flange,Torno-03,Tarde,1092,159.0,39.77,Média,Sim,5,4.08,0,30,Adiantado
OP-01648,8,Engrenagem,CNC-01,Noite,3051,67.0,74.62,Alta,Não,1,5.8,2,15,Atrasado
OP-01649,12,Flange,Fresadora-01,Manhã,3164,86.0,95.43,Alta,Sim,3,1.88,2,36,Adiantado
OP-01650,11,Suporte,Torno-03,Manhã,1869,16.0,48.23,Alta,Sim,2,1.13,4,22,No_Prazo
OP-01651,3,Eixo,CNC-02,Tarde,2329,83.0,94.6,Média,Sim,5,4.61,4,25,No_Prazo
OP-01652,1,Flange,Torno-03,Tarde,3097,61.0,129.63,Alta,Sim,1,0.59,3,14,No_Prazo
OP-01653,1,Eixo,Fresadora-01,Noite,2542,110.0,55.21,Alta,Sim,4,1.61,3,11,No_Prazo
OP-01654,8,Eixo,CNC-01,Manhã,2198,165.0,44.8,Baixa,Sim,5,5.88,1,21,No_Prazo
OP-01655,2,Engrenagem,Fresadora-01,Manhã,4783,99.0,177.61,Alta,Sim,5,7.26,1,16,No_Prazo
OP-01656,3,Eixo,Mandrilhadora-A,Manhã,4396,126.0,180.06,Baixa,Sim,4,2.64,1,28,No_Prazo
OP-01657,11,Carcaça,Fresadora-01,Tarde,1929,131.0,20.13,Baixa,Sim,4,3.37,2,28,No_Prazo
OP-01658,11,Carcaça,Fresadora-01,Noite,3606,40.0,97.71,Alta,Sim,1,5.61,2,18,Atrasado
OP-01659,11,Suporte,CNC-01,Tarde,4060,72.0,90.58,Baixa,Sim,4,6.54,1,8,Atrasado
OP-01660,4,Suporte,Fresadora-01,Tarde,596,34.0,24.23,Baixa,Sim,5,2.45,2,12,Adiantado
OP-01661,8,Suporte,Fresadora-01,Manhã,2979,88.0,46.89,Baixa,Sim,2,6.7,0,14,Atrasado
OP-01662,8,Flange,Torno-03,Tarde,4008,161.0,164.85,Alta,Sim,2,7.8,5,20,Atrasado
OP-01663,3,Flange,Torno-03,Noite,334,94.0,12.18,Baixa,Sim,2,1.16,4,35,Adiantado
OP-01664,7,Suporte,Fresadora-01,Noite,1720,90.0,75.19,Média,Sim,3,2.18,5,14,No_Prazo
OP-01665,7,Suporte,CNC-01,Manhã,3999,50.0,198.39,Média,Sim,1,5.95,1,34,No_Prazo
OP-01666,5,Flange,CNC-02,Tarde,4681,66.0,136.04,Média,Sim,6,0.78,3,5,No_Prazo
OP-01667,10,Flange,Fresadora-01,Manhã,4962,170.0,188.44,Média,Sim,4,2.63,4,31,No_Prazo
OP-01668,9,Flange,Mandrilhadora-A,Manhã,3036,65.0,116.58,Alta,Sim,5,6.83,2,30,Adiantado
OP-01669,7,Eixo,CNC-02,Manhã,260,136.0,11.38,Alta,Sim,6,5.61,5,37,Adiantado
OP-01670,9,Eixo,Torno-03,Manhã,186,22.0,5.71,Alta,Sim,4,5.31,1,30,Adiantado
OP-01671,10,Engrenagem,Mandrilhadora-A,Manhã,4065,36.0,58.15,Alta,Sim,5,5.09,1,16,No_Prazo
OP-01672,7,Flange,CNC-01,Noite,3685,66.0,181.21,Média,Sim,4,4.26,3,16,Atrasado
OP-01673,4,Suporte,CNC-02,Manhã,1009,164.0,12.38,Baixa,Sim,5,6.25,2,37,Adiantado
OP-01674,10,Suporte,CNC-01,Noite,697,51.0,33.8,Média,Sim,1,6.99,3,44,No_Prazo
OP-01675,9,Carcaça,CNC-02,Noite,771,135.0,15.59,Média,Sim,5,6.47,5,24,No_Prazo
OP-01676,12,Engrenagem,Fresadora-01,Tarde,4392,43.0,130.44,Alta,Sim,3,4.12,1,36,Adiantado
OP-01677,2,Suporte,CNC-02,Tarde,3835,116.0,184.18,Baixa,Sim,3,6.34,4,45,No_Prazo
OP-01678,6,Suporte,Mandrilhadora-A,Noite,4744,112.0,175.84,Alta,Sim,2,6.17,1,41,No_Prazo
OP-01679,12,Flange,Mandrilhadora-A,Manhã,612,118.0,20.45,Média,Sim,3,3.92,0,4,No_Prazo
OP-01680,7,Eixo,Mandrilhadora-A,Tarde,3491,62.0,80.42,Média,Sim,3,3.01,4,23,No_Prazo
OP-01681,12,Eixo,Fresadora-01,Tarde,4622,42.0,100.28,Urgente,Sim,3,3.58,3,28,No_Prazo
OP-01682,1,Suporte,Fresadora-01,Noite,2687,161.0,30.39,Média,Não,6,4.2,3,25,Atrasado
OP-01683,1,Carcaça,Torno-03,Noite,3881,109.0,129.83,Baixa,Sim,4,1.6,2,28,No_Prazo
OP-01684,10,Suporte,Mandrilhadora-A,Noite,3030,50.0,82.43,Média,Sim,5,2.14,2,32,No_Prazo
OP-01685,5,Flange,CNC-01,Tarde,84,83.0,1.59,Média,Sim,6,1.26,4,12,Adiantado
OP-01686,7,Suporte,Fresadora-01,Tarde,2172,26.0,55.1,Média,Sim,4,1.04,3,28,Adiantado
OP-01687,6,Engrenagem,CNC-01,Noite,1343,93.0,63.98,Urgente,Sim,3,4.75,0,31,Adiantado
OP-01688,5,Suporte,CNC-02,Noite,463,85.0,20.34,Alta,Sim,5,5.74,3,31,Adiantado
OP-01689,12,Engrenagem,CNC-02,Tarde,2998,37.0,81.59,Alta,Sim,1,5.1,0,28,No_Prazo
OP-01690,2,Carcaça,Fresadora-01,Noite,4647,88.0,228.62,Alta,Não,5,5.95,1,21,Atrasado
OP-01691,10,Carcaça,Fresadora-01,Noite,316,121.0,9.0,Média,Sim,1,3.55,5,18,No_Prazo
OP-01692,11,Flange,CNC-01,Tarde,1679,168.0,40.24,Urgente,Sim,3,6.49,5,8,No_Prazo
OP-01693,8,Eixo,Fresadora-01,Manhã,3364,131.0,85.84,Média,Sim,2,6.11,5,35,Atrasado
OP-01694,5,Suporte,CNC-02,Manhã,1598,98.0,71.89,Baixa,Não,6,5.83,0,37,Atrasado
OP-01695,2,Suporte,CNC-01,Noite,626,142.0,12.96,Urgente,Não,4,6.25,5,45,Atrasado
OP-01696,9,Suporte,Torno-03,Manhã,997,61.0,18.83,Média,Sim,4,2.24,1,19,Adiantado
OP-01697,6,Flange,Torno-03,Tarde,171,125.0,8.28,Baixa,Sim,4,4.77,1,12,No_Prazo
OP-01698,2,Eixo,CNC-02,Tarde,4962,16.0,195.36,Alta,Não,5,6.31,3,29,Atrasado
OP-01699,5,Engrenagem,CNC-02,Noite,2482,27.0,100.65,Média,Sim,1,1.24,2,28,No_Prazo
OP-01700,12,Eixo,Mandrilhadora-A,Noite,4715,118.0,186.77,Baixa,Sim,1,2.35,2,18,Atrasado
OP-01701,4,Flange,CNC-02,Noite,3444,47.0,128.52,Média,Sim,6,4.18,5,17,No_Prazo
OP-01702,3,Flange,Mandrilhadora-A,Tarde,1779,129.0,24.28,Média,Sim,4,3.61,3,23,No_Prazo
OP-01703,9,Flange,Mandrilhadora-A,Manhã,4714,120.0,189.25,Média,Sim,5,7.36,1,21,No_Prazo
OP-01704,3,Eixo,CNC-02,Tarde,1337,26.0,26.68,Baixa,Não,3,6.13,5,30,Atrasado
OP-01705,12,Carcaça,Torno-03,Manhã,944,80.0,14.44,Média,Não,6,0.81,4,34,No_Prazo
OP-01706,11,Eixo,Fresadora-01,Tarde,4036,116.0,199.06,Média,Sim,1,3.99,1,27,No_Prazo
OP-01707,12,Carcaça,Torno-03,Noite,2789,133.0,31.0,Média,Sim,3,6.22,0,32,No_Prazo
OP-01708,11,Eixo,Torno-03,Tarde,2141,150.0,24.12,Média,Sim,4,5.52,0,9,No_Prazo
OP-01709,3,Flange,CNC-02,Tarde,2961,70.0,66.32,Baixa,Não,3,4.53,1,16,Atrasado
OP-01710,3,Suporte,CNC-01,Tarde,4840,153.0,211.84,Média,Não,6,1.14,0,13,Atrasado
OP-01711,5,Eixo,CNC-01,Noite,1436,73.0,70.53,Média,Não,1,7.36,5,37,Atrasado
OP-01712,6,Eixo,CNC-02,Tarde,4511,16.0,66.5,Média,Sim,5,3.61,0,10,No_Prazo
OP-01713,11,Eixo,Fresadora-01,Tarde,4558,116.0,117.68,Alta,Sim,6,1.59,5,40,Adiantado
OP-01714,9,Carcaça,CNC-02,Manhã,3809,55.0,149.97,Média,Sim,1,1.13,4,27,No_Prazo
OP-01715,8,Engrenagem,CNC-01,Tarde,828,36.0,29.66,Baixa,Sim,4,6.39,0,10,No_Prazo
OP-01716,11,Flange,CNC-02,Manhã,495,58.0,9.57,Baixa,Sim,1,5.1,2,19,No_Prazo
OP-01717,8,Suporte,Torno-03,Tarde,645,152.0,14.94,Alta,Sim,4,2.39,0,5,Adiantado
OP-01718,5,Suporte,CNC-02,Noite,3525,166.0,119.06,Média,Sim,3,4.5,1,13,Atrasado
OP-01719,5,Flange,CNC-02,Manhã,2029,174.0,23.16,Alta,Sim,5,7.6,1,28,Adiantado
OP-01720,7,Engrenagem,CNC-01,Tarde,4936,65.0,199.06,Alta,Sim,2,4.2,4,4,Atrasado
OP-01721,2,Engrenagem,CNC-02,Manhã,81,90.0,1.7,Baixa,Sim,3,3.43,1,25,Adiantado
OP-01722,9,Flange,CNC-02,Manhã,1897,147.0,81.82,Média,Sim,1,2.81,4,36,No_Prazo
OP-01723,8,Carcaça,Mandrilhadora-A,Manhã,1357,67.0,50.68,Urgente,Sim,5,1.87,4,13,No_Prazo
OP-01724,9,Engrenagem,Mandrilhadora-A,Manhã,4413,79.0,158.06,Média,Sim,1,7.33,5,5,Atrasado
OP-01725,7,Carcaça,CNC-02,Noite,649,54.0,26.41,Média,Sim,5,1.79,3,29,Adiantado
OP-01726,10,Suporte,CNC-01,Noite,2070,109.0,26.92,Média,Sim,3,0.91,2,19,No_Prazo
OP-01727,12,Engrenagem,CNC-01,Tarde,4340,124.0,88.53,Média,Sim,6,1.57,4,20,No_Prazo
OP-01728,7,Eixo,CNC-02,Tarde,4858,68.0,149.96,Alta,Sim,1,1.87,4,22,No_Prazo
OP-01729,6,Eixo,Torno-03,Noite,4585,19.0,188.38,Baixa,Sim,4,3.69,1,28,No_Prazo
OP-01730,2,Carcaça,Torno-03,Noite,3285,136.0,144.42,Média,Sim,2,7.32,1,22,Atrasado
OP-01731,10,Flange,CNC-02,Tarde,856,117.0,21.64,Média,Não,1,1.51,3,16,Atrasado
OP-01732,11,Eixo,CNC-02,Manhã,527,51.0,22.0,Urgente,Sim,6,1.6,5,8,Adiantado
OP-01733,9,Eixo,CNC-02,Tarde,2084,67.0,39.2,Baixa,Sim,6,3.78,3,45,Adiantado
OP-01734,11,Flange,Torno-03,Noite,2421,173.0,32.19,Alta,Sim,6,7.28,5,33,No_Prazo
OP-01735,11,Engrenagem,Fresadora-01,Manhã,2594,119.0,51.53,Baixa,Sim,2,7.45,3,31,No_Prazo
OP-01736,10,Eixo,CNC-01,Tarde,296,113.0,13.65,Alta,Não,5,7.63,3,12,Atrasado
OP-01737,7,Engrenagem,Torno-03,Manhã,3393,121.0,107.77,Média,Não,3,1.45,2,3,Atrasado
OP-01738,2,Suporte,Fresadora-01,Manhã,2005,172.0,58.65,Média,Sim,2,5.79,3,30,No_Prazo
OP-01739,1,Suporte,Fresadora-01,Tarde,588,71.0,23.36,Urgente,Sim,3,5.36,0,41,Adiantado
OP-01740,3,Flange,Torno-03,Manhã,4581,61.0,47.66,Alta,Sim,2,0.73,3,19,No_Prazo
OP-01741,6,Engrenagem,Torno-03,Noite,1816,77.0,26.75,Baixa,Sim,4,5.54,2,8,Atrasado
OP-01742,9,Eixo,Fresadora-01,Noite,1199,147.0,16.77,Urgente,Sim,4,5.73,3,25,Adiantado
OP-01743,6,Carcaça,CNC-02,Manhã,2487,35.0,36.97,Média,Sim,2,5.42,5,45,No_Prazo
OP-01744,1,Eixo,Torno-03,Noite,4755,49.0,133.8,Alta,Sim,5,2.12,2,22,No_Prazo
OP-01745,3,Engrenagem,CNC-02,Noite,4132,53.0,87.71,Alta,Sim,4,2.99,4,17,Atrasado
OP-01746,12,Engrenagem,Torno-03,Tarde,544,120.0,22.54,Alta,Sim,4,4.65,4,44,Adiantado
OP-01747,12,Carcaça,CNC-01,Tarde,3449,121.0,150.24,Média,Não,1,1.54,1,13,Atrasado
OP-01748,5,Engrenagem,CNC-02,Noite,3340,76.0,156.97,Alta,Não,5,1.69,5,17,Atrasado
OP-01749,10,Flange,CNC-01,Tarde,4435,61.0,79.13,Alta,Não,3,5.74,3,13,Atrasado
OP-01750,9,Carcaça,CNC-02,Manhã,4830,140.0,145.45,Média,Não,3,1.74,4,9,Atrasado
OP-01751,12,Suporte,Torno-03,Manhã,3741,20.0,44.7,Urgente,Sim,1,0.63,0,41,Adiantado
OP-01752,11,Flange,Torno-03,Manhã,3288,137.0,64.43,Média,Sim,6,1.89,1,18,No_Prazo
OP-01753,8,Eixo,Mandrilhadora-A,Tarde,1800,50.0,62.29,Média,Sim,4,1.07,5,37,Adiantado
OP-01754,5,Engrenagem,CNC-01,Manhã,4500,164.0,121.03,Alta,Não,5,2.62,3,24,Atrasado
OP-01755,8,Engrenagem,Mandrilhadora-A,Tarde,4718,83.0,177.53,Baixa,Sim,4,6.2,0,34,No_Prazo
OP-01756,4,Carcaça,CNC-02,Tarde,4955,121.0,215.88,Alta,Sim,1,6.4,3,5,Atrasado
OP-01757,5,Engrenagem,Fresadora-01,Noite,4775,35.0,59.12,Média,Sim,5,1.04,5,27,No_Prazo
OP-01758,8,Engrenagem,Fresadora-01,Tarde,3227,57.0,153.43,Média,Sim,3,4.78,0,42,No_Prazo
OP-01759,7,Carcaça,Mandrilhadora-A,Noite,4783,131.0,55.94,Alta,Sim,4,1.16,1,45,Adiantado
OP-01760,7,Flange,CNC-01,Noite,3922,106.0,193.22,Alta,Sim,4,1.9,2,11,No_Prazo
OP-01761,5,Eixo,Mandrilhadora-A,Manhã,1238,142.0,43.96,Alta,Não,5,6.38,2,35,Atrasado
OP-01762,5,Suporte,CNC-01,Tarde,208,108.0,2.44,Baixa,Sim,2,7.79,0,43,Adiantado
OP-01763,1,Flange,Mandrilhadora-A,Manhã,4904,109.0,126.25,Média,Sim,6,2.54,1,34,Adiantado
OP-01764,8,Carcaça,Fresadora-01,Noite,2165,157.0,44.01,Alta,Não,3,6.33,3,20,Atrasado
OP-01765,7,Flange,Torno-03,Tarde,4373,85.0,183.42,Urgente,Sim,5,3.07,3,8,Atrasado
OP-01766,12,Suporte,CNC-02,Manhã,1476,163.0,28.07,Alta,Sim,4,6.38,0,26,Adiantado
OP-01767,7,Carcaça,CNC-01,Manhã,1835,76.0,78.99,Média,Sim,4,4.78,4,4,No_Prazo
OP-01768,6,Flange,Mandrilhadora-A,Tarde,4129,69.0,92.88,Média,Sim,4,4.6,2,32,No_Prazo
OP-01769,1,Eixo,Fresadora-01,Noite,2650,144.0,131.35,Média,Sim,4,6.57,5,20,Atrasado
OP-01770,3,Carcaça,Mandrilhadora-A,Noite,3404,17.0,70.86,Média,Sim,6,5.72,5,5,Atrasado
OP-01771,5,Eixo,Fresadora-01,Manhã,1634,43.0,61.11,Baixa,Não,2,7.78,3,33,Atrasado
OP-01772,5,Engrenagem,Mandrilhadora-A,Manhã,3091,27.0,129.85,Baixa,Sim,2,3.22,0,20,No_Prazo
OP-01773,5,Flange,Mandrilhadora-A,Tarde,2460,99.0,45.9,Alta,Sim,6,7.66,0,24,Adiantado
OP-01774,5,Carcaça,Torno-03,Tarde,4661,119.0,60.73,Média,Sim,6,6.71,1,15,No_Prazo
OP-01775,10,Engrenagem,Fresadora-01,Manhã,2485,17.0,79.64,Média,Não,3,4.2,2,21,Atrasado
OP-01776,2,Carcaça,CNC-02,Manhã,489,42.0,18.13,Alta,Sim,2,4.26,2,10,No_Prazo
OP-01777,4,Carcaça,Fresadora-01,Noite,3696,65.0,157.79,Média,Sim,5,7.26,4,11,Atrasado
OP-01778,2,Carcaça,Fresadora-01,Tarde,4771,64.0,99.76,Alta,Sim,6,4.91,3,31,Adiantado
OP-01779,4,Flange,Torno-03,Tarde,4419,31.0,198.38,Alta,Não,6,3.03,1,38,Atrasado
OP-01780,9,Eixo,Fresadora-01,Tarde,548,44.0,25.55,Alta,Sim,2,0.81,5,10,No_Prazo
OP-01781,1,Flange,CNC-02,Tarde,4992,155.0,205.51,Alta,Sim,2,2.75,5,9,Atrasado
OP-01782,5,Engrenagem,Fresadora-01,Tarde,1767,131.0,18.21,Alta,Sim,4,2.13,3,28,Adiantado
OP-01783,1,Carcaça,Torno-03,Manhã,4178,64.0,56.36,Média,Não,2,1.47,1,27,Atrasado
OP-01784,12,Suporte,CNC-02,Manhã,3169,58.0,158.16,Alta,Sim,6,5.54,5,19,No_Prazo
OP-01785,9,Flange,Mandrilhadora-A,Noite,4866,28.0,191.52,Alta,Sim,3,3.47,4,45,No_Prazo
OP-01786,3,Flange,CNC-01,Noite,1740,73.0,61.02,Média,Sim,2,1.21,0,44,Adiantado
OP-01787,3,Suporte,Fresadora-01,Tarde,3058,81.0,140.83,Alta,Sim,6,2.95,1,30,Adiantado
OP-01788,2,Flange,CNC-02,Manhã,3428,164.0,39.72,Baixa,Sim,6,1.55,1,41,Adiantado
OP-01789,6,Carcaça,CNC-02,Manhã,814,138.0,32.8,Média,Não,6,4.99,3,22,Atrasado
OP-01790,10,Carcaça,CNC-01,Manhã,3888,94.0,140.7,Baixa,Sim,4,3.7,5,3,Atrasado
OP-01791,8,Carcaça,CNC-01,Noite,759,37.0,33.34,Alta,Sim,5,7.51,0,7,Adiantado
OP-01792,11,Suporte,CNC-01,Noite,4151,123.0,170.67,Média,Sim,3,5.07,0,37,No_Prazo
OP-01793,5,Suporte,Mandrilhadora-A,Tarde,675,169.0,19.84,Média,Sim,1,6.24,4,8,No_Prazo
OP-01794,4,Eixo,Mandrilhadora-A,Noite,937,28.0,12.03,Média,Sim,4,3.01,2,10,Adiantado
OP-01795,6,Engrenagem,Torno-03,Manhã,2499,155.0,115.89,Alta,Sim,1,6.16,0,32,No_Prazo
OP-01796,3,Flange,CNC-01,Tarde,951,45.0,38.55,Urgente,Não,2,6.01,2,23,Atrasado
OP-01797,12,Carcaça,Mandrilhadora-A,Manhã,429,131.0,10.41,Baixa,Não,2,7.93,0,13,Atrasado
OP-01798,3,Engrenagem,Fresadora-01,Manhã,308,45.0,15.2,Baixa,Sim,4,5.46,5,37,Adiantado
OP-01799,6,Flange,Torno-03,Noite,1467,114.0,32.93,Alta,Sim,5,7.37,5,33,No_Prazo
OP-01800,7,Engrenagem,Mandrilhadora-A,Noite,2479,54.0,61.53,Média,Sim,2,7.0,2,15,No_Prazo
OP-01801,1,Flange,Torno-03,Manhã,267,104.0,13.08,Média,Não,5,7.39,4,11,Atrasado
OP-01802,6,Engrenagem,CNC-02,Manhã,730,114.0,26.81,Alta,Sim,5,4.8,5,34,Adiantado
OP-01803,6,Suporte,Fresadora-01,Tarde,3077,117.0,138.98,Alta,Sim,4,2.18,0,13,No_Prazo
OP-01804,4,Carcaça,Torno-03,Manhã,1627,128.0,74.05,Média,Sim,4,4.89,3,13,No_Prazo
OP-01805,2,Suporte,Fresadora-01,Tarde,3801,26.0,119.57,Média,Sim,3,7.41,1,40,No_Prazo
OP-01806,1,Suporte,Fresadora-01,Tarde,4210,131.0,87.06,Baixa,Sim,1,7.8,1,40,Atrasado
OP-01807,1,Eixo,Mandrilhadora-A,Manhã,200,41.0,8.78,Urgente,Sim,1,7.6,3,45,Adiantado
OP-01808,6,Flange,CNC-02,Manhã,4745,127.0,142.71,Alta,Sim,1,3.81,0,21,No_Prazo
OP-01809,2,Engrenagem,CNC-01,Manhã,3433,35.0,111.83,Média,Sim,3,6.53,5,34,No_Prazo
OP-01810,12,Eixo,Torno-03,Noite,4119,94.0,130.39,Urgente,Sim,4,4.16,2,11,No_Prazo
OP-01811,3,Flange,Fresadora-01,Manhã,2416,79.0,25.09,Média,Sim,1,5.69,5,45,Adiantado
OP-01812,8,Suporte,Mandrilhadora-A,Tarde,53,175.0,0.63,Alta,Sim,1,3.74,0,5,Adiantado
OP-01813,9,Engrenagem,CNC-02,Manhã,4431,119.0,153.56,Alta,Sim,5,2.77,4,39,Adiantado
OP-01814,6,Carcaça,Fresadora-01,Tarde,2861,30.0,119.53,Alta,Sim,4,3.81,2,29,Adiantado
OP-01815,11,Flange,Mandrilhadora-A,Manhã,233,131.0,6.59,Alta,Não,6,2.8,4,43,Adiantado
OP-01816,2,Carcaça,Mandrilhadora-A,Manhã,874,47.0,15.4,Baixa,Sim,6,3.67,3,32,Adiantado
OP-01817,3,Flange,Mandrilhadora-A,Tarde,1069,62.0,28.08,Baixa,Sim,6,5.58,3,11,Adiantado
OP-01818,4,Flange,Mandrilhadora-A,Tarde,1909,77.0,77.76,Baixa,Sim,1,2.01,3,32,No_Prazo
OP-01819,2,Suporte,Fresadora-01,Manhã,2239,143.0,32.12,Alta,Sim,3,5.58,2,34,No_Prazo
OP-01820,4,Carcaça,CNC-02,Manhã,2168,171.0,70.26,Média,Sim,3,1.05,2,24,No_Prazo
OP-01821,4,Engrenagem,Torno-03,Noite,4347,168.0,165.57,Média,Não,5,0.51,5,28,Atrasado
OP-01822,10,Flange,Fresadora-01,Manhã,4717,43.0,125.63,Baixa,Sim,6,2.25,5,20,Atrasado
OP-01823,4,Engrenagem,CNC-02,Manhã,3409,25.0,116.08,Média,Sim,5,2.02,3,14,No_Prazo
OP-01824,11,Flange,Fresadora-01,Tarde,3187,152.0,144.5,Média,Não,6,6.75,0,29,Atrasado
OP-01825,10,Carcaça,Torno-03,Manhã,4326,63.0,80.09,Média,Sim,1,6.17,0,24,Atrasado
OP-01826,11,Carcaça,Fresadora-01,Tarde,1374,111.0,21.16,Média,Sim,1,5.5,5,4,Atrasado
OP-01827,2,Eixo,Torno-03,Tarde,2812,176.0,34.96,Baixa,Sim,3,5.8,1,35,No_Prazo
OP-01828,12,Eixo,Fresadora-01,Tarde,3231,46.0,126.17,Baixa,Sim,5,5.47,4,13,No_Prazo
OP-01829,8,Flange,CNC-01,Tarde,1463,77.0,67.33,Urgente,Sim,2,6.7,4,4,Atrasado
OP-01830,12,Eixo,Fresadora-01,Tarde,4761,158.0,179.09,Alta,Sim,2,4.5,4,13,Atrasado
OP-01831,5,Engrenagem,Mandrilhadora-A,Noite,1215,122.0,59.61,Alta,Sim,2,0.63,1,41,Adiantado
OP-01832,12,Eixo,Mandrilhadora-A,Manhã,342,170.0,13.11,Urgente,Não,5,6.97,3,36,No_Prazo
OP-01833,8,Flange,Mandrilhadora-A,Manhã,1650,119.0,35.54,Média,Sim,5,4.03,2,21,No_Prazo
OP-01834,1,Flange,CNC-02,Tarde,4089,65.0,82.69,Alta,Sim,3,7.46,1,21,No_Prazo
OP-01835,5,Carcaça,CNC-01,Manhã,1904,148.0,69.81,Média,Sim,1,7.2,4,21,No_Prazo
OP-01836,2,Flange,Fresadora-01,Manhã,1123,140.0,41.59,Baixa,Não,2,3.5,4,4,Atrasado
OP-01837,12,Eixo,CNC-01,Manhã,4367,169.0,135.17,Média,Sim,2,7.5,3,18,Atrasado
OP-01838,4,Suporte,CNC-02,Tarde,807,94.0,25.08,Alta,Sim,3,0.94,5,41,Adiantado
OP-01839,3,Suporte,Fresadora-01,Manhã,835,98.0,22.27,Média,Sim,3,5.47,3,30,Adiantado
OP-01840,7,Flange,Torno-03,Tarde,4499,68.0,107.96,Média,Sim,2,5.61,4,19,Atrasado
OP-01841,6,Flange,Fresadora-01,Noite,1640,59.0,57.99,Alta,Sim,6,6.8,4,45,Adiantado
OP-01842,2,Eixo,Fresadora-01,Tarde,59,179.0,2.35,Baixa,Sim,3,4.04,5,6,No_Prazo
OP-01843,10,Carcaça,CNC-01,Manhã,2195,176.0,93.37,Alta,Sim,2,2.3,3,40,Adiantado
OP-01844,11,Carcaça,Fresadora-01,Noite,3718,102.0,82.96,Alta,Sim,3,0.83,0,20,No_Prazo
OP-01845,9,Engrenagem,Torno-03,Manhã,3797,173.0,168.24,Média,Sim,5,4.0,5,24,Atrasado
OP-01846,8,Eixo,Torno-03,Noite,481,74.0,10.63,Baixa,Sim,6,3.9,5,43,Adiantado
OP-01847,5,Eixo,Torno-03,Tarde,1442,155.0,32.01,Média,Não,3,3.17,4,43,Atrasado
OP-01848,7,Carcaça,Torno-03,Manhã,3109,120.0,131.32,Alta,Sim,4,5.27,5,37,Adiantado
OP-01849,7,Engrenagem,Torno-03,Noite,3318,133.0,161.84,Alta,Não,2,4.49,1,25,Atrasado
OP-01850,2,Eixo,CNC-02,Tarde,3123,134.0,147.68,Alta,Sim,5,1.37,5,28,Adiantado
OP-01851,1,Eixo,CNC-02,Tarde,1722,120.0,24.87,Baixa,Sim,5,0.86,0,41,Adiantado
OP-01852,4,Flange,CNC-01,Tarde,4320,156.0,93.05,Média,Sim,2,7.18,3,35,No_Prazo
OP-01853,6,Eixo,CNC-02,Tarde,436,80.0,17.61,Alta,Sim,4,6.07,3,15,Adiantado
OP-01854,2,Flange,CNC-02,Tarde,4121,155.0,174.11,Alta,Sim,6,3.97,5,25,No_Prazo
OP-01855,2,Suporte,Torno-03,Noite,4702,45.0,141.86,Baixa,Sim,2,4.22,3,38,Atrasado
OP-01856,11,Carcaça,Mandrilhadora-A,Manhã,3441,48.0,36.63,Baixa,Não,3,1.36,3,37,Atrasado
OP-01857,5,Engrenagem,CNC-01,Tarde,2176,133.0,65.44,Baixa,Não,5,2.48,1,15,Atrasado
OP-01858,8,Engrenagem,CNC-02,Tarde,1933,139.0,21.74,Média,Sim,1,6.69,2,39,No_Prazo
OP-01859,7,Engrenagem,CNC-01,Tarde,2207,164.0,46.91,Alta,Não,4,1.45,2,27,Atrasado
OP-01860,9,Carcaça,Mandrilhadora-A,Tarde,873,60.0,31.67,Urgente,Sim,4,1.28,5,17,Adiantado
OP-01861,9,Suporte,Fresadora-01,Manhã,1148,24.0,17.66,Baixa,Sim,4,4.69,3,24,Adiantado
OP-01862,4,Flange,CNC-02,Noite,3196,99.0,123.04,Média,Não,2,6.8,1,22,Atrasado
OP-01863,11,Suporte,Torno-03,Manhã,2773,159.0,96.65,Média,Sim,5,3.34,0,6,No_Prazo
OP-01864,5,Flange,Fresadora-01,Manhã,2510,175.0,68.24,Média,Sim,2,5.34,5,12,No_Prazo
OP-01865,11,Eixo,Mandrilhadora-A,Tarde,2400,157.0,59.73,Baixa,Sim,4,7.27,3,8,Atrasado
OP-01866,5,Flange,Torno-03,Manhã,435,96.0,20.27,Média,Sim,2,7.18,2,32,Adiantado
OP-01867,2,Suporte,CNC-02,Manhã,4344,157.0,139.56,Média,Sim,6,4.01,1,20,No_Prazo
OP-01868,10,Engrenagem,Fresadora-01,Manhã,4780,50.0,217.76,Alta,Sim,3,2.72,1,8,Atrasado
OP-01869,1,Suporte,Fresadora-01,Tarde,1264,167.0,33.49,Alta,Sim,3,4.8,3,28,Adiantado
OP-01870,10,Flange,Fresadora-01,Noite,1606,109.0,54.26,Alta,Sim,2,7.43,3,23,No_Prazo
OP-01871,1,Engrenagem,CNC-01,Tarde,3170,79.0,152.74,Média,Não,4,5.61,3,32,Atrasado
OP-01872,3,Eixo,Fresadora-01,Manhã,60,111.0,0.9,Média,Sim,5,7.66,3,44,Adiantado
OP-01873,8,Flange,CNC-01,Noite,555,144.0,11.38,Média,Sim,4,4.84,5,45,Adiantado
OP-01874,12,Eixo,Mandrilhadora-A,Manhã,4513,55.0,210.61,Baixa,Sim,2,0.66,1,23,No_Prazo
OP-01875,5,Eixo,Mandrilhadora-A,Noite,904,32.0,24.3,Baixa,Não,1,3.86,3,4,Atrasado
OP-01876,2,Suporte,Torno-03,Tarde,2906,136.0,60.68,Média,Sim,1,7.27,4,5,Atrasado
OP-01877,3,Flange,Fresadora-01,Manhã,4417,172.0,220.38,Urgente,Sim,6,0.75,2,8,No_Prazo
OP-01878,11,Flange,CNC-01,Tarde,3678,120.0,51.82,Urgente,Sim,1,5.13,2,3,Atrasado
OP-01879,9,Suporte,Mandrilhadora-A,Manhã,1396,39.0,48.11,Alta,Sim,2,3.33,3,30,Adiantado
OP-01880,2,Engrenagem,CNC-02,Noite,805,121.0,33.43,Alta,Sim,3,3.53,4,43,Adiantado
OP-01881,5,Eixo,CNC-02,Manhã,3603,34.0,149.41,Alta,Sim,2,4.76,2,35,No_Prazo
OP-01882,4,Engrenagem,Fresadora-01,Noite,2052,65.0,56.79,Alta,Sim,1,3.59,0,33,No_Prazo
OP-01883,3,Carcaça,Mandrilhadora-A,Noite,4839,20.0,56.9,Alta,Sim,2,7.4,0,16,Atrasado
OP-01884,11,Engrenagem,Torno-03,Noite,3243,95.0,141.53,Média,Sim,1,2.78,0,33,No_Prazo
OP-01885,8,Carcaça,Torno-03,Noite,104,68.0,4.38,Urgente,Sim,4,6.19,5,25,Adiantado
OP-01886,3,Engrenagem,Torno-03,Manhã,1292,31.0,25.19,Alta,Sim,2,1.19,0,18,Adiantado
OP-01887,8,Eixo,CNC-02,Tarde,3735,66.0,88.22,Média,Sim,2,3.0,3,5,Atrasado
OP-01888,5,Suporte,Torno-03,Noite,3522,122.0,107.43,Média,Sim,6,1.68,1,24,No_Prazo
OP-01889,1,Carcaça,Mandrilhadora-A,Manhã,3722,63.0,54.21,Alta,Não,6,2.15,3,21,Atrasado
OP-01890,6,Engrenagem,CNC-02,Manhã,1206,39.0,51.64,Urgente,Sim,1,4.73,4,27,Adiantado
OP-01891,3,Eixo,Fresadora-01,Manhã,1284,105.0,60.2,Média,Sim,6,3.07,0,23,Adiantado
OP-01892,3,Carcaça,Fresadora-01,Manhã,1085,139.0,24.23,Média,Sim,1,0.87,2,35,Adiantado
OP-01893,11,Eixo,Mandrilhadora-A,Noite,3494,152.0,164.08,Média,Sim,4,6.98,2,41,No_Prazo
OP-01894,9,Eixo,Fresadora-01,Tarde,107,93.0,4.5,Média,Sim,4,5.57,4,24,Adiantado
OP-01895,2,Suporte,Mandrilhadora-A,Tarde,4080,132.0,159.58,Média,Sim,4,7.66,3,17,Atrasado
OP-01896,11,Engrenagem,Fresadora-01,Noite,1445,152.0,70.47,Baixa,Sim,3,6.5,4,16,Atrasado
OP-01897,7,Carcaça,Mandrilhadora-A,Manhã,2465,126.0,56.66,Média,Não,5,4.7,3,40,Atrasado
OP-01898,11,Carcaça,Fresadora-01,Noite,1271,102.0,59.26,Média,Sim,1,3.95,1,25,No_Prazo
OP-01899,9,Carcaça,Mandrilhadora-A,Manhã,2155,25.0,30.03,Alta,Sim,3,7.6,3,44,Adiantado
OP-01900,5,Eixo,Mandrilhadora-A,Manhã,3833,63.0,111.62,Média,Sim,6,3.68,5,32,Adiantado
OP-01901,7,Engrenagem,Mandrilhadora-A,Manhã,1032,68.0,33.11,Média,Sim,4,4.59,2,28,Adiantado
OP-01902,7,Flange,Torno-03,Manhã,2870,80.0,42.8,Média,Não,5,3.0,4,5,Atrasado
OP-01903,9,Eixo,Fresadora-01,Tarde,333,172.0,13.15,Alta,Sim,1,2.6,3,34,Adiantado
OP-01904,3,Carcaça,Mandrilhadora-A,Tarde,930,49.0,26.98,Média,Sim,3,6.84,0,23,Adiantado
OP-01905,4,Suporte,CNC-02,Manhã,3438,104.0,97.03,Média,Sim,1,2.35,0,7,No_Prazo
OP-01906,3,Carcaça,CNC-01,Manhã,2862,179.0,95.18,Baixa,Sim,4,1.58,3,17,No_Prazo
OP-01907,4,Suporte,Mandrilhadora-A,Tarde,3076,117.0,47.33,Baixa,Sim,3,5.96,1,22,No_Prazo
OP-01908,2,Suporte,Fresadora-01,Manhã,1165,49.0,20.97,Urgente,Sim,5,6.81,2,41,Adiantado
OP-01909,1,Engrenagem,Torno-03,Noite,1070,173.0,18.43,Média,Sim,5,7.46,2,30,No_Prazo
OP-01910,12,Engrenagem,Fresadora-01,Noite,2156,70.0,103.65,Média,Sim,1,5.5,2,19,No_Prazo
OP-01911,1,Engrenagem,CNC-01,Tarde,688,23.0,28.16,Baixa,Não,3,3.11,4,45,No_Prazo
OP-01912,11,Flange,Torno-03,Tarde,4446,86.0,138.57,Média,Sim,6,4.33,2,30,No_Prazo
OP-01913,1,Eixo,CNC-02,Tarde,1376,55.0,50.06,Alta,Sim,1,1.9,0,44,Adiantado
OP-01914,10,Carcaça,CNC-02,Tarde,3610,150.0,129.96,Alta,Sim,1,2.09,2,22,Atrasado
OP-01915,4,Engrenagem,Mandrilhadora-A,Noite,826,51.0,16.93,Alta,Sim,6,7.22,5,39,Adiantado
OP-01916,7,Carcaça,Torno-03,Noite,3272,150.0,44.06,Média,Sim,3,6.87,2,37,No_Prazo
OP-01917,4,Suporte,CNC-01,Tarde,1059,21.0,34.1,Média,Não,4,2.59,4,33,Atrasado
OP-01918,6,Engrenagem,CNC-02,Tarde,1443,168.0,29.61,Urgente,Sim,2,3.35,2,42,Adiantado
OP-01919,6,Engrenagem,CNC-02,Noite,2089,22.0,93.88,Média,Não,3,7.69,1,26,Atrasado
OP-01920,7,Eixo,Mandrilhadora-A,Manhã,666,170.0,12.95,Alta,Sim,4,3.44,3,6,No_Prazo
OP-01921,5,Eixo,CNC-02,Tarde,666,27.0,21.92,Alta,Sim,2,2.96,2,19,Adiantado
OP-01922,7,Eixo,CNC-02,Tarde,3777,159.0,101.24,Baixa,Sim,6,2.0,4,3,Atrasado
OP-01923,10,Flange,CNC-02,Tarde,1760,152.0,69.9,Urgente,Sim,6,3.56,4,14,No_Prazo
OP-01924,6,Engrenagem,CNC-01,Manhã,2861,113.0,137.41,Média,Sim,4,3.23,0,33,Adiantado
OP-01925,5,Engrenagem,Fresadora-01,Manhã,3250,21.0,86.0,Alta,Sim,2,6.01,0,8,No_Prazo
OP-01926,2,Suporte,Torno-03,Manhã,3132,117.0,36.88,Média,Sim,2,3.1,0,30,No_Prazo
OP-01927,5,Carcaça,Torno-03,Tarde,3155,117.0,115.02,Média,Sim,1,3.94,4,30,No_Prazo
OP-01928,2,Eixo,CNC-02,Noite,4876,107.0,73.96,Média,Sim,5,2.91,2,26,No_Prazo
OP-01929,3,Carcaça,Fresadora-01,Noite,3172,119.0,44.98,Média,Sim,6,2.9,2,32,Adiantado
OP-01930,12,Eixo,CNC-01,Manhã,1774,175.0,64.68,Urgente,Não,6,2.38,2,21,Atrasado
OP-01931,2,Eixo,Mandrilhadora-A,Manhã,1458,179.0,20.58,Baixa,Sim,6,4.24,0,31,Adiantado
OP-01932,6,Engrenagem,Torno-03,Noite,4013,101.0,60.8,Média,Não,1,3.72,3,35,Atrasado
OP-01933,11,Flange,CNC-02,Tarde,2137,30.0,58.9,Baixa,Sim,5,0.93,0,28,Adiantado
OP-01934,12,Flange,Torno-03,Tarde,2816,37.0,79.11,Alta,Sim,2,7.48,3,33,No_Prazo
OP-01935,2,Suporte,Mandrilhadora-A,Manhã,4083,134.0,190.06,Média,Sim,2,3.12,0,35,No_Prazo
OP-01936,2,Engrenagem,CNC-01,Manhã,1214,177.0,25.55,Média,Sim,4,6.18,1,20,No_Prazo
OP-01937,5,Engrenagem,Torno-03,Noite,1150,87.0,29.94,Alta,Sim,5,7.3,5,42,Adiantado
OP-01938,7,Flange,Torno-03,Tarde,311,31.0,11.91,Alta,Sim,5,0.59,3,16,Adiantado
OP-01939,12,Engrenagem,Mandrilhadora-A,Manhã,408,73.0,17.58,Urgente,Não,3,1.42,5,5,Atrasado
OP-01940,3,Engrenagem,Torno-03,Noite,3099,79.0,74.27,Alta,Sim,1,1.93,2,44,Adiantado
OP-01941,2,Suporte,Fresadora-01,Tarde,2542,179.0,89.59,Média,Sim,1,7.14,4,39,Atrasado
OP-01942,4,Carcaça,Fresadora-01,Noite,1523,128.0,53.26,Alta,Sim,1,4.59,2,20,No_Prazo
OP-01943,11,Flange,Mandrilhadora-A,Tarde,1096,34.0,24.25,Baixa,Sim,5,2.83,3,12,Adiantado
OP-01944,1,Engrenagem,CNC-02,Tarde,3492,71.0,51.49,Baixa,Sim,4,0.83,3,11,No_Prazo
OP-01945,5,Carcaça,Fresadora-01,Noite,472,23.0,17.61,Média,Não,3,0.77,0,27,No_Prazo
OP-01946,2,Flange,CNC-02,Noite,3518,123.0,72.9,Média,Sim,5,4.83,3,44,Adiantado
OP-01947,2,Suporte,Mandrilhadora-A,Noite,4529,126.0,102.95,Média,Sim,3,5.77,0,16,No_Prazo
OP-01948,12,Engrenagem,Mandrilhadora-A,Noite,2304,24.0,75.79,Média,Sim,2,3.39,3,33,No_Prazo
OP-01949,1,Flange,CNC-02,Tarde,2499,70.0,41.06,Alta,Sim,5,2.66,0,18,Adiantado
OP-01950,4,Engrenagem,Torno-03,Manhã,2705,164.0,53.18,Urgente,Não,4,6.55,4,27,Atrasado
OP-01951,11,Suporte,Mandrilhadora-A,Manhã,521,151.0,14.51,Baixa,Sim,5,6.99,3,30,No_Prazo
OP-01952,8,Eixo,CNC-01,Noite,3151,110.0,142.23,Média,Sim,5,3.38,2,36,Adiantado
OP-01953,1,Carcaça,Fresadora-01,Manhã,1857,95.0,75.93,Baixa,Não,2,6.11,5,34,Atrasado
OP-01954,6,Engrenagem,Mandrilhadora-A,Noite,2369,179.0,53.79,Baixa,Sim,1,7.02,5,12,Atrasado
OP-01955,12,Suporte,Mandrilhadora-A,Noite,163,134.0,3.6,Urgente,Não,4,3.35,1,7,Atrasado
OP-01956,5,Engrenagem,CNC-01,Noite,4392,172.0,217.38,Baixa,Sim,3,1.71,5,26,Atrasado
OP-01957,7,Suporte,Fresadora-01,Noite,1700,27.0,61.43,Média,Não,6,3.26,2,20,Atrasado
OP-01958,7,Flange,Fresadora-01,Tarde,425,50.0,15.9,Média,Não,2,0.97,2,14,Atrasado
OP-01959,8,Carcaça,CNC-01,Tarde,3921,20.0,47.86,Média,Sim,5,0.77,5,11,No_Prazo
OP-01960,3,Suporte,Fresadora-01,Noite,4900,158.0,69.57,Média,Sim,5,6.69,5,40,No_Prazo
OP-01961,11,Eixo,Fresadora-01,Manhã,2623,130.0,57.12,Urgente,Sim,5,6.9,5,6,No_Prazo
OP-01962,12,Engrenagem,Mandrilhadora-A,Manhã,215,44.0,9.39,Alta,Sim,4,5.35,2,8,No_Prazo
OP-01963,2,Flange,CNC-01,Noite,4959,176.0,230.23,Média,Sim,1,6.93,3,17,Atrasado
OP-01964,10,Flange,Mandrilhadora-A,Tarde,1080,173.0,19.05,Alta,Sim,5,7.52,5,12,No_Prazo
OP-01965,10,Engrenagem,Torno-03,Tarde,1239,52.0,47.79,Alta,Sim,2,5.65,0,5,No_Prazo
OP-01966,9,Flange,CNC-02,Manhã,3556,122.0,159.9,Média,Sim,4,7.34,5,13,Atrasado
OP-01967,5,Eixo,CNC-02,Tarde,1692,125.0,76.4,Alta,Não,2,7.4,5,18,Atrasado
OP-01968,6,Eixo,Fresadora-01,Noite,470,16.0,13.33,Alta,Sim,2,2.56,2,21,Adiantado
OP-01969,11,Engrenagem,Mandrilhadora-A,Tarde,3429,129.0,69.78,Alta,Sim,3,7.62,0,25,No_Prazo
OP-01970,2,Eixo,CNC-02,Tarde,1347,52.0,64.99,Baixa,Sim,3,7.88,2,8,Atrasado
OP-01971,10,Eixo,Mandrilhadora-A,Tarde,4315,164.0,90.89,Alta,Não,6,2.6,0,45,Atrasado
OP-01972,12,Engrenagem,Fresadora-01,Noite,812,153.0,16.33,Alta,Sim,3,5.21,4,26,No_Prazo
OP-01973,9,Flange,CNC-01,Noite,4535,164.0,82.66,Alta,Sim,6,2.15,2,20,No_Prazo
OP-01974,5,Eixo,Torno-03,Tarde,3631,140.0,113.66,Baixa,Sim,5,3.45,2,34,No_Prazo
OP-01975,7,Engrenagem,Mandrilhadora-A,Tarde,1235,42.0,17.64,Baixa,Sim,4,5.18,3,43,Adiantado
OP-01976,1,Flange,CNC-01,Manhã,2915,74.0,95.69,Alta,Não,6,0.78,3,3,Atrasado
OP-01977,12,Engrenagem,CNC-01,Tarde,4695,132.0,224.17,Alta,Sim,6,5.35,0,24,No_Prazo
OP-01978,5,Carcaça,CNC-01,Manhã,369,68.0,11.14,Urgente,Sim,3,4.15,2,41,Adiantado
OP-01979,1,Flange,Torno-03,Tarde,4108,132.0,199.71,Média,Sim,3,1.43,0,13,Atrasado
OP-01980,10,Carcaça,CNC-01,Tarde,2327,70.0,107.57,Média,Sim,4,5.63,3,39,Adiantado
OP-01981,8,Carcaça,Mandrilhadora-A,Manhã,4748,44.0,197.95,Alta,Sim,2,7.57,1,28,No_Prazo
OP-01982,8,Carcaça,CNC-01,Manhã,1082,100.0,37.14,Alta,Sim,2,0.52,2,5,No_Prazo
OP-01983,1,Flange,CNC-01,Manhã,3611,128.0,163.32,Média,Sim,2,3.78,1,40,No_Prazo
OP-01984,10,Flange,CNC-02,Manhã,4840,100.0,155.84,Alta,Sim,4,1.45,4,5,Atrasado
OP-01985,8,Suporte,Fresadora-01,Tarde,1751,121.0,32.02,Média,Sim,6,2.05,1,33,Adiantado
OP-01986,10,Engrenagem,Mandrilhadora-A,Manhã,584,87.0,27.45,Média,Sim,5,4.19,3,27,Adiantado
OP-01987,10,Carcaça,CNC-02,Manhã,1990,143.0,59.87,Baixa,Sim,2,2.68,3,37,No_Prazo
OP-01988,3,Eixo,Torno-03,Noite,3010,122.0,139.39,Média,Sim,5,5.37,4,16,No_Prazo
OP-01989,3,Engrenagem,Fresadora-01,Manhã,3168,110.0,81.5,Alta,Sim,4,2.48,0,8,No_Prazo
OP-01990,12,Eixo,Fresadora-01,Noite,2435,87.0,57.05,Média,Não,6,6.32,4,24,Atrasado
OP-01991,7,Eixo,CNC-01,Tarde,4666,103.0,189.62,Alta,Não,4,1.88,3,35,Atrasado
OP-01992,6,Engrenagem,Mandrilhadora-A,Tarde,2911,23.0,102.98,Média,Sim,6,7.3,4,27,Adiantado
OP-01993,4,Suporte,Mandrilhadora-A,Tarde,3221,125.0,88.86,Alta,Não,5,3.5,4,6,Atrasado
OP-01994,8,Engrenagem,Fresadora-01,Manhã,4784,49.0,215.97,Média,Sim,4,0.92,3,30,No_Prazo
OP-01995,10,Carcaça,Torno-03,Noite,4699,157.0,144.09,Média,Sim,5,1.25,4,20,Atrasado
OP-01996,1,Flange,CNC-02,Noite,1739,149.0,18.28,Média,Sim,6,4.5,1,34,Adiantado
OP-01997,7,Suporte,Mandrilhadora-A,Manhã,1466,102.0,55.31,Urgente,Sim,2,7.33,2,43,Adiantado
OP-01998,12,Eixo,Mandrilhadora-A,Noite,3756,155.0,47.05,Urgente,Sim,5,4.37,2,39,Adiantado
OP-01999,4,Engrenagem,Torno-03,Tarde,2649,126.0,77.47,Média,Sim,6,3.88,2,45,Adiantado
OP-02000,4,Engrenagem,Fresadora-01,Noite,2264,38.0,40.03,Média,Não,4,6.3,3,29,Atrasado
OP-02001,11,Suporte,CNC-02,Noite,3506,137.0,69.0,Baixa,Sim,3,2.2,4,34,Atrasado
OP-02002,1,Suporte,Fresadora-01,Manhã,3320,179.0,163.32,Média,Não,1,5.57,1,7,Atrasado
OP-02003,5,Eixo,CNC-01,Noite,4573,22.0,66.49,Média,Sim,5,2.14,1,10,No_Prazo
OP-02004,6,Eixo,Mandrilhadora-A,Noite,1860,55.0,74.97,Urgente,Não,6,6.84,4,8,Atrasado
OP-02005,10,Carcaça,Torno-03,Tarde,3782,114.0,134.25,Alta,Sim,4,7.11,4,34,No_Prazo
OP-02006,2,Carcaça,Torno-03,Manhã,1174,84.0,20.9,Baixa,Sim,6,1.96,1,29,Adiantado
OP-02007,6,Flange,CNC-01,Noite,4688,120.0,222.27,Urgente,Sim,1,1.58,0,42,No_Prazo
OP-02008,2,Eixo,Torno-03,Tarde,463,112.0,8.36,Alta,Não,4,5.93,2,33,No_Prazo
OP-02009,10,Eixo,CNC-01,Manhã,3763,145.0,115.24,Baixa,Sim,5,5.4,0,40,Adiantado
OP-02010,8,Flange,Mandrilhadora-A,Noite,553,27.0,23.02,Alta,Sim,3,5.16,3,35,Adiantado
OP-02011,6,Flange,Fresadora-01,Tarde,4406,88.0,178.63,Média,Não,6,4.32,4,30,Atrasado
OP-02012,5,Engrenagem,Torno-03,Noite,4799,157.0,109.36,Média,Sim,1,1.47,4,25,Atrasado
OP-02013,2,Engrenagem,Mandrilhadora-A,Tarde,4098,75.0,178.55,Baixa,Sim,6,5.9,2,8,Atrasado
OP-02014,12,Flange,Mandrilhadora-A,Manhã,3952,98.0,191.61,Média,Sim,1,1.72,2,28,No_Prazo
OP-02015,8,Suporte,CNC-01,Noite,2416,19.0,69.97,Baixa,Sim,1,4.57,2,25,No_Prazo
OP-02016,4,Engrenagem,CNC-01,Tarde,1262,52.0,45.55,Alta,Não,5,3.1,4,44,Atrasado
OP-02017,5,Flange,CNC-02,Tarde,4929,92.0,121.16,Média,Sim,6,2.99,5,42,No_Prazo
OP-02018,9,Engrenagem,CNC-01,Tarde,2669,81.0,64.49,Média,Sim,3,6.74,5,17,No_Prazo
OP-02019,9,Eixo,Torno-03,Manhã,4091,133.0,117.77,Urgente,Sim,2,3.92,2,11,Atrasado
OP-02020,6,Suporte,Torno-03,Tarde,3585,116.0,64.12,Urgente,Sim,4,4.2,0,12,No_Prazo
OP-02021,4,Eixo,Torno-03,Tarde,3520,160.0,132.27,Alta,Sim,2,7.22,0,23,No_Prazo
OP-02022,8,Eixo,CNC-01,Noite,1795,156.0,29.84,Alta,Sim,2,4.69,5,44,Adiantado
OP-02023,8,Carcaça,Mandrilhadora-A,Noite,2162,55.0,22.07,Urgente,Sim,1,6.51,5,40,Adiantado
OP-02024,8,Engrenagem,Mandrilhadora-A,Noite,2227,18.0,61.42,Alta,Sim,4,6.97,3,42,Adiantado
OP-02025,1,Engrenagem,Torno-03,Manhã,3032,156.0,39.59,Média,Sim,1,5.71,0,12,No_Prazo
OP-02026,6,Carcaça,CNC-01,Tarde,3605,69.0,117.15,Baixa,Sim,5,1.58,2,3,Atrasado
OP-02027,8,Flange,CNC-02,Manhã,1034,72.0,31.86,Média,Não,2,1.39,4,31,Atrasado
OP-02028,12,Engrenagem,Fresadora-01,Noite,1175,41.0,18.2,Média,Não,6,3.76,4,20,Atrasado
OP-02029,7,Flange,Fresadora-01,Tarde,289,129.0,5.73,Média,Sim,5,0.97,4,22,Adiantado
OP-02030,5,Flange,CNC-02,Noite,2655,61.0,29.15,Média,Não,3,2.76,4,34,Atrasado
OP-02031,7,Eixo,Mandrilhadora-A,Manhã,3360,44.0,113.43,Baixa,Não,3,2.06,0,45,Atrasado
OP-02032,3,Flange,Mandrilhadora-A,Manhã,1089,98.0,23.65,Média,Sim,2,0.79,4,10,No_Prazo
OP-02033,2,Suporte,Torno-03,Noite,3573,139.0,137.63,Média,Sim,1,3.49,5,29,Atrasado
OP-02034,9,Eixo,CNC-02,Tarde,65,59.0,2.29,Média,Sim,1,2.37,2,4,No_Prazo
OP-02035,12,Carcaça,Torno-03,Noite,4339,134.0,108.23,Alta,Sim,4,1.26,3,24,No_Prazo
OP-02036,11,Flange,CNC-01,Noite,3466,91.0,37.67,Média,Sim,6,5.98,1,4,Atrasado
OP-02037,8,Carcaça,Torno-03,Tarde,3432,82.0,78.27,Média,Sim,5,7.34,4,38,Adiantado
OP-02038,1,Engrenagem,CNC-01,Tarde,3550,74.0,81.63,Média,Sim,6,5.16,2,27,No_Prazo
OP-02039,12,Eixo,CNC-01,Tarde,1825,39.0,42.54,Alta,Sim,5,7.47,5,14,No_Prazo
OP-02040,6,Suporte,Torno-03,Noite,4978,70.0,239.63,Alta,Sim,3,1.75,3,12,Atrasado
OP-02041,4,Carcaça,Torno-03,Noite,3745,160.0,62.1,Baixa,Não,6,6.26,2,31,Atrasado
OP-02042,11,Eixo,Mandrilhadora-A,Manhã,946,32.0,19.68,Alta,Sim,2,3.56,3,14,No_Prazo
OP-02043,9,Carcaça,Torno-03,Tarde,4615,173.0,199.81,Alta,Sim,2,4.17,0,19,Atrasado
OP-02044,9,Engrenagem,Mandrilhadora-A,Manhã,3710,33.0,174.39,Urgente,Não,5,5.48,5,3,Atrasado
OP-02045,4,Flange,Mandrilhadora-A,Tarde,1588,75.0,45.63,Alta,Sim,1,6.38,2,18,No_Prazo
OP-02046,12,Eixo,CNC-02,Noite,4742,115.0,149.86,Média,Sim,5,0.95,2,34,No_Prazo
OP-02047,6,Flange,Mandrilhadora-A,Noite,1279,153.0,15.49,Baixa,Sim,2,3.41,2,5,Atrasado
OP-02048,7,Carcaça,Torno-03,Tarde,3240,39.0,137.12,Baixa,Sim,5,6.24,3,39,No_Prazo
OP-02049,10,Suporte,Torno-03,Manhã,3367,38.0,113.75,Baixa,Sim,5,4.51,4,14,No_Prazo
OP-02050,8,Suporte,CNC-01,Manhã,4817,119.0,140.47,Média,Sim,1,3.06,3,34,Atrasado
OP-02051,3,Eixo,CNC-02,Manhã,2871,63.0,63.46,Urgente,Sim,2,0.8,0,9,Adiantado
OP-02052,4,Carcaça,Torno-03,Manhã,4972,121.0,137.98,Baixa,Sim,6,0.56,4,8,Atrasado
OP-02053,5,Flange,CNC-02,Noite,1457,150.0,57.42,Média,Sim,6,3.69,3,40,Adiantado
OP-02054,12,Suporte,Torno-03,Tarde,4018,28.0,53.16,Urgente,Não,4,4.13,5,44,Atrasado
OP-02055,9,Suporte,CNC-01,Manhã,1264,154.0,38.26,Baixa,Sim,3,2.22,1,14,No_Prazo
OP-02056,5,Suporte,CNC-02,Tarde,4996,21.0,56.88,Baixa,Sim,4,6.5,4,44,No_Prazo
OP-02057,9,Suporte,Fresadora-01,Manhã,3830,163.0,156.61,Média,Sim,5,5.93,5,38,No_Prazo
OP-02058,9,Flange,Fresadora-01,Manhã,3147,176.0,58.03,Média,Sim,1,1.91,0,14,Atrasado
OP-02059,5,Suporte,Mandrilhadora-A,Noite,378,125.0,17.44,Média,Sim,2,1.91,5,37,Adiantado
OP-02060,5,Carcaça,Mandrilhadora-A,Manhã,2510,177.0,72.9,Média,Sim,1,6.99,4,45,No_Prazo
OP-02061,11,Eixo,Mandrilhadora-A,Tarde,762,151.0,21.56,Média,Não,4,7.39,4,15,Atrasado
OP-02062,7,Flange,CNC-01,Tarde,4592,22.0,112.11,Baixa,Sim,1,7.88,5,22,Atrasado
OP-02063,2,Engrenagem,Fresadora-01,Manhã,1926,16.0,59.04,Alta,Sim,6,5.65,1,15,Adiantado
OP-02064,9,Eixo,CNC-02,Manhã,4163,18.0,97.92,Média,Sim,3,7.47,0,4,Atrasado
OP-02065,8,Suporte,CNC-02,Manhã,4535,90.0,110.64,Média,Sim,6,1.61,3,43,Adiantado
OP-02066,7,Suporte,CNC-02,Manhã,595,118.0,10.61,Baixa,Não,6,1.67,3,27,Atrasado
OP-02067,9,Eixo,Torno-03,Noite,3808,94.0,90.66,Alta,Sim,2,0.81,5,10,Atrasado
OP-02068,11,Flange,CNC-01,Tarde,1548,127.0,65.74,Alta,Sim,5,4.54,3,25,Adiantado
OP-02069,4,Carcaça,Torno-03,Tarde,588,89.0,11.66,Média,Sim,1,2.16,0,36,Adiantado
OP-02070,6,Engrenagem,CNC-01,Manhã,1340,22.0,57.42,Alta,Não,6,4.77,3,39,No_Prazo
OP-02071,3,Engrenagem,Torno-03,Noite,2772,52.0,123.22,Média,Sim,5,0.56,2,36,Adiantado
OP-02072,8,Eixo,Fresadora-01,Manhã,4283,179.0,156.99,Alta,Sim,5,4.47,5,18,Atrasado
OP-02073,5,Suporte,CNC-01,Noite,3473,72.0,38.99,Urgente,Sim,4,7.17,4,42,Adiantado
OP-02074,5,Eixo,CNC-01,Manhã,1204,69.0,39.06,Baixa,Não,1,5.94,4,35,Atrasado
OP-02075,9,Carcaça,Mandrilhadora-A,Noite,1515,40.0,65.64,Média,Sim,2,3.25,4,22,No_Prazo
OP-02076,5,Carcaça,Fresadora-01,Manhã,1555,178.0,38.3,Média,Sim,5,1.01,1,36,Adiantado
OP-02077,6,Flange,CNC-02,Manhã,3693,53.0,78.71,Alta,Sim,2,2.34,5,45,No_Prazo
OP-02078,6,Eixo,Mandrilhadora-A,Tarde,2618,122.0,59.83,Baixa,Sim,4,4.28,0,4,No_Prazo
OP-02079,4,Engrenagem,CNC-02,Manhã,168,22.0,4.52,Média,Não,5,2.43,1,29,No_Prazo
OP-02080,2,Carcaça,Mandrilhadora-A,Noite,426,26.0,5.46,Alta,Sim,6,6.32,0,31,Adiantado
OP-02081,10,Carcaça,CNC-01,Tarde,424,133.0,8.27,Média,Sim,1,7.51,0,40,Adiantado
OP-02082,2,Flange,Fresadora-01,Tarde,4808,120.0,172.5,Alta,Sim,4,1.82,5,23,No_Prazo
OP-02083,4,Flange,CNC-01,Manhã,2548,127.0,73.64,Baixa,Não,1,0.54,0,17,Atrasado
OP-02084,9,Suporte,CNC-01,Tarde,2480,53.0,49.34,Urgente,Não,2,1.13,0,11,Atrasado
OP-02085,2,Suporte,Torno-03,Manhã,3817,178.0,180.3,Alta,Sim,6,6.52,0,20,No_Prazo
OP-02086,8,Engrenagem,CNC-01,Noite,992,107.0,21.65,Média,Sim,5,0.9,3,20,Adiantado
OP-02087,9,Suporte,Torno-03,Tarde,206,175.0,3.13,Baixa,Sim,5,6.1,1,38,Adiantado
OP-02088,8,Carcaça,CNC-02,Tarde,1390,42.0,24.98,Média,Sim,5,3.54,4,39,Adiantado
OP-02089,4,Suporte,CNC-01,Noite,1082,82.0,23.66,Alta,Não,1,3.7,1,24,Atrasado
OP-02090,1,Flange,Mandrilhadora-A,Tarde,4000,70.0,123.61,Baixa,Sim,4,5.98,1,32,No_Prazo
OP-02091,11,Flange,Mandrilhadora-A,Tarde,4101,140.0,51.89,Urgente,Sim,2,2.9,0,34,No_Prazo
OP-02092,4,Eixo,Mandrilhadora-A,Manhã,3188,138.0,140.9,Alta,Sim,1,6.58,1,29,Atrasado
OP-02093,10,Suporte,CNC-01,Tarde,4554,95.0,205.38,Urgente,Sim,6,1.21,1,35,Adiantado
OP-02094,3,Eixo,CNC-02,Manhã,2349,18.0,53.4,Média,Sim,3,5.89,5,6,Atrasado
OP-02095,2,Eixo,CNC-02,Manhã,1240,44.0,50.86,Média,Não,2,7.28,3,22,Atrasado
OP-02096,10,Eixo,CNC-02,Noite,1691,23.0,57.47,Média,Sim,6,1.73,2,31,Adiantado
OP-02097,12,Eixo,Torno-03,Manhã,751,155.0,32.91,Média,Sim,5,4.66,5,25,No_Prazo
OP-02098,11,Eixo,Torno-03,Tarde,4508,63.0,95.02,Baixa,Não,2,5.31,2,35,Atrasado
OP-02099,10,Engrenagem,Torno-03,Manhã,3040,34.0,104.6,Baixa,Sim,5,1.5,5,16,Atrasado
OP-02100,3,Suporte,CNC-02,Tarde,3874,73.0,50.0,Alta,Sim,5,4.57,2,43,Adiantado
OP-02101,11,Flange,Mandrilhadora-A,Noite,1443,28.0,14.98,Baixa,Sim,2,2.39,5,8,No_Prazo
OP-02102,9,Carcaça,Mandrilhadora-A,Manhã,3604,177.0,162.14,Baixa,Sim,2,6.15,1,37,No_Prazo
OP-02103,3,Engrenagem,CNC-02,Tarde,1686,67.0,36.72,Média,Sim,2,4.76,3,34,Adiantado
OP-02104,2,Suporte,CNC-02,Tarde,2257,169.0,62.78,Alta,Sim,2,3.58,2,6,No_Prazo
OP-02105,11,Engrenagem,Torno-03,Noite,3276,128.0,63.13,Alta,Não,2,6.07,5,13,Atrasado
OP-02106,4,Flange,CNC-02,Manhã,4906,108.0,221.12,Média,Não,3,5.99,1,43,Atrasado
OP-02107,10,Flange,Mandrilhadora-A,Noite,2813,93.0,71.4,Média,Sim,2,2.08,2,32,No_Prazo
OP-02108,2,Flange,Torno-03,Tarde,3564,128.0,61.18,Média,Sim,1,0.69,1,37,No_Prazo
OP-02109,4,Suporte,CNC-01,Tarde,2993,128.0,102.72,Alta,Sim,5,2.36,3,39,Adiantado
OP-02110,4,Carcaça,CNC-01,Manhã,2146,17.0,39.1,Média,Sim,3,7.12,1,3,No_Prazo
OP-02111,4,Eixo,CNC-01,Manhã,4666,165.0,95.32,Baixa,Sim,1,3.48,2,39,Atrasado
OP-02112,9,Carcaça,CNC-02,Tarde,4804,76.0,177.32,Urgente,Sim,5,2.01,3,33,Adiantado
OP-02113,11,Engrenagem,CNC-02,Manhã,1586,73.0,76.71,Baixa,Sim,2,3.27,1,13,No_Prazo
OP-02114,11,Eixo,Mandrilhadora-A,Tarde,4483,82.0,180.18,Média,Não,3,3.37,1,16,Atrasado
OP-02115,9,Eixo,Mandrilhadora-A,Tarde,2283,128.0,34.17,Média,Sim,6,3.91,0,19,No_Prazo
OP-02116,3,Carcaça,CNC-01,Tarde,3712,77.0,83.53,Alta,Sim,2,3.88,0,29,No_Prazo
OP-02117,12,Engrenagem,Mandrilhadora-A,Manhã,2609,77.0,109.2,Média,Não,2,2.74,5,14,Atrasado
OP-02118,7,Eixo,Torno-03,Manhã,3846,25.0,80.79,Urgente,Não,5,2.75,4,15,Atrasado
OP-02119,7,Flange,CNC-02,Tarde,4364,84.0,172.83,Alta,Sim,1,6.5,1,26,Atrasado
OP-02120,9,Carcaça,Torno-03,Tarde,2146,40.0,61.96,Alta,Sim,4,5.47,3,34,Adiantado
OP-02121,10,Flange,Torno-03,Noite,3518,156.0,159.63,Baixa,Não,5,5.6,0,21,Atrasado
OP-02122,12,Carcaça,CNC-01,Tarde,2561,70.0,62.4,Média,Sim,3,1.93,5,11,No_Prazo
OP-02123,7,Suporte,Mandrilhadora-A,Tarde,4005,174.0,189.77,Alta,Sim,1,7.94,4,7,Atrasado
OP-02124,8,Suporte,CNC-01,Manhã,998,128.0,26.24,Urgente,Sim,5,1.15,4,38,Adiantado
OP-02125,9,Suporte,CNC-01,Noite,3658,140.0,142.84,Alta,Sim,5,5.62,1,24,No_Prazo
OP-02126,4,Engrenagem,CNC-02,Manhã,2997,171.0,53.37,Urgente,Não,3,6.08,2,6,Atrasado
OP-02127,4,Flange,CNC-01,Manhã,2284,54.0,71.33,Alta,Não,1,2.5,5,19,Atrasado
OP-02128,8,Flange,CNC-01,Manhã,1881,109.0,42.14,Média,Sim,4,1.08,3,4,No_Prazo
OP-02129,1,Eixo,CNC-02,Manhã,3523,22.0,37.02,Média,Sim,5,6.03,3,11,No_Prazo
OP-02130,4,Engrenagem,CNC-02,Noite,1769,32.0,48.63,Média,Não,1,4.74,5,8,Atrasado
OP-02131,9,Engrenagem,CNC-01,Manhã,212,75.0,3.58,Baixa,Sim,3,7.74,4,42,Adiantado
OP-02132,12,Suporte,Mandrilhadora-A,Manhã,4743,128.0,229.29,Média,Sim,3,5.96,2,19,Atrasado
OP-02133,7,Suporte,Mandrilhadora-A,Manhã,2266,152.0,95.95,Baixa,Sim,3,7.47,0,10,No_Prazo
OP-02134,5,Eixo,Fresadora-01,Noite,865,57.0,34.24,Baixa,Sim,2,5.26,1,31,No_Prazo
OP-02135,6,Suporte,Torno-03,Noite,1167,139.0,32.83,Média,Sim,4,4.24,4,45,Adiantado
OP-02136,9,Suporte,Mandrilhadora-A,Noite,4158,52.0,84.67,Alta,Sim,6,7.59,0,23,No_Prazo
OP-02137,7,Carcaça,CNC-02,Noite,1691,16.0,38.85,Alta,Não,1,6.64,1,10,Atrasado
OP-02138,1,Carcaça,Torno-03,Noite,1443,24.0,26.23,Média,Não,1,0.76,5,23,Atrasado
OP-02139,7,Carcaça,CNC-01,Tarde,2462,112.0,78.97,Alta,Sim,3,4.87,2,29,No_Prazo
OP-02140,5,Engrenagem,Fresadora-01,Manhã,191,97.0,8.11,Média,Sim,5,1.62,1,40,Adiantado
OP-02141,9,Suporte,CNC-01,Manhã,2823,60.0,49.39,Média,Sim,1,7.61,3,9,Atrasado
OP-02142,11,Eixo,Fresadora-01,Manhã,250,16.0,2.55,Média,Sim,5,5.57,5,27,Adiantado
OP-02143,12,Flange,Fresadora-01,Tarde,4186,109.0,62.89,Baixa,Sim,5,3.89,1,4,Atrasado
OP-02144,8,Suporte,CNC-02,Manhã,2174,150.0,61.82,Média,Sim,2,7.7,3,24,No_Prazo
OP-02145,5,Suporte,Fresadora-01,Manhã,1130,26.0,12.14,Alta,Sim,2,3.02,4,3,No_Prazo
OP-02146,6,Flange,CNC-02,Tarde,2299,137.0,60.07,Média,Sim,2,3.83,3,21,No_Prazo
OP-02147,3,Carcaça,CNC-02,Manhã,919,120.0,13.28,Alta,Não,5,3.49,5,24,Atrasado
OP-02148,12,Engrenagem,Torno-03,Manhã,1635,94.0,23.4,Média,Sim,1,1.49,2,45,Adiantado
OP-02149,11,Engrenagem,CNC-02,Manhã,697,23.0,26.84,Média,Sim,3,1.62,4,11,No_Prazo
OP-02150,11,Engrenagem,Fresadora-01,Tarde,3360,167.0,167.93,Alta,Sim,2,4.93,2,13,No_Prazo
OP-02151,4,Carcaça,CNC-02,Manhã,4881,94.0,86.78,Alta,Sim,3,1.02,0,27,No_Prazo
OP-02152,4,Flange,Torno-03,Manhã,2452,81.0,47.04,Média,Sim,6,7.48,1,9,No_Prazo
OP-02153,11,Flange,Mandrilhadora-A,Manhã,538,157.0,11.76,Alta,Sim,1,2.96,0,5,No_Prazo
OP-02154,7,Suporte,CNC-02,Noite,416,155.0,17.22,Baixa,Não,1,2.91,4,24,Atrasado
OP-02155,9,Flange,Torno-03,Manhã,4169,135.0,126.05,Alta,Não,3,1.55,2,13,Atrasado
OP-02156,6,Flange,Mandrilhadora-A,Manhã,1772,152.0,58.17,Alta,Sim,3,3.13,4,32,Adiantado
OP-02157,6,Engrenagem,CNC-02,Noite,1515,36.0,48.27,Baixa,Sim,6,5.68,4,6,No_Prazo
OP-02158,8,Engrenagem,CNC-01,Noite,554,141.0,26.31,Baixa,Sim,2,7.68,3,3,Atrasado
OP-02159,10,Carcaça,CNC-02,Manhã,3335,69.0,38.0,Urgente,Sim,4,1.94,5,12,No_Prazo
OP-02160,5,Flange,Mandrilhadora-A,Manhã,361,158.0,5.89,Baixa,Sim,5,1.83,2,39,Adiantado
OP-02161,10,Engrenagem,Fresadora-01,Manhã,4525,76.0,114.41,Alta,Sim,5,1.54,4,26,No_Prazo
OP-02162,3,Eixo,Mandrilhadora-A,Tarde,1081,24.0,31.91,Média,Não,3,4.8,3,15,Atrasado
OP-02163,5,Eixo,CNC-02,Manhã,391,83.0,5.69,Média,Sim,6,1.38,4,28,Adiantado
OP-02164,11,Eixo,Mandrilhadora-A,Noite,3517,140.0,160.82,Média,Não,3,1.16,2,30,Atrasado
OP-02165,12,Eixo,CNC-02,Noite,1803,98.0,66.92,Alta,Sim,3,6.08,2,22,No_Prazo
OP-02166,12,Suporte,Fresadora-01,Tarde,3495,141.0,165.28,Média,Sim,1,6.45,4,10,Atrasado
OP-02167,4,Engrenagem,Mandrilhadora-A,Manhã,246,21.0,11.72,Média,Sim,6,2.86,5,18,Adiantado
OP-02168,11,Eixo,CNC-02,Noite,4313,44.0,131.55,Média,Sim,6,4.86,0,40,Adiantado
OP-02169,12,Flange,Mandrilhadora-A,Tarde,1583,108.0,69.84,Alta,Sim,2,6.07,5,33,No_Prazo
OP-02170,12,Flange,Fresadora-01,Noite,3794,79.0,149.75,Média,Sim,4,0.87,5,18,No_Prazo
OP-02171,1,Carcaça,Fresadora-01,Manhã,4681,127.0,114.31,Média,Sim,6,5.26,3,41,No_Prazo
OP-02172,9,Carcaça,Fresadora-01,Tarde,2700,174.0,97.99,Média,Sim,1,2.65,3,11,Atrasado
OP-02173,12,Eixo,CNC-01,Noite,1703,124.0,81.93,Média,Sim,5,3.57,2,10,No_Prazo
OP-02174,10,Flange,Fresadora-01,Noite,1597,84.0,64.77,Média,Não,5,3.17,3,3,Atrasado
OP-02175,3,Engrenagem,CNC-02,Tarde,3447,104.0,132.28,Média,Sim,4,5.89,1,6,No_Prazo
OP-02176,10,Suporte,CNC-02,Tarde,78,166.0,1.47,Alta,Sim,5,4.02,2,16,Adiantado
OP-02177,2,Engrenagem,CNC-01,Tarde,777,126.0,33.6,Urgente,Sim,2,6.2,5,5,No_Prazo
OP-02178,6,Engrenagem,CNC-01,Tarde,3253,148.0,83.23,Baixa,Sim,3,2.86,3,19,Atrasado
OP-02179,8,Suporte,Mandrilhadora-A,Noite,177,65.0,6.19,Baixa,Sim,4,4.56,2,5,No_Prazo
OP-02180,6,Engrenagem,CNC-02,Tarde,1484,138.0,55.07,Urgente,Sim,6,7.3,1,4,No_Prazo
OP-02181,9,Flange,CNC-02,Manhã,3256,38.0,99.67,Média,Sim,1,3.79,4,28,No_Prazo
OP-02182,3,Engrenagem,Torno-03,Manhã,1287,139.0,21.39,Média,Não,2,4.82,2,26,Atrasado
OP-02183,8,Suporte,Fresadora-01,Tarde,4657,160.0,176.49,Alta,Sim,2,5.53,3,37,Atrasado
OP-02184,8,Suporte,Torno-03,Noite,4875,164.0,96.96,Média,Sim,6,7.34,2,22,No_Prazo
OP-02185,8,Flange,Torno-03,Manhã,216,34.0,4.45,Média,Sim,5,5.27,0,40,Adiantado
OP-02186,4,Carcaça,Mandrilhadora-A,Manhã,912,152.0,13.75,Urgente,Sim,6,5.09,1,24,Adiantado
OP-02187,4,Flange,Torno-03,Noite,4541,33.0,158.02,Média,Não,4,6.75,3,14,Atrasado
OP-02188,4,Engrenagem,Fresadora-01,Tarde,210,94.0,3.09,Alta,Sim,4,7.94,1,8,No_Prazo
OP-02189,6,Engrenagem,Mandrilhadora-A,Manhã,2458,128.0,58.52,Média,Sim,3,7.24,3,24,No_Prazo
OP-02190,8,Eixo,Fresadora-01,Manhã,4749,95.0,216.46,Média,Não,4,1.44,5,19,Atrasado
OP-02191,5,Eixo,CNC-01,Tarde,2963,71.0,83.33,Alta,Sim,1,5.57,1,25,Atrasado
OP-02192,5,Eixo,CNC-02,Manhã,1564,128.0,71.6,Urgente,Sim,1,2.96,5,44,Adiantado
OP-02193,4,Eixo,Fresadora-01,Tarde,81,124.0,2.41,Alta,Sim,1,3.61,0,5,No_Prazo
OP-02194,3,Flange,Torno-03,Tarde,1997,111.0,34.26,Baixa,Não,1,5.34,2,18,Atrasado
OP-02195,8,Engrenagem,CNC-02,Tarde,2732,102.0,110.25,Alta,Sim,2,1.59,3,8,No_Prazo
OP-02196,10,Suporte,CNC-02,Tarde,450,131.0,10.86,Baixa,Sim,3,5.7,1,37,Adiantado
OP-02197,4,Eixo,CNC-01,Manhã,2664,82.0,129.62,Média,Sim,6,2.7,1,26,Adiantado
OP-02198,11,Suporte,CNC-02,Manhã,2050,26.0,41.99,Alta,Sim,6,6.64,2,8,No_Prazo
OP-02199,7,Flange,Fresadora-01,Manhã,1662,104.0,71.28,Média,Sim,5,3.29,0,37,Adiantado
OP-02200,3,Carcaça,CNC-01,Manhã,4862,134.0,144.67,Média,Não,2,0.87,5,8,Atrasado
OP-02201,5,Flange,Mandrilhadora-A,Tarde,4473,64.0,195.4,Alta,Sim,4,4.99,1,36,No_Prazo
OP-02202,1,Eixo,CNC-02,Manhã,3485,38.0,60.37,Alta,Não,3,6.12,4,45,Atrasado
OP-02203,1,Flange,Mandrilhadora-A,Tarde,2974,165.0,105.12,Baixa,Sim,4,5.13,1,25,No_Prazo
OP-02204,5,Suporte,CNC-02,Manhã,2395,158.0,34.79,Baixa,Sim,1,6.34,4,30,No_Prazo
OP-02205,6,Flange,Mandrilhadora-A,Manhã,398,117.0,16.8,Alta,Sim,1,6.53,1,4,No_Prazo
OP-02206,10,Flange,Torno-03,Manhã,1571,145.0,30.52,Média,Sim,2,0.82,4,31,Adiantado
OP-02207,2,Flange,Mandrilhadora-A,Tarde,101,175.0,2.74,Baixa,Sim,1,0.51,4,9,No_Prazo
OP-02208,11,Eixo,CNC-01,Tarde,1861,109.0,67.44,Média,Sim,3,2.18,4,21,No_Prazo
OP-02209,3,Eixo,Fresadora-01,Noite,2394,55.0,69.73,Baixa,Sim,3,2.19,0,25,No_Prazo
OP-02210,2,Carcaça,CNC-02,Manhã,3075,120.0,126.55,Média,Não,6,4.72,0,35,Atrasado
OP-02211,9,Suporte,CNC-02,Tarde,1807,166.0,67.81,Urgente,Sim,5,2.22,5,36,Adiantado
OP-02212,10,Engrenagem,CNC-01,Noite,1309,129.0,19.92,Alta,Sim,2,3.24,2,42,Adiantado
OP-02213,8,Carcaça,Mandrilhadora-A,Manhã,3564,19.0,145.9,Média,Sim,4,3.9,4,35,No_Prazo
OP-02214,2,Suporte,Fresadora-01,Manhã,802,166.0,21.61,Baixa,Sim,1,5.01,4,6,Atrasado
OP-02215,2,Engrenagem,Mandrilhadora-A,Manhã,670,139.0,22.72,Alta,Sim,6,7.98,4,32,Adiantado
OP-02216,5,Suporte,Torno-03,Manhã,3496,81.0,65.25,Média,Sim,1,5.66,1,10,Atrasado
OP-02217,6,Flange,CNC-01,Noite,2950,178.0,79.42,Alta,Sim,2,2.49,2,43,No_Prazo
OP-02218,12,Carcaça,CNC-02,Manhã,4353,134.0,185.81,Média,Sim,4,3.13,0,40,No_Prazo
OP-02219,4,Flange,Torno-03,Tarde,3707,151.0,174.42,Alta,Sim,5,0.83,0,16,No_Prazo
OP-02220,3,Flange,CNC-01,Noite,4512,171.0,214.54,Média,Sim,4,3.65,5,6,Atrasado
OP-02221,12,Eixo,Mandrilhadora-A,Manhã,3338,22.0,126.86,Alta,Não,6,4.92,2,41,No_Prazo
OP-02222,2,Eixo,Mandrilhadora-A,Tarde,4215,143.0,55.45,Alta,Sim,2,7.62,4,18,Atrasado
OP-02223,1,Suporte,Torno-03,Manhã,887,79.0,24.57,Média,Sim,6,2.51,0,39,Adiantado
OP-02224,6,Carcaça,Torno-03,Tarde,2676,158.0,47.43,Urgente,Sim,2,2.33,0,6,No_Prazo
OP-02225,5,Carcaça,Fresadora-01,Manhã,4725,160.0,179.1,Baixa,Sim,5,0.63,3,13,Atrasado
OP-02226,8,Suporte,Fresadora-01,Manhã,3954,152.0,65.06,Baixa,Sim,2,4.81,3,20,Atrasado
OP-02227,11,Suporte,CNC-01,Manhã,2045,144.0,100.42,Alta,Sim,5,7.97,2,8,No_Prazo
OP-02228,12,Flange,Torno-03,Tarde,4635,146.0,82.42,Alta,Sim,1,3.28,0,22,Atrasado
OP-02229,4,Eixo,Fresadora-01,Tarde,1596,64.0,19.33,Baixa,Sim,5,4.23,1,42,Adiantado
OP-02230,12,Suporte,Mandrilhadora-A,Tarde,165,82.0,7.22,Baixa,Sim,5,0.94,0,10,Adiantado
OP-02231,8,Eixo,Torno-03,Manhã,3993,34.0,72.24,Baixa,Sim,3,4.78,0,21,Atrasado
OP-02232,1,Eixo,Mandrilhadora-A,Noite,2089,152.0,22.9,Baixa,Sim,5,2.08,1,6,No_Prazo
OP-02233,12,Carcaça,Torno-03,Manhã,219,122.0,6.99,Média,Sim,4,0.62,3,31,Adiantado
OP-02234,2,Flange,CNC-02,Noite,1060,116.0,51.7,Baixa,Sim,2,5.63,4,20,No_Prazo
OP-02235,8,Eixo,Torno-03,Tarde,406,56.0,8.4,Média,Sim,4,1.61,4,24,Adiantado
OP-02236,10,Carcaça,Fresadora-01,Tarde,4984,116.0,131.32,Alta,Sim,4,1.26,1,25,No_Prazo
OP-02237,3,Carcaça,Mandrilhadora-A,Tarde,4246,90.0,82.74,Alta,Não,3,2.21,3,31,Atrasado
OP-02238,4,Eixo,CNC-02,Noite,4651,179.0,150.32,Urgente,Sim,2,1.53,4,34,No_Prazo
OP-02239,6,Flange,CNC-02,Tarde,950,157.0,21.77,Baixa,Sim,3,5.17,2,44,Adiantado
OP-02240,11,Flange,Fresadora-01,Manhã,4020,102.0,135.29,Baixa,Sim,1,2.5,0,34,No_Prazo
OP-02241,3,Suporte,Fresadora-01,Noite,2840,148.0,82.7,Baixa,Sim,4,5.53,2,39,No_Prazo
OP-02242,8,Carcaça,CNC-02,Manhã,1514,42.0,71.4,Média,Sim,4,4.59,0,6,No_Prazo
OP-02243,6,Flange,Fresadora-01,Tarde,3360,32.0,123.65,Média,Sim,4,3.15,2,8,No_Prazo
OP-02244,2,Suporte,CNC-01,Tarde,4762,119.0,177.64,Baixa,Sim,5,1.95,1,21,No_Prazo
OP-02245,9,Flange,CNC-02,Noite,2329,135.0,68.61,Alta,Sim,3,5.55,5,8,Atrasado
OP-02246,10,Carcaça,Mandrilhadora-A,Tarde,194,24.0,4.29,Urgente,Sim,3,4.43,4,39,Adiantado
OP-02247,7,Flange,Torno-03,Manhã,4220,48.0,95.2,Média,Sim,5,5.91,3,39,No_Prazo
OP-02248,3,Eixo,Mandrilhadora-A,Tarde,980,104.0,29.56,Baixa,Não,2,4.3,5,28,Atrasado
OP-02249,2,Flange,CNC-02,Manhã,953,25.0,16.85,Alta,Sim,1,6.52,5,23,No_Prazo
OP-02250,6,Carcaça,CNC-02,Tarde,3103,85.0,47.47,Alta,Sim,2,4.62,1,39,Adiantado
OP-02251,7,Suporte,Mandrilhadora-A,Tarde,4004,95.0,99.68,Baixa,Não,5,6.6,3,27,Atrasado
OP-02252,7,Engrenagem,Mandrilhadora-A,Noite,3975,167.0,60.5,Alta,Sim,3,4.62,3,43,No_Prazo
OP-02253,3,Engrenagem,Mandrilhadora-A,Manhã,4346,67.0,83.58,Média,Sim,2,7.71,0,37,No_Prazo
OP-02254,7,Flange,CNC-02,Manhã,4423,43.0,138.89,Alta,Sim,3,6.9,0,17,No_Prazo
OP-02255,4,Carcaça,Mandrilhadora-A,Tarde,685,16.0,28.5,Alta,Não,2,2.41,2,30,No_Prazo
OP-02256,9,Flange,Torno-03,Manhã,1537,35.0,29.19,Média,Sim,5,5.96,0,8,No_Prazo
OP-02257,10,Flange,Mandrilhadora-A,Manhã,3614,139.0,150.58,Média,Sim,1,1.49,4,5,Atrasado
OP-02258,8,Suporte,Mandrilhadora-A,Manhã,1984,88.0,21.07,Alta,Sim,2,7.33,0,6,No_Prazo
OP-02259,1,Flange,Torno-03,Tarde,3594,48.0,179.27,Média,Sim,5,3.09,1,45,Adiantado
OP-02260,12,Carcaça,CNC-02,Manhã,2301,169.0,70.59,Alta,Sim,5,4.08,0,8,No_Prazo
OP-02261,1,Suporte,Mandrilhadora-A,Tarde,2284,145.0,66.32,Média,Sim,2,0.65,2,11,No_Prazo
OP-02262,12,Suporte,Torno-03,Noite,183,34.0,6.59,Alta,Sim,6,7.01,5,32,Adiantado
OP-02263,1,Suporte,Torno-03,Tarde,3061,59.0,88.79,Alta,Sim,1,7.61,0,10,No_Prazo
OP-02264,7,Suporte,Fresadora-01,Manhã,4326,155.0,113.86,Alta,Sim,2,4.03,3,8,Atrasado
OP-02265,2,Engrenagem,Mandrilhadora-A,Manhã,4102,129.0,101.89,Baixa,Sim,2,1.91,3,32,No_Prazo
OP-02266,2,Flange,CNC-01,Manhã,1722,171.0,84.57,Média,Sim,4,5.7,5,43,Adiantado
OP-02267,9,Engrenagem,Mandrilhadora-A,Tarde,3399,28.0,151.12,Média,Sim,4,2.73,3,8,Atrasado
OP-02268,9,Flange,Torno-03,Tarde,1036,143.0,31.18,Baixa,Sim,3,7.7,5,31,No_Prazo
OP-02269,2,Engrenagem,CNC-01,Manhã,3186,28.0,138.46,Baixa,Sim,2,2.83,4,25,No_Prazo
OP-02270,12,Flange,CNC-02,Manhã,2075,71.0,33.12,Baixa,Sim,4,4.82,4,44,Adiantado
OP-02271,4,Eixo,Torno-03,Manhã,4637,139.0,144.57,Urgente,Sim,3,0.87,2,44,Adiantado
OP-02272,4,Engrenagem,Fresadora-01,Manhã,3567,132.0,99.9,Alta,Sim,6,7.92,2,27,No_Prazo
OP-02273,4,Engrenagem,Torno-03,Noite,412,15.0,9.47,Alta,Sim,1,4.82,3,41,Adiantado
OP-02274,6,Flange,CNC-01,Manhã,4361,48.0,203.82,Urgente,Não,6,7.81,0,11,Atrasado
OP-02275,3,Engrenagem,Torno-03,Manhã,3634,143.0,157.35,Alta,Não,5,2.76,4,28,Atrasado
OP-02276,6,Carcaça,CNC-02,Manhã,1116,36.0,51.65,Média,Não,3,4.45,0,10,Atrasado
OP-02277,3,Suporte,CNC-02,Manhã,1448,69.0,51.27,Média,Sim,5,0.64,5,4,No_Prazo
OP-02278,1,Suporte,Fresadora-01,Manhã,904,45.0,22.64,Alta,Sim,5,6.28,0,36,Adiantado
OP-02279,5,Engrenagem,Mandrilhadora-A,Tarde,1585,33.0,63.83,Alta,Sim,6,1.75,0,27,Adiantado
OP-02280,9,Suporte,CNC-01,Manhã,4721,153.0,67.71,Alta,Sim,4,3.69,1,3,Atrasado
OP-02281,10,Suporte,Fresadora-01,Manhã,4516,25.0,199.26,Média,Sim,1,5.53,1,37,No_Prazo
OP-02282,5,Eixo,Torno-03,Tarde,2776,103.0,30.96,Alta,Sim,5,1.12,0,40,Adiantado
OP-02283,4,Engrenagem,CNC-02,Tarde,1842,129.0,78.71,Média,Sim,1,6.38,5,20,No_Prazo
OP-02284,10,Flange,Fresadora-01,Manhã,1860,25.0,70.97,Média,Sim,6,6.54,4,4,No_Prazo
OP-02285,9,Suporte,CNC-02,Noite,4786,120.0,64.79,Média,Não,5,4.48,1,15,Atrasado
OP-02286,10,Engrenagem,Fresadora-01,Manhã,1036,70.0,16.45,Baixa,Sim,5,5.04,2,28,Adiantado
OP-02287,11,Engrenagem,Torno-03,Noite,3799,153.0,106.74,Média,Sim,3,1.21,1,5,Atrasado
OP-02288,10,Eixo,CNC-01,Noite,4976,147.0,109.45,Alta,Sim,1,3.87,3,19,Atrasado
OP-02289,12,Flange,Fresadora-01,Tarde,4283,146.0,191.41,Baixa,Sim,3,6.81,2,12,Atrasado
OP-02290,5,Flange,Mandrilhadora-A,Manhã,3609,81.0,63.93,Urgente,Não,2,1.17,2,29,Atrasado
OP-02291,5,Flange,Torno-03,Noite,4504,151.0,120.18,Baixa,Sim,6,7.92,2,11,Atrasado
OP-02292,4,Eixo,Fresadora-01,Manhã,1128,119.0,23.03,Baixa,Sim,5,4.14,1,36,Adiantado
OP-02293,3,Engrenagem,CNC-01,Manhã,4919,77.0,74.21,Média,Sim,2,0.6,3,16,Atrasado
OP-02294,9,Engrenagem,CNC-02,Tarde,501,28.0,10.22,Média,Sim,1,3.05,0,7,No_Prazo
OP-02295,9,Engrenagem,CNC-02,Tarde,118,26.0,5.24,Baixa,Sim,6,4.25,3,14,Adiantado
OP-02296,10,Suporte,Fresadora-01,Noite,1036,56.0,40.01,Baixa,Não,4,7.69,3,43,Atrasado
OP-02297,3,Suporte,CNC-02,Tarde,3064,64.0,142.69,Média,Sim,5,5.79,0,37,Adiantado
OP-02298,6,Flange,Fresadora-01,Noite,1276,168.0,33.45,Média,Não,4,4.86,5,28,Atrasado
OP-02299,3,Engrenagem,CNC-02,Tarde,3185,180.0,62.48,Média,Sim,2,7.75,5,11,Atrasado
OP-02300,11,Flange,Fresadora-01,Tarde,599,39.0,6.62,Baixa,Sim,5,2.71,4,19,Adiantado
OP-02301,4,Carcaça,CNC-02,Tarde,3500,171.0,104.32,Baixa,Sim,2,3.35,5,23,Atrasado
OP-02302,2,Eixo,Torno-03,Noite,1186,132.0,13.74,Baixa,Sim,5,6.26,5,45,Adiantado
OP-02303,7,Flange,CNC-01,Noite,2641,97.0,26.86,Baixa,Sim,6,4.96,4,16,No_Prazo
OP-02304,11,Flange,Fresadora-01,Noite,628,173.0,21.47,Alta,Sim,1,2.14,2,37,Adiantado
OP-02305,11,Eixo,CNC-01,Noite,4852,133.0,80.51,Média,Não,5,6.13,1,15,Atrasado
OP-02306,2,Flange,Mandrilhadora-A,Tarde,1919,113.0,62.16,Alta,Sim,5,2.5,5,9,No_Prazo
OP-02307,4,Flange,Mandrilhadora-A,Manhã,3043,50.0,100.24,Alta,Sim,5,4.69,2,36,Adiantado
OP-02308,2,Flange,Torno-03,Noite,2456,55.0,95.67,Média,Sim,5,6.92,4,6,Atrasado
OP-02309,4,Suporte,Mandrilhadora-A,Manhã,2996,165.0,75.87,Alta,Sim,6,2.56,5,35,Adiantado
OP-02310,7,Flange,Mandrilhadora-A,Manhã,2303,50.0,87.99,Alta,Sim,1,6.21,5,42,No_Prazo
OP-02311,4,Engrenagem,CNC-01,Tarde,412,20.0,10.15,Alta,Sim,2,6.96,4,9,Adiantado
OP-02312,1,Engrenagem,Fresadora-01,Tarde,4154,59.0,57.79,Alta,Não,3,2.88,1,28,Atrasado
OP-02313,7,Flange,CNC-02,Tarde,3230,94.0,72.35,Baixa,Sim,6,1.97,0,10,No_Prazo
OP-02314,1,Carcaça,Mandrilhadora-A,Manhã,1307,78.0,13.47,Média,Sim,4,6.99,4,22,No_Prazo
OP-02315,3,Engrenagem,Mandrilhadora-A,Manhã,465,169.0,13.25,Média,Sim,4,4.0,0,22,Adiantado
OP-02316,1,Engrenagem,Mandrilhadora-A,Manhã,4441,84.0,175.92,Alta,Sim,3,2.84,3,6,Atrasado
OP-02317,2,Suporte,Torno-03,Manhã,1696,162.0,70.2,Média,Sim,1,0.58,1,10,No_Prazo
OP-02318,6,Flange,CNC-01,Manhã,4545,113.0,87.65,Baixa,Sim,3,1.96,2,26,No_Prazo
OP-02319,11,Eixo,CNC-01,Tarde,3841,101.0,54.64,Urgente,Sim,3,4.35,5,39,Adiantado
OP-02320,10,Eixo,CNC-01,Manhã,4801,41.0,83.62,Média,Sim,1,6.72,2,14,Atrasado
OP-02321,2,Suporte,Mandrilhadora-A,Manhã,3316,60.0,163.64,Média,Não,1,4.27,0,39,Atrasado
OP-02322,1,Flange,Torno-03,Manhã,945,158.0,21.25,Baixa,Sim,5,2.57,2,11,No_Prazo
OP-02323,5,Suporte,CNC-02,Tarde,225,144.0,6.11,Média,Sim,2,7.47,0,4,No_Prazo
OP-02324,8,Eixo,Torno-03,Noite,1266,89.0,16.49,Baixa,Sim,2,3.27,5,19,No_Prazo
OP-02325,9,Flange,CNC-01,Manhã,2224,165.0,92.46,Baixa,Sim,1,1.72,0,3,No_Prazo
OP-02326,10,Carcaça,Torno-03,Manhã,3137,150.0,87.65,Urgente,Sim,3,7.59,5,4,Atrasado
OP-02327,5,Eixo,Torno-03,Tarde,4484,33.0,60.52,Baixa,Sim,1,3.47,1,16,Atrasado
OP-02328,3,Eixo,Fresadora-01,Manhã,747,115.0,21.6,Baixa,Sim,4,4.12,3,28,Adiantado
OP-02329,1,Engrenagem,CNC-01,Noite,3193,147.0,123.03,Alta,Sim,1,6.72,5,44,No_Prazo
OP-02330,2,Suporte,Mandrilhadora-A,Noite,473,148.0,13.68,Média,Sim,1,2.66,1,29,Adiantado
OP-02331,1,Engrenagem,CNC-01,Tarde,2433,30.0,118.6,Baixa,Sim,6,4.47,5,31,Adiantado
OP-02332,11,Eixo,Torno-03,Noite,414,52.0,18.57,Média,Sim,3,7.0,2,32,Adiantado
OP-02333,4,Suporte,CNC-02,Tarde,1900,83.0,58.13,Alta,Sim,2,2.42,3,25,No_Prazo
OP-02334,10,Engrenagem,Fresadora-01,Tarde,3050,57.0,145.24,Média,Sim,1,7.21,2,3,Atrasado
OP-02335,7,Carcaça,Fresadora-01,Manhã,3707,33.0,157.38,Alta,Não,3,1.94,5,17,Atrasado
OP-02336,7,Flange,CNC-01,Manhã,4033,119.0,99.74,Alta,Sim,2,6.91,4,10,Atrasado
OP-02337,6,Eixo,Torno-03,Manhã,2646,99.0,108.11,Alta,Sim,2,3.45,2,27,No_Prazo
OP-02338,10,Flange,Torno-03,Tarde,1331,41.0,40.24,Média,Sim,3,4.61,0,36,Adiantado
OP-02339,1,Suporte,Torno-03,Tarde,4569,112.0,144.22,Alta,Sim,1,4.64,5,21,Atrasado
OP-02340,2,Flange,CNC-01,Manhã,4670,25.0,143.95,Baixa,Sim,3,2.04,3,27,Atrasado
OP-02341,6,Carcaça,CNC-01,Tarde,4839,78.0,203.95,Média,Sim,3,1.8,0,30,No_Prazo
OP-02342,5,Carcaça,Torno-03,Manhã,3970,146.0,185.57,Baixa,Sim,3,5.84,2,3,Atrasado
OP-02343,7,Eixo,CNC-02,Manhã,3900,162.0,88.84,Média,Sim,5,6.69,1,35,No_Prazo
OP-02344,9,Suporte,Torno-03,Manhã,433,55.0,15.45,Urgente,Sim,1,1.53,1,34,Adiantado
OP-02345,8,Eixo,CNC-01,Tarde,2884,157.0,101.33,Baixa,Não,2,6.14,2,44,Atrasado
OP-02346,4,Carcaça,Fresadora-01,Tarde,2066,162.0,94.0,Média,Sim,3,2.95,0,20,No_Prazo
OP-02347,4,Eixo,CNC-01,Tarde,1331,115.0,37.12,Baixa,Sim,3,4.96,1,44,Adiantado
OP-02348,10,Eixo,Fresadora-01,Manhã,386,177.0,6.8,Média,Sim,1,4.51,0,14,No_Prazo
OP-02349,3,Suporte,Mandrilhadora-A,Tarde,1105,56.0,20.03,Alta,Sim,2,6.08,5,20,No_Prazo
OP-02350,7,Suporte,CNC-02,Noite,4580,26.0,55.19,Média,Sim,2,4.56,5,35,No_Prazo
OP-02351,7,Engrenagem,CNC-01,Manhã,4547,154.0,63.79,Alta,Sim,6,1.2,0,24,No_Prazo
OP-02352,10,Flange,CNC-01,Tarde,3726,96.0,82.15,Média,Sim,1,2.59,3,18,Atrasado
OP-02353,9,Eixo,CNC-02,Manhã,552,72.0,7.78,Urgente,Não,3,3.48,1,27,No_Prazo
OP-02354,6,Suporte,CNC-01,Manhã,3448,24.0,154.62,Alta,Não,2,4.79,3,22,Atrasado
OP-02355,4,Flange,Mandrilhadora-A,Tarde,677,26.0,16.57,Baixa,Não,6,1.77,2,7,Atrasado
OP-02356,5,Carcaça,Mandrilhadora-A,Manhã,3429,30.0,84.83,Alta,Sim,4,3.03,0,40,Adiantado
OP-02357,5,Carcaça,Mandrilhadora-A,Tarde,216,45.0,8.7,Baixa,Sim,2,0.97,4,35,Adiantado
OP-02358,3,Suporte,Mandrilhadora-A,Noite,1461,175.0,32.22,Média,Não,6,2.92,4,9,Atrasado
OP-02359,8,Suporte,Torno-03,Manhã,656,61.0,25.33,Baixa,Sim,4,4.34,0,12,Adiantado
OP-02360,3,Carcaça,CNC-02,Manhã,4671,150.0,200.37,Média,Sim,2,7.52,1,27,Atrasado
OP-02361,8,Engrenagem,Torno-03,Noite,2865,18.0,69.93,Urgente,Sim,5,1.83,0,22,Adiantado
OP-02362,10,Suporte,CNC-02,Tarde,4617,68.0,134.41,Alta,Sim,5,0.71,2,7,No_Prazo
OP-02363,12,Suporte,Mandrilhadora-A,Noite,150,165.0,3.43,Média,Sim,4,3.33,2,18,Adiantado
OP-02364,2,Engrenagem,Torno-03,Manhã,3710,46.0,99.9,Urgente,Sim,1,5.06,3,45,Adiantado
OP-02365,10,Carcaça,CNC-02,Tarde,2425,62.0,80.58,Média,Sim,5,5.06,3,15,No_Prazo
OP-02366,2,Suporte,Fresadora-01,Noite,2371,151.0,56.87,Baixa,Sim,3,3.09,0,16,No_Prazo
OP-02367,5,Eixo,CNC-02,Manhã,4372,35.0,124.89,Alta,Não,1,0.78,2,38,Atrasado
OP-02368,3,Flange,CNC-02,Noite,283,24.0,8.45,Baixa,Não,3,7.39,4,42,Atrasado
OP-02369,2,Flange,CNC-02,Tarde,4723,174.0,51.86,Alta,Sim,3,4.26,5,11,Atrasado
OP-02370,3,Carcaça,CNC-01,Noite,190,82.0,3.14,Baixa,Sim,1,6.32,5,18,No_Prazo
OP-02371,1,Carcaça,CNC-01,Manhã,1845,124.0,58.4,Média,Sim,2,3.48,1,39,Adiantado
OP-02372,10,Carcaça,Torno-03,Tarde,733,36.0,7.41,Média,Sim,4,6.74,3,39,Adiantado
OP-02373,1,Suporte,Mandrilhadora-A,Manhã,2639,51.0,100.72,Média,Sim,5,6.39,0,20,Adiantado
OP-02374,5,Engrenagem,CNC-02,Noite,2999,91.0,138.61,Média,Sim,1,1.21,2,35,Adiantado
OP-02375,9,Carcaça,Fresadora-01,Manhã,3228,126.0,129.71,Baixa,Sim,2,0.88,1,16,No_Prazo
OP-02376,12,Engrenagem,CNC-02,Manhã,4000,63.0,90.26,Baixa,Sim,5,1.62,1,12,No_Prazo
OP-02377,11,Engrenagem,CNC-02,Noite,3767,161.0,105.45,Alta,Sim,1,6.67,5,43,Atrasado
OP-02378,2,Engrenagem,CNC-01,Manhã,4744,144.0,170.92,Média,Sim,4,2.52,4,30,Atrasado
OP-02379,12,Carcaça,Torno-03,Tarde,2275,106.0,84.67,Baixa,Sim,3,3.47,5,36,No_Prazo
OP-02380,8,Flange,Fresadora-01,Manhã,918,91.0,45.07,Baixa,Sim,5,4.84,2,13,No_Prazo
OP-02381,3,Eixo,CNC-02,Tarde,820,117.0,24.37,Média,Não,1,5.39,2,3,Atrasado
OP-02382,6,Engrenagem,Torno-03,Manhã,1413,136.0,28.23,Média,Sim,1,3.7,4,3,No_Prazo
OP-02383,12,Flange,Torno-03,Tarde,3034,37.0,74.3,Média,Sim,5,3.87,0,32,Adiantado
OP-02384,5,Suporte,CNC-02,Tarde,317,156.0,14.87,Baixa,Sim,2,2.96,4,15,No_Prazo
OP-02385,3,Carcaça,Fresadora-01,Manhã,4776,96.0,168.63,Urgente,Sim,3,1.21,4,25,No_Prazo
OP-02386,11,Flange,Torno-03,Manhã,4945,169.0,220.4,Média,Sim,5,1.61,2,33,Adiantado
OP-02387,12,Suporte,CNC-01,Manhã,865,173.0,33.7,Média,Sim,3,7.17,5,36,No_Prazo
OP-02388,12,Carcaça,Torno-03,Tarde,3915,20.0,190.34,Alta,Sim,3,7.81,1,10,No_Prazo
OP-02389,12,Carcaça,CNC-02,Manhã,3001,78.0,90.18,Média,Sim,1,6.69,2,27,No_Prazo
OP-02390,11,Eixo,Fresadora-01,Manhã,2429,102.0,116.58,Baixa,Sim,4,2.79,2,29,No_Prazo
OP-02391,6,Carcaça,CNC-02,Manhã,3686,104.0,167.48,Média,Não,1,1.84,2,27,Atrasado
OP-02392,3,Flange,Mandrilhadora-A,Tarde,2899,151.0,126.76,Média,Sim,3,4.32,2,35,No_Prazo
OP-02393,8,Carcaça,Fresadora-01,Tarde,1652,38.0,78.58,Alta,Sim,3,1.21,2,18,Adiantado
OP-02394,3,Engrenagem,CNC-01,Tarde,2832,118.0,87.85,Média,Sim,5,7.36,5,16,No_Prazo
OP-02395,6,Engrenagem,Torno-03,Noite,722,171.0,28.67,Alta,Sim,5,6.26,2,16,No_Prazo
OP-02396,8,Carcaça,Mandrilhadora-A,Tarde,1309,179.0,42.17,Média,Sim,4,7.8,3,7,No_Prazo
OP-02397,12,Suporte,CNC-02,Noite,4866,17.0,199.75,Alta,Sim,4,6.92,4,4,Atrasado
OP-02398,4,Engrenagem,Fresadora-01,Tarde,967,175.0,39.21,Baixa,Sim,2,3.57,3,28,Adiantado
OP-02399,4,Carcaça,Fresadora-01,Manhã,3011,35.0,121.45,Alta,Não,3,2.86,1,45,No_Prazo
OP-02400,9,Engrenagem,Fresadora-01,Noite,1520,104.0,41.25,Média,Sim,6,6.76,1,8,No_Prazo
OP-02401,1,Suporte,CNC-01,Noite,2350,56.0,98.35,Média,Sim,5,4.91,2,13,No_Prazo
OP-02402,7,Eixo,CNC-02,Tarde,1273,115.0,57.36,Média,Sim,5,7.09,2,3,No_Prazo
OP-02403,9,Engrenagem,CNC-02,Manhã,2865,21.0,101.56,Urgente,Sim,6,2.94,4,13,Adiantado
OP-02404,7,Carcaça,CNC-02,Manhã,2809,54.0,79.17,Média,Sim,1,4.6,2,8,Atrasado
OP-02405,5,Carcaça,Mandrilhadora-A,Tarde,3107,65.0,137.11,Média,Sim,1,3.97,5,45,No_Prazo
OP-02406,10,Engrenagem,CNC-01,Tarde,1575,166.0,64.79,Urgente,Não,1,1.87,5,14,Atrasado
OP-02407,5,Engrenagem,Torno-03,Tarde,2915,111.0,83.91,Alta,Sim,3,4.56,4,43,Adiantado
OP-02408,9,Suporte,Mandrilhadora-A,Manhã,3658,132.0,121.43,Alta,Sim,5,1.13,4,32,Adiantado
OP-02409,6,Engrenagem,Mandrilhadora-A,Tarde,3613,127.0,135.25,Média,Não,6,3.31,0,16,Atrasado
OP-02410,1,Suporte,Fresadora-01,Manhã,2861,80.0,107.38,Média,Sim,4,4.5,0,17,No_Prazo
OP-02411,7,Carcaça,Mandrilhadora-A,Manhã,1530,17.0,34.34,Urgente,Sim,5,1.59,4,7,Adiantado
OP-02412,1,Suporte,Torno-03,Manhã,2684,33.0,58.26,Baixa,Sim,6,6.15,5,42,Adiantado
OP-02413,12,Eixo,Fresadora-01,Noite,2707,91.0,123.15,Alta,Sim,2,1.93,4,37,Adiantado
OP-02414,8,Engrenagem,Torno-03,Tarde,4758,170.0,225.91,Alta,Sim,5,5.96,1,34,No_Prazo
OP-02415,5,Suporte,CNC-01,Noite,1916,56.0,49.97,Urgente,Sim,4,0.68,4,3,No_Prazo
OP-02416,6,Engrenagem,CNC-01,Tarde,1645,130.0,76.55,Média,Sim,2,5.67,3,45,Adiantado
OP-02417,8,Flange,Mandrilhadora-A,Noite,3761,151.0,108.42,Média,Sim,3,3.5,0,13,Atrasado
OP-02418,4,Flange,CNC-01,Tarde,3194,165.0,53.3,Alta,Sim,1,6.43,5,31,No_Prazo
OP-02419,4,Suporte,CNC-02,Noite,2164,63.0,85.08,Urgente,Sim,3,4.71,2,27,No_Prazo
OP-02420,6,Eixo,Fresadora-01,Noite,50,169.0,0.59,Urgente,Sim,4,3.35,3,3,No_Prazo
OP-02421,4,Suporte,Torno-03,Tarde,3539,115.0,51.52,Média,Sim,3,5.48,2,19,No_Prazo
OP-02422,10,Suporte,Torno-03,Manhã,3697,99.0,176.13,Média,Sim,3,3.41,5,9,Atrasado
OP-02423,2,Eixo,Mandrilhadora-A,Tarde,4655,143.0,142.93,Alta,Sim,4,3.17,2,10,Atrasado
OP-02424,10,Eixo,Fresadora-01,Manhã,2537,54.0,52.4,Média,Não,6,3.69,5,14,Atrasado
OP-02425,5,Engrenagem,Mandrilhadora-A,Manhã,2599,149.0,75.93,Baixa,Sim,3,5.83,5,3,Atrasado
OP-02426,7,Flange,Fresadora-01,Tarde,1081,122.0,35.81,Baixa,Sim,5,5.11,0,33,Adiantado
OP-02427,2,Eixo,Mandrilhadora-A,Noite,2325,147.0,82.67,Baixa,Não,3,7.37,2,34,Atrasado
OP-02428,5,Engrenagem,Fresadora-01,Manhã,57,156.0,1.36,Baixa,Não,6,0.5,4,30,No_Prazo
OP-02429,10,Flange,Torno-03,Manhã,2528,117.0,64.45,Média,Sim,4,1.71,5,22,No_Prazo
OP-02430,4,Flange,Mandrilhadora-A,Noite,3549,21.0,113.53,Urgente,Sim,5,4.21,4,11,No_Prazo
OP-02431,2,Engrenagem,Mandrilhadora-A,Manhã,3940,64.0,138.16,Alta,Sim,2,5.52,3,29,No_Prazo
OP-02432,7,Engrenagem,CNC-01,Manhã,3330,160.0,156.02,Baixa,Não,4,1.17,2,33,Atrasado
OP-02433,2,Engrenagem,Mandrilhadora-A,Tarde,4036,118.0,103.69,Alta,Sim,2,2.71,0,12,Atrasado
OP-02434,4,Suporte,Fresadora-01,Noite,3343,162.0,150.39,Média,Sim,4,7.91,5,14,Atrasado
OP-02435,6,Eixo,Mandrilhadora-A,Tarde,3910,78.0,194.44,Alta,Sim,2,2.96,0,39,Adiantado
OP-02436,7,Engrenagem,Fresadora-01,Tarde,2215,98.0,52.19,Alta,Sim,4,3.35,4,31,Adiantado
OP-02437,8,Engrenagem,Mandrilhadora-A,Manhã,3030,157.0,33.61,Baixa,Sim,2,2.29,0,24,No_Prazo
OP-02438,9,Carcaça,CNC-02,Manhã,3214,141.0,109.84,Urgente,Não,4,0.63,2,16,Atrasado
OP-02439,11,Eixo,CNC-01,Noite,2884,77.0,133.08,Baixa,Sim,3,2.64,5,12,Atrasado
OP-02440,1,Suporte,CNC-01,Noite,2878,19.0,34.93,Alta,Sim,6,1.71,1,12,No_Prazo
OP-02441,5,Flange,CNC-02,Manhã,3920,160.0,70.11,Urgente,Sim,1,3.36,1,41,Adiantado
OP-02442,1,Engrenagem,CNC-02,Manhã,1232,145.0,45.64,Alta,Sim,2,2.24,1,24,Adiantado
OP-02443,1,Eixo,Torno-03,Manhã,1618,89.0,68.58,Baixa,Sim,5,3.53,4,27,Adiantado
OP-02444,3,Engrenagem,CNC-01,Manhã,2617,105.0,35.24,Média,Sim,6,2.52,1,45,Adiantado
OP-02445,8,Suporte,CNC-01,Manhã,3244,49.0,79.64,Baixa,Sim,5,7.37,4,32,Atrasado
OP-02446,11,Eixo,Torno-03,Manhã,2597,83.0,50.77,Baixa,Sim,4,2.69,3,30,No_Prazo
OP-02447,10,Flange,Fresadora-01,Noite,1037,42.0,50.39,Baixa,Sim,2,1.91,5,12,No_Prazo
OP-02448,8,Engrenagem,CNC-01,Manhã,4126,50.0,153.89,Baixa,Não,3,6.22,3,18,Atrasado
OP-02449,10,Carcaça,Torno-03,Tarde,2751,155.0,79.85,Média,Sim,6,6.59,2,5,Atrasado
OP-02450,3,Eixo,Fresadora-01,Tarde,2195,75.0,97.66,Baixa,Não,2,4.72,0,25,Atrasado
OP-02451,11,Flange,Fresadora-01,Noite,4396,149.0,138.5,Média,Sim,6,3.09,2,14,Atrasado
OP-02452,11,Carcaça,CNC-01,Noite,2208,93.0,102.57,Alta,Sim,2,6.76,3,21,No_Prazo
OP-02453,2,Suporte,Fresadora-01,Manhã,849,27.0,16.6,Baixa,Sim,3,5.52,5,21,No_Prazo
OP-02454,6,Suporte,CNC-01,Manhã,4922,75.0,54.6,Alta,Não,4,3.36,1,4,Atrasado
OP-02455,10,Carcaça,CNC-02,Tarde,1943,41.0,52.75,Alta,Sim,2,3.44,2,24,Adiantado
OP-02456,6,Engrenagem,CNC-02,Manhã,4477,129.0,81.35,Média,Sim,1,0.52,5,31,Atrasado
OP-02457,11,Carcaça,Mandrilhadora-A,Manhã,2608,165.0,113.26,Média,Sim,2,0.93,5,37,No_Prazo
OP-02458,12,Flange,CNC-01,Manhã,1249,141.0,39.11,Alta,Sim,1,1.51,5,11,No_Prazo
OP-02459,6,Flange,Fresadora-01,Noite,1913,143.0,41.22,Média,Sim,4,2.35,1,19,No_Prazo
OP-02460,1,Eixo,Mandrilhadora-A,Manhã,4555,157.0,186.5,Média,Sim,2,7.45,0,25,Atrasado
OP-02461,5,Suporte,Mandrilhadora-A,Tarde,4726,143.0,146.86,Alta,Sim,3,6.66,2,38,No_Prazo
OP-02462,3,Carcaça,CNC-02,Tarde,732,109.0,22.04,Alta,Não,2,0.81,1,6,Atrasado
OP-02463,6,Suporte,CNC-01,Tarde,4936,133.0,85.06,Média,Não,2,0.61,1,24,Atrasado
OP-02464,8,Engrenagem,CNC-02,Manhã,4274,84.0,212.88,Média,Não,6,4.9,5,36,Atrasado
OP-02465,6,Flange,Fresadora-01,Noite,3256,27.0,118.39,Alta,Sim,3,3.32,3,4,Atrasado
OP-02466,3,Suporte,CNC-01,Tarde,957,131.0,42.29,Média,Sim,4,6.51,1,3,No_Prazo
OP-02467,4,Eixo,Fresadora-01,Tarde,2953,134.0,119.27,Alta,Sim,3,7.8,4,6,No_Prazo
OP-02468,9,Suporte,CNC-02,Manhã,2156,52.0,64.93,Baixa,Não,3,4.21,4,16,Atrasado
OP-02469,1,Suporte,Fresadora-01,Noite,666,172.0,6.92,Baixa,Sim,2,1.83,2,8,No_Prazo
OP-02470,3,Engrenagem,Fresadora-01,Noite,4920,24.0,180.4,Média,Sim,6,7.2,0,19,No_Prazo
OP-02471,11,Flange,Torno-03,Manhã,3036,136.0,42.59,Alta,Sim,4,3.67,2,15,No_Prazo
OP-02472,2,Engrenagem,Fresadora-01,Manhã,530,175.0,25.68,Média,Sim,3,3.63,2,36,Adiantado
OP-02473,5,Flange,Mandrilhadora-A,Manhã,1741,66.0,34.77,Urgente,Sim,4,5.78,1,19,Adiantado
OP-02474,3,Eixo,CNC-02,Manhã,4206,166.0,103.86,Alta,Sim,6,3.27,3,44,No_Prazo
OP-02475,2,Carcaça,Torno-03,Manhã,2238,151.0,71.76,Alta,Sim,4,2.26,4,9,No_Prazo
OP-02476,6,Carcaça,Fresadora-01,Manhã,2498,138.0,75.2,Alta,Sim,6,6.06,2,11,Adiantado
OP-02477,7,Flange,Mandrilhadora-A,Manhã,755,172.0,27.34,Média,Sim,4,1.89,2,37,Adiantado
OP-02478,3,Flange,Torno-03,Noite,599,123.0,24.76,Média,Sim,5,0.79,4,8,No_Prazo
OP-02479,1,Suporte,CNC-02,Noite,4890,97.0,197.1,Baixa,Não,3,4.23,1,19,Atrasado
OP-02480,2,Suporte,Mandrilhadora-A,Noite,4764,126.0,220.68,Média,Não,4,0.75,5,29,Atrasado
OP-02481,8,Suporte,Mandrilhadora-A,Tarde,521,83.0,15.0,Baixa,Sim,4,6.43,2,41,Adiantado
OP-02482,11,Suporte,Torno-03,Tarde,2768,69.0,86.82,Alta,Não,5,7.83,3,12,Atrasado
OP-02483,3,Carcaça,CNC-01,Manhã,3421,29.0,153.82,Alta,Sim,5,7.61,3,14,No_Prazo
OP-02484,4,Carcaça,CNC-02,Tarde,4409,77.0,93.88,Média,Sim,2,1.62,2,4,Atrasado
OP-02485,5,Engrenagem,Torno-03,Manhã,2820,148.0,55.94,Média,Sim,3,7.49,0,20,Atrasado
OP-02486,5,Flange,Fresadora-01,Tarde,4352,171.0,45.11,Alta,Sim,3,1.34,4,12,Atrasado
OP-02487,3,Flange,Fresadora-01,Noite,648,176.0,25.62,Alta,Sim,6,3.16,5,15,No_Prazo
OP-02488,1,Flange,Mandrilhadora-A,Noite,122,49.0,4.58,Urgente,Sim,2,1.13,4,13,Adiantado
OP-02489,7,Flange,CNC-01,Manhã,2351,109.0,49.53,Média,Não,4,6.67,4,45,Atrasado
OP-02490,5,Suporte,Torno-03,Tarde,1360,110.0,20.67,Média,Sim,2,2.18,0,26,Adiantado
OP-02491,5,Flange,Fresadora-01,Manhã,3787,44.0,44.31,Alta,Sim,1,5.49,4,24,Atrasado
OP-02492,4,Eixo,Mandrilhadora-A,Manhã,1717,111.0,50.68,Baixa,Sim,1,6.22,2,22,No_Prazo
OP-02493,12,Flange,CNC-01,Manhã,2064,75.0,36.61,Alta,Não,1,3.36,1,28,Atrasado
OP-02494,8,Carcaça,Mandrilhadora-A,Manhã,2697,170.0,112.56,Baixa,Sim,6,6.42,2,17,No_Prazo
OP-02495,6,Eixo,CNC-01,Tarde,4809,57.0,230.84,Média,Sim,6,2.94,1,9,No_Prazo
OP-02496,3,Engrenagem,CNC-01,Manhã,405,153.0,16.64,Média,Sim,1,1.61,1,15,Adiantado
OP-02497,10,Carcaça,Mandrilhadora-A,Manhã,2785,163.0,122.72,Alta,Sim,2,3.95,4,16,No_Prazo
OP-02498,11,Engrenagem,Fresadora-01,Noite,1975,136.0,98.02,Baixa,Sim,3,5.83,4,14,Atrasado
OP-02499,1,Suporte,Mandrilhadora-A,Tarde,228,50.0,9.04,Alta,Sim,1,0.8,3,9,Adiantado
OP-02500,12,Carcaça,Fresadora-01,Manhã,4082,58.0,133.45,Alta,Não,3,6.55,5,40,Atrasado
OP-02501,9,Eixo,Fresadora-01,Tarde,4574,175.0,193.94,Alta,Sim,6,2.42,0,21,No_Prazo
OP-02502,2,Eixo,Torno-03,Tarde,907,28.0,29.53,Urgente,Não,3,5.61,5,22,Atrasado
OP-02503,10,Eixo,Torno-03,Tarde,3810,34.0,104.02,Alta,Sim,4,1.36,2,41,Adiantado
OP-02504,2,Engrenagem,Torno-03,Tarde,3521,176.0,39.79,Alta,Não,6,3.42,3,39,Atrasado
OP-02505,1,Engrenagem,CNC-02,Noite,3541,143.0,126.48,Média,Sim,1,3.99,5,13,Atrasado
OP-02506,2,Engrenagem,Mandrilhadora-A,Manhã,2328,138.0,106.86,Alta,Sim,5,4.01,4,45,Adiantado
OP-02507,6,Flange,CNC-02,Tarde,1634,41.0,61.64,Urgente,Não,3,2.55,5,21,Atrasado
OP-02508,8,Flange,Fresadora-01,Manhã,399,96.0,10.44,Alta,Sim,4,4.47,1,24,Adiantado
OP-02509,5,Engrenagem,Fresadora-01,Noite,222,154.0,7.7,Média,Sim,6,2.58,1,43,Adiantado
OP-02510,2,Carcaça,Torno-03,Manhã,928,69.0,39.46,Média,Não,5,1.75,0,42,No_Prazo
OP-02511,3,Suporte,Fresadora-01,Manhã,2662,47.0,108.0,Alta,Não,2,1.5,4,43,Atrasado
OP-02512,11,Engrenagem,CNC-01,Noite,748,17.0,22.18,Urgente,Sim,5,7.21,3,10,Adiantado
OP-02513,12,Carcaça,CNC-02,Tarde,3448,118.0,84.36,Média,Sim,2,1.48,3,6,Atrasado
OP-02514,10,Engrenagem,Torno-03,Manhã,3117,63.0,80.65,Urgente,Sim,3,3.46,2,16,Adiantado
OP-02515,2,Flange,CNC-02,Manhã,1755,158.0,81.29,Média,Sim,4,2.39,2,15,No_Prazo
OP-02516,10,Flange,Mandrilhadora-A,Manhã,482,62.0,8.09,Média,Sim,3,5.12,5,31,Adiantado
OP-02517,9,Flange,Mandrilhadora-A,Noite,2611,40.0,116.24,Urgente,Sim,6,3.09,1,9,No_Prazo
OP-02518,7,Carcaça,Fresadora-01,Tarde,4124,173.0,73.45,Urgente,Sim,2,2.65,4,13,Atrasado
OP-02519,2,Carcaça,CNC-02,Manhã,1999,174.0,98.42,Média,Não,4,7.77,0,37,Atrasado
OP-02520,12,Eixo,CNC-01,Tarde,4042,128.0,112.91,Urgente,Sim,2,7.98,2,28,No_Prazo
OP-02521,6,Flange,Fresadora-01,Tarde,1466,168.0,57.67,Alta,Sim,4,1.49,0,37,Adiantado
OP-02522,1,Carcaça,Mandrilhadora-A,Manhã,446,42.0,17.47,Alta,Não,6,5.7,0,41,No_Prazo
OP-02523,3,Suporte,Torno-03,Noite,3267,91.0,133.62,Alta,Sim,6,7.17,0,43,Adiantado
OP-02524,5,Carcaça,Mandrilhadora-A,Manhã,4446,49.0,184.85,Média,Sim,5,7.78,1,44,No_Prazo
OP-02525,1,Flange,Mandrilhadora-A,Noite,4423,94.0,51.14,Baixa,Não,4,2.74,5,31,Atrasado
OP-02526,4,Eixo,Torno-03,Noite,4797,146.0,100.42,Baixa,Não,3,6.38,2,25,Atrasado
OP-02527,6,Flange,CNC-02,Manhã,583,154.0,11.19,Baixa,Sim,2,2.96,3,30,Adiantado
OP-02528,12,Carcaça,CNC-01,Tarde,265,16.0,10.06,Média,Sim,1,5.16,4,34,No_Prazo
OP-02529,2,Carcaça,Fresadora-01,Noite,2869,79.0,107.11,Baixa,Sim,4,4.35,5,40,No_Prazo
OP-02530,7,Suporte,Torno-03,Tarde,4754,179.0,104.02,Média,Sim,5,5.81,5,28,No_Prazo
OP-02531,11,Suporte,CNC-01,Tarde,4989,112.0,208.25,Média,Sim,6,7.35,0,28,No_Prazo
OP-02532,10,Flange,CNC-01,Manhã,1433,64.0,32.19,Baixa,Sim,6,1.35,1,21,Adiantado
OP-02533,12,Eixo,Mandrilhadora-A,Manhã,1907,79.0,45.23,Média,Sim,2,2.17,4,37,Adiantado
OP-02534,3,Flange,CNC-02,Tarde,3340,68.0,86.69,Média,Sim,6,4.89,4,18,No_Prazo
OP-02535,10,Flange,CNC-02,Manhã,4572,89.0,181.89,Baixa,Não,2,3.18,5,17,Atrasado
OP-02536,12,Carcaça,Fresadora-01,Manhã,915,88.0,9.58,Alta,Sim,5,4.68,4,29,Adiantado
OP-02537,4,Flange,CNC-02,Tarde,4879,99.0,225.7,Alta,Sim,5,6.37,3,30,No_Prazo
OP-02538,6,Suporte,Mandrilhadora-A,Manhã,4096,92.0,154.35,Alta,Sim,4,5.75,2,17,Atrasado
OP-02539,7,Engrenagem,Fresadora-01,Noite,387,100.0,12.95,Alta,Sim,3,6.25,2,3,No_Prazo
OP-02540,6,Suporte,CNC-02,Noite,4217,20.0,82.2,Urgente,Sim,1,1.71,0,35,Adiantado
OP-02541,4,Flange,CNC-02,Noite,3226,24.0,133.62,Alta,Não,4,0.73,4,6,Atrasado
OP-02542,12,Carcaça,Mandrilhadora-A,Manhã,4892,76.0,219.71,Baixa,Sim,1,7.04,0,8,Atrasado
OP-02543,12,Flange,Torno-03,Tarde,1086,161.0,32.65,Média,Sim,4,3.89,3,7,Adiantado
OP-02544,5,Flange,Mandrilhadora-A,Noite,4963,145.0,107.69,Alta,Sim,2,5.27,3,33,No_Prazo
OP-02545,10,Engrenagem,CNC-02,Manhã,285,33.0,7.19,Alta,Sim,2,1.05,5,35,Adiantado
OP-02546,5,Carcaça,CNC-01,Tarde,425,97.0,11.33,Alta,Sim,4,5.81,5,24,Adiantado
OP-02547,10,Suporte,Mandrilhadora-A,Tarde,2266,115.0,50.39,Baixa,Sim,2,1.26,4,6,Atrasado
OP-02548,8,Carcaça,CNC-02,Manhã,3306,94.0,127.24,Urgente,Não,6,6.41,3,6,Atrasado
OP-02549,6,Engrenagem,Mandrilhadora-A,Manhã,876,130.0,20.75,Média,Sim,1,0.96,1,27,No_Prazo
OP-02550,2,Eixo,Fresadora-01,Tarde,1401,180.0,60.03,Urgente,Sim,6,1.12,4,39,Adiantado
OP-02551,8,Carcaça,CNC-02,Manhã,1979,31.0,56.5,Média,Sim,5,3.07,3,33,Adiantado
OP-02552,4,Engrenagem,Fresadora-01,Noite,671,100.0,23.59,Baixa,Sim,2,2.09,3,26,No_Prazo
OP-02553,3,Flange,CNC-01,Tarde,921,100.0,44.13,Média,Sim,4,7.88,3,24,Adiantado
OP-02554,3,Flange,CNC-02,Manhã,786,108.0,21.88,Média,Sim,3,3.88,1,34,Adiantado
OP-02555,12,Carcaça,CNC-02,Tarde,4772,43.0,80.24,Média,Não,2,4.02,1,12,Atrasado
OP-02556,2,Carcaça,Fresadora-01,Tarde,4685,120.0,149.91,Alta,Sim,2,0.85,0,8,Atrasado
OP-02557,10,Carcaça,Torno-03,Manhã,3161,22.0,94.41,Média,Não,3,4.19,2,18,Atrasado
OP-02558,11,Eixo,Fresadora-01,Noite,3434,137.0,141.84,Baixa,Sim,4,0.98,4,9,Atrasado
OP-02559,1,Flange,Torno-03,Tarde,728,124.0,32.33,Média,Sim,4,5.21,0,14,No_Prazo
OP-02560,8,Suporte,Fresadora-01,Tarde,299,70.0,11.51,Alta,Sim,5,7.86,2,40,Adiantado
OP-02561,7,Carcaça,CNC-01,Noite,1916,178.0,93.61,Média,Não,4,2.97,5,23,Atrasado
OP-02562,5,Engrenagem,Fresadora-01,Tarde,4921,152.0,102.2,Baixa,Sim,5,6.56,5,23,Atrasado
OP-02563,9,Carcaça,CNC-01,Tarde,2415,104.0,47.26,Alta,Sim,6,7.74,5,35,Adiantado
OP-02564,5,Eixo,CNC-01,Manhã,4048,178.0,87.65,Média,Sim,6,7.76,2,15,No_Prazo
OP-02565,6,Engrenagem,Fresadora-01,Manhã,1880,152.0,69.25,Urgente,Sim,3,6.09,2,33,Adiantado
OP-02566,6,Suporte,CNC-01,Tarde,1580,38.0,30.5,Baixa,Sim,4,7.02,1,25,No_Prazo
OP-02567,10,Suporte,Fresadora-01,Tarde,4070,113.0,55.09,Alta,Sim,5,3.14,2,27,No_Prazo
OP-02568,8,Engrenagem,CNC-01,Tarde,2380,111.0,116.88,Alta,Sim,4,4.88,4,18,No_Prazo
OP-02569,5,Engrenagem,CNC-01,Tarde,3673,123.0,82.95,Baixa,Sim,1,5.47,4,43,No_Prazo
OP-02570,12,Carcaça,Mandrilhadora-A,Tarde,3646,170.0,68.89,Alta,Sim,6,2.13,3,44,Adiantado
OP-02571,10,Carcaça,CNC-01,Noite,3649,96.0,88.85,Média,Sim,5,2.85,2,8,Atrasado
OP-02572,12,Engrenagem,Mandrilhadora-A,Noite,3396,28.0,55.48,Média,Sim,5,3.21,4,11,No_Prazo
OP-02573,9,Carcaça,CNC-02,Manhã,4056,94.0,46.36,Alta,Sim,6,0.99,2,35,Adiantado
OP-02574,5,Carcaça,Fresadora-01,Noite,2342,145.0,52.03,Urgente,Sim,2,3.92,0,25,No_Prazo
OP-02575,10,Carcaça,Mandrilhadora-A,Noite,1550,74.0,36.45,Baixa,Não,6,6.38,5,36,Atrasado
OP-02576,4,Eixo,CNC-01,Manhã,2586,19.0,109.75,Alta,Sim,2,5.37,0,17,No_Prazo
OP-02577,4,Flange,CNC-02,Manhã,1656,65.0,45.42,Baixa,Sim,5,5.19,5,30,Adiantado
OP-02578,6,Carcaça,Torno-03,Manhã,263,128.0,10.38,Baixa,Sim,1,5.04,3,10,No_Prazo
OP-02579,12,Carcaça,Mandrilhadora-A,Tarde,1840,29.0,72.55,Baixa,Sim,4,0.67,5,44,Adiantado
OP-02580,7,Suporte,CNC-01,Tarde,2528,77.0,105.06,Alta,Sim,1,0.52,3,32,No_Prazo
OP-02581,5,Engrenagem,CNC-01,Tarde,2625,37.0,122.69,Alta,Não,6,1.77,0,30,No_Prazo
OP-02582,6,Engrenagem,CNC-02,Noite,1734,94.0,51.93,Média,Sim,3,7.35,0,8,No_Prazo
OP-02583,4,Eixo,CNC-02,Manhã,3641,38.0,51.55,Urgente,Sim,6,6.93,0,41,Adiantado
OP-02584,8,Engrenagem,CNC-02,Manhã,1461,33.0,16.87,Alta,Não,5,4.83,2,14,Atrasado
OP-02585,5,Engrenagem,CNC-01,Noite,3255,130.0,56.89,Baixa,Não,3,3.39,4,8,Atrasado
OP-02586,7,Engrenagem,Mandrilhadora-A,Noite,1384,41.0,59.75,Média,Sim,2,7.73,3,23,No_Prazo
OP-02587,5,Suporte,Fresadora-01,Noite,4933,41.0,162.66,Média,Sim,3,0.99,4,44,No_Prazo
OP-02588,4,Flange,CNC-01,Manhã,3262,113.0,50.9,Média,Não,2,1.23,3,21,Atrasado
OP-02589,12,Flange,Torno-03,Manhã,2806,22.0,42.95,Baixa,Sim,2,5.16,0,3,No_Prazo
OP-02590,5,Carcaça,Fresadora-01,Manhã,2174,20.0,99.27,Baixa,Sim,3,4.61,1,42,No_Prazo
OP-02591,1,Flange,Fresadora-01,Tarde,3792,86.0,116.8,Média,Não,2,7.86,0,31,Atrasado
OP-02592,5,Flange,Mandrilhadora-A,Manhã,2157,75.0,36.4,Média,Sim,6,6.52,5,30,No_Prazo
OP-02593,7,Eixo,Fresadora-01,Noite,4026,105.0,184.67,Alta,Sim,6,7.54,4,26,No_Prazo
OP-02594,2,Flange,Fresadora-01,Tarde,837,179.0,32.5,Alta,Não,2,5.91,0,5,Atrasado
OP-02595,4,Engrenagem,CNC-01,Tarde,4109,87.0,119.62,Urgente,Sim,2,7.45,1,33,Adiantado
OP-02596,2,Flange,CNC-01,Manhã,4811,110.0,137.61,Alta,Sim,1,5.65,1,9,Atrasado
OP-02597,7,Carcaça,Fresadora-01,Manhã,1250,167.0,46.13,Média,Sim,3,4.44,4,11,No_Prazo
OP-02598,9,Flange,Mandrilhadora-A,Tarde,1158,95.0,27.25,Média,Sim,4,4.85,0,28,Adiantado
OP-02599,12,Eixo,CNC-02,Tarde,4776,144.0,238.78,Média,Sim,2,7.26,5,25,Atrasado
OP-02600,5,Suporte,Fresadora-01,Manhã,2060,106.0,85.25,Urgente,Sim,4,1.28,1,12,No_Prazo
OP-02601,11,Carcaça,CNC-02,Noite,3492,120.0,124.45,Média,Sim,3,4.74,5,5,Atrasado
OP-02602,3,Flange,Torno-03,Manhã,991,169.0,37.16,Média,Sim,1,3.44,4,11,Atrasado
OP-02603,10,Eixo,Fresadora-01,Manhã,2166,15.0,107.96,Alta,Sim,2,5.47,2,4,No_Prazo
OP-02604,7,Suporte,Fresadora-01,Noite,3530,164.0,36.82,Média,Sim,5,5.03,0,45,Adiantado
OP-02605,10,Engrenagem,CNC-01,Manhã,4479,97.0,48.88,Urgente,Não,6,3.5,3,6,Atrasado
OP-02606,10,Carcaça,Mandrilhadora-A,Manhã,2208,115.0,91.41,Baixa,Sim,3,5.67,0,33,No_Prazo
OP-02607,7,Eixo,Mandrilhadora-A,Tarde,421,89.0,7.74,Média,Não,4,4.52,4,19,Atrasado
OP-02608,4,Eixo,Torno-03,Manhã,2097,58.0,78.44,Urgente,Sim,4,1.91,1,16,No_Prazo
OP-02609,7,Suporte,CNC-02,Manhã,3232,26.0,97.39,Média,Sim,2,5.29,5,3,Atrasado
OP-02610,10,Engrenagem,Torno-03,Manhã,4381,171.0,99.65,Média,Sim,5,0.7,0,4,No_Prazo
OP-02611,12,Eixo,Mandrilhadora-A,Manhã,4177,118.0,80.42,Alta,Sim,3,6.67,2,45,No_Prazo
OP-02612,12,Engrenagem,Torno-03,Tarde,3809,159.0,156.44,Alta,Sim,1,7.3,2,37,Atrasado
OP-02613,3,Eixo,CNC-01,Manhã,868,63.0,14.62,Baixa,Sim,3,1.08,4,15,Adiantado
OP-02614,8,Flange,CNC-01,Noite,2623,61.0,42.88,Média,Sim,2,2.43,1,27,No_Prazo
OP-02615,2,Engrenagem,Mandrilhadora-A,Noite,2901,70.0,80.29,Média,Não,3,1.45,4,41,Atrasado
OP-02616,9,Eixo,Fresadora-01,Manhã,2369,53.0,34.99,Média,Sim,3,6.29,1,16,No_Prazo
OP-02617,12,Suporte,Fresadora-01,Manhã,4619,97.0,164.72,Média,Não,3,1.03,0,44,Atrasado
OP-02618,1,Carcaça,CNC-01,Manhã,4801,169.0,238.51,Média,Sim,2,4.56,5,25,Atrasado
OP-02619,8,Engrenagem,CNC-01,Manhã,1090,160.0,43.51,Alta,Sim,6,3.41,1,22,Adiantado
OP-02620,12,Suporte,CNC-02,Manhã,4784,97.0,163.28,Média,Sim,1,6.13,2,41,No_Prazo
OP-02621,11,Engrenagem,CNC-02,Noite,4240,73.0,109.33,Média,Sim,2,5.29,3,22,Atrasado
OP-02622,5,Flange,CNC-02,Manhã,3538,116.0,175.2,Média,Sim,2,4.58,0,5,Atrasado
OP-02623,2,Carcaça,Torno-03,Tarde,1938,116.0,87.59,Média,Sim,3,4.28,3,9,No_Prazo
OP-02624,12,Suporte,CNC-02,Tarde,3812,128.0,163.24,Baixa,Sim,3,6.31,3,34,No_Prazo
OP-02625,12,Eixo,CNC-01,Noite,2951,103.0,56.66,Urgente,Sim,6,4.08,4,30,Adiantado
OP-02626,7,Eixo,Torno-03,Manhã,4500,19.0,67.24,Baixa,Sim,6,3.65,0,40,Adiantado
OP-02627,12,Suporte,Fresadora-01,Manhã,3570,28.0,61.11,Alta,Sim,1,0.69,5,11,Atrasado
OP-02628,1,Carcaça,Fresadora-01,Noite,4823,176.0,98.14,Alta,Não,4,2.51,0,25,Atrasado
OP-02629,8,Eixo,CNC-02,Manhã,2125,138.0,28.19,Alta,Sim,4,3.27,5,19,No_Prazo
OP-02630,1,Engrenagem,CNC-02,Tarde,457,171.0,20.81,Alta,Sim,6,4.84,1,44,Adiantado
OP-02631,12,Flange,Torno-03,Tarde,2485,71.0,43.26,Alta,Sim,3,5.55,0,37,Adiantado
OP-02632,9,Suporte,CNC-01,Tarde,4986,103.0,95.06,Média,Sim,3,7.72,1,12,Atrasado
OP-02633,11,Flange,Mandrilhadora-A,Manhã,3292,68.0,149.87,Média,Sim,6,2.58,2,34,Adiantado
OP-02634,7,Carcaça,Mandrilhadora-A,Manhã,3529,165.0,170.54,Alta,Sim,3,4.58,0,34,No_Prazo
OP-02635,1,Carcaça,CNC-01,Tarde,3145,62.0,59.35,Baixa,Sim,4,6.17,1,19,No_Prazo
OP-02636,1,Suporte,Mandrilhadora-A,Tarde,2984,129.0,64.95,Média,Sim,2,2.83,1,21,No_Prazo
OP-02637,5,Engrenagem,CNC-01,Noite,353,44.0,14.83,Alta,Sim,5,4.61,0,13,Adiantado
OP-02638,9,Carcaça,Torno-03,Tarde,2095,32.0,102.26,Média,Não,1,3.64,2,19,Atrasado
OP-02639,2,Suporte,Fresadora-01,Noite,477,41.0,17.17,Média,Sim,6,3.48,0,7,Adiantado
OP-02640,11,Eixo,CNC-02,Noite,1715,102.0,47.51,Alta,Sim,2,0.97,1,30,Adiantado
OP-02641,3,Flange,CNC-02,Tarde,3613,154.0,133.62,Baixa,Sim,4,0.68,0,24,No_Prazo
OP-02642,6,Carcaça,CNC-01,Manhã,4030,180.0,166.08,Alta,Sim,1,2.72,0,29,No_Prazo
OP-02643,3,Carcaça,Fresadora-01,Tarde,1156,118.0,16.77,Alta,Sim,1,7.34,2,44,Adiantado
OP-02644,6,Flange,CNC-01,Tarde,3289,103.0,90.16,Baixa,Não,5,1.95,5,18,Atrasado
OP-02645,6,Engrenagem,Torno-03,Tarde,1171,145.0,51.87,Baixa,Sim,5,0.97,2,8,Adiantado
OP-02646,1,Suporte,CNC-02,Manhã,1043,26.0,39.86,Urgente,Sim,3,5.15,3,19,Adiantado
OP-02647,7,Suporte,Mandrilhadora-A,Tarde,4801,149.0,77.54,Baixa,Não,1,7.69,0,18,Atrasado
OP-02648,10,Engrenagem,Mandrilhadora-A,Manhã,3069,140.0,123.4,Urgente,Sim,1,0.93,4,23,No_Prazo
OP-02649,12,Carcaça,Mandrilhadora-A,Manhã,1027,102.0,37.69,Média,Sim,6,6.09,4,39,Adiantado
OP-02650,4,Eixo,Fresadora-01,Noite,748,19.0,15.4,Média,Não,5,1.31,2,45,No_Prazo
OP-02651,11,Carcaça,Torno-03,Tarde,295,48.0,7.01,Alta,Sim,3,1.51,1,30,Adiantado
OP-02652,11,Flange,CNC-02,Tarde,2509,76.0,56.64,Média,Sim,2,7.52,3,37,No_Prazo
OP-02653,12,Eixo,CNC-01,Tarde,551,170.0,27.4,Média,Sim,5,5.76,3,15,No_Prazo
OP-02654,5,Engrenagem,Mandrilhadora-A,Tarde,2938,120.0,50.97,Alta,Não,6,4.69,4,18,Atrasado
OP-02655,11,Engrenagem,CNC-02,Manhã,2197,99.0,94.86,Média,Sim,4,1.73,1,40,Adiantado
OP-02656,7,Suporte,Torno-03,Tarde,3196,96.0,99.8,Baixa,Sim,5,4.69,2,18,No_Prazo
OP-02657,1,Eixo,CNC-01,Manhã,1077,144.0,48.7,Alta,Não,6,0.97,4,18,Atrasado
OP-02658,4,Carcaça,CNC-02,Tarde,769,68.0,37.89,Média,Sim,2,3.46,4,41,Adiantado
OP-02659,9,Eixo,Fresadora-01,Manhã,548,31.0,26.55,Alta,Não,5,5.78,4,37,Atrasado
OP-02660,2,Carcaça,Torno-03,Noite,523,127.0,23.1,Média,Sim,2,4.76,4,36,Adiantado
OP-02661,6,Carcaça,Torno-03,Noite,407,69.0,10.8,Alta,Sim,2,5.56,0,34,Adiantado
OP-02662,10,Engrenagem,CNC-02,Tarde,1330,69.0,27.73,Média,Sim,6,1.37,1,31,Adiantado
OP-02663,2,Suporte,CNC-01,Manhã,4012,90.0,91.39,Urgente,Sim,2,6.19,1,26,No_Prazo
OP-02664,6,Carcaça,Mandrilhadora-A,Manhã,3054,55.0,110.33,Média,Sim,5,7.67,1,33,Adiantado
OP-02665,3,Eixo,Torno-03,Tarde,1289,167.0,30.52,Urgente,Sim,3,7.31,2,4,No_Prazo
OP-02666,7,Engrenagem,CNC-02,Tarde,4661,155.0,127.69,Alta,Sim,6,1.16,1,5,No_Prazo
OP-02667,3,Carcaça,CNC-02,Tarde,3817,179.0,50.34,Alta,Não,2,1.24,4,40,Atrasado
OP-02668,12,Flange,Fresadora-01,Noite,3906,174.0,159.52,Média,Não,1,4.35,3,6,Atrasado
OP-02669,1,Engrenagem,Torno-03,Tarde,4497,67.0,65.02,Baixa,Sim,3,4.43,0,30,No_Prazo
OP-02670,12,Carcaça,CNC-02,Tarde,3741,78.0,87.84,Média,Sim,4,6.93,4,16,Atrasado
OP-02671,10,Suporte,Mandrilhadora-A,Tarde,4786,130.0,160.89,Alta,Sim,3,3.27,1,35,No_Prazo
OP-02672,11,Engrenagem,Mandrilhadora-A,Tarde,1684,18.0,52.62,Média,Não,2,4.36,3,23,Atrasado
OP-02673,11,Eixo,CNC-01,Tarde,4287,179.0,196.02,Baixa,Não,5,2.03,2,16,Atrasado
OP-02674,3,Engrenagem,Fresadora-01,Noite,602,17.0,21.88,Média,Não,3,7.6,2,33,Atrasado
OP-02675,12,Carcaça,Mandrilhadora-A,Manhã,1535,103.0,63.8,Baixa,Sim,5,1.41,1,45,Adiantado
OP-02676,8,Engrenagem,Torno-03,Manhã,4465,125.0,98.85,Média,Sim,1,7.28,2,36,Atrasado
OP-02677,12,Suporte,CNC-01,Manhã,710,166.0,10.86,Média,Sim,6,7.18,0,12,No_Prazo
OP-02678,11,Flange,CNC-01,Noite,2529,121.0,100.49,Baixa,Sim,5,0.88,4,41,Adiantado
OP-02679,7,Flange,Fresadora-01,Tarde,1735,113.0,28.01,Baixa,Sim,2,6.32,3,45,Adiantado
OP-02680,5,Carcaça,Mandrilhadora-A,Manhã,547,65.0,23.72,Média,Sim,4,3.03,3,14,Adiantado
OP-02681,2,Carcaça,CNC-01,Tarde,1217,113.0,58.08,Média,Sim,5,2.19,5,30,Adiantado
OP-02682,2,Engrenagem,Torno-03,Tarde,2698,139.0,57.51,Urgente,Sim,5,3.52,3,35,Adiantado
OP-02683,5,Engrenagem,Torno-03,Noite,3171,100.0,128.24,Média,Sim,3,7.43,2,29,No_Prazo
OP-02684,10,Engrenagem,CNC-02,Noite,3393,144.0,93.29,Alta,Sim,1,3.49,3,45,Adiantado
OP-02685,7,Suporte,Fresadora-01,Noite,700,26.0,15.37,Baixa,Sim,1,2.32,4,13,No_Prazo
OP-02686,6,Flange,Mandrilhadora-A,Noite,1633,70.0,44.49,Alta,Sim,6,4.43,4,11,Adiantado
OP-02687,3,Engrenagem,CNC-02,Manhã,565,173.0,20.27,Baixa,Sim,1,3.57,3,41,No_Prazo
OP-02688,7,Eixo,CNC-01,Manhã,95,68.0,4.7,Alta,Sim,3,0.64,3,5,Adiantado
OP-02689,8,Flange,CNC-02,Tarde,1983,118.0,43.63,Alta,Sim,6,1.9,5,4,No_Prazo
OP-02690,12,Suporte,CNC-02,Tarde,3126,101.0,119.53,Alta,Sim,6,0.63,4,41,Adiantado
OP-02691,9,Eixo,Fresadora-01,Manhã,1885,170.0,44.1,Baixa,Sim,3,4.42,4,39,No_Prazo
OP-02692,8,Carcaça,Torno-03,Tarde,248,42.0,4.97,Alta,Sim,5,5.31,3,8,Adiantado
OP-02693,11,Carcaça,CNC-01,Manhã,1138,64.0,40.14,Baixa,Sim,4,5.89,5,38,Adiantado
OP-02694,6,Suporte,CNC-02,Manhã,2192,157.0,88.67,Média,Sim,1,2.06,5,33,No_Prazo
OP-02695,12,Flange,Fresadora-01,Manhã,1810,125.0,70.04,Alta,Não,3,6.54,2,41,Atrasado
OP-02696,5,Carcaça,Torno-03,Noite,4132,105.0,197.11,Alta,Sim,5,3.58,4,19,No_Prazo
OP-02697,2,Suporte,Torno-03,Tarde,3010,80.0,43.03,Alta,Sim,4,0.87,3,16,Adiantado
OP-02698,6,Flange,CNC-02,Tarde,4994,83.0,157.94,Alta,Sim,4,7.46,3,18,Atrasado
OP-02699,2,Flange,CNC-02,Noite,918,169.0,19.86,Alta,Sim,5,5.7,3,31,Adiantado
OP-02700,2,Carcaça,CNC-01,Noite,1882,126.0,80.32,Média,Sim,2,4.72,5,43,No_Prazo
OP-02701,11,Flange,CNC-01,Manhã,482,168.0,6.02,Média,Sim,4,0.8,5,43,Adiantado
OP-02702,10,Engrenagem,CNC-01,Noite,149,175.0,2.54,Média,Sim,2,0.6,5,18,No_Prazo
OP-02703,3,Carcaça,Fresadora-01,Manhã,4623,105.0,188.99,Média,Sim,1,4.74,1,5,Atrasado
OP-02704,11,Engrenagem,CNC-01,Tarde,2489,116.0,60.2,Alta,Não,6,7.09,2,20,Atrasado
OP-02705,1,Suporte,Torno-03,Manhã,3316,123.0,123.59,Média,Não,5,5.36,0,22,Atrasado
OP-02706,4,Suporte,Mandrilhadora-A,Tarde,1417,153.0,70.77,Alta,Sim,6,0.54,4,3,No_Prazo
OP-02707,9,Flange,Fresadora-01,Tarde,305,124.0,8.66,Baixa,Sim,3,5.29,4,45,Adiantado
OP-02708,4,Engrenagem,Torno-03,Manhã,4469,34.0,139.97,Média,Sim,4,3.11,5,10,Atrasado
OP-02709,9,Flange,CNC-01,Tarde,3309,171.0,162.18,Urgente,Sim,1,1.42,4,27,No_Prazo
OP-02710,11,Carcaça,Torno-03,Tarde,3571,124.0,142.32,Média,Sim,2,6.59,1,18,Atrasado
OP-02711,1,Eixo,Mandrilhadora-A,Tarde,2690,159.0,48.07,Baixa,Sim,1,4.82,1,33,No_Prazo
OP-02712,1,Suporte,CNC-02,Manhã,2051,85.0,86.49,Alta,Não,3,5.93,2,31,Atrasado
OP-02713,12,Carcaça,Mandrilhadora-A,Manhã,2140,93.0,65.56,Baixa,Sim,3,1.74,4,42,Adiantado
OP-02714,7,Carcaça,Fresadora-01,Manhã,3822,129.0,158.59,Média,Não,2,1.37,2,5,Atrasado
OP-02715,7,Flange,CNC-02,Noite,1174,143.0,39.85,Alta,Não,5,4.36,5,15,Atrasado
OP-02716,6,Eixo,CNC-01,Noite,1738,28.0,33.18,Média,Sim,4,4.46,3,18,No_Prazo
OP-02717,6,Suporte,CNC-01,Manhã,1571,82.0,66.89,Urgente,Sim,3,4.87,2,41,Adiantado
OP-02718,9,Flange,CNC-02,Tarde,2632,142.0,26.53,Alta,Sim,3,6.08,5,18,No_Prazo
OP-02719,7,Suporte,CNC-02,Tarde,4839,179.0,220.28,Média,Sim,4,5.48,3,24,Atrasado
OP-02720,2,Suporte,Fresadora-01,Noite,4617,17.0,197.35,Urgente,Não,3,5.57,1,37,Atrasado
OP-02721,8,Suporte,Torno-03,Manhã,2746,59.0,134.02,Média,Não,5,1.81,2,42,No_Prazo
OP-02722,9,Eixo,Torno-03,Tarde,1040,92.0,11.88,Média,Sim,5,3.64,4,14,No_Prazo
OP-02723,2,Suporte,Fresadora-01,Tarde,4705,52.0,129.41,Alta,Sim,2,5.0,0,31,No_Prazo
OP-02724,5,Flange,Fresadora-01,Manhã,1599,19.0,26.81,Média,Não,6,4.39,4,41,Atrasado
OP-02725,10,Carcaça,Fresadora-01,Manhã,1813,104.0,45.25,Média,Sim,3,2.78,0,14,Adiantado
OP-02726,8,Suporte,Mandrilhadora-A,Manhã,4433,122.0,108.13,Média,Sim,2,7.58,4,43,No_Prazo
OP-02727,2,Carcaça,CNC-02,Tarde,1353,84.0,45.87,Média,Sim,6,1.55,4,19,Adiantado
OP-02728,1,Carcaça,Mandrilhadora-A,Tarde,2336,76.0,64.23,Média,Sim,3,7.81,3,12,No_Prazo
OP-02729,7,Carcaça,Torno-03,Tarde,4588,178.0,223.08,Média,Sim,1,6.37,1,37,No_Prazo
OP-02730,6,Suporte,CNC-01,Manhã,1623,94.0,34.26,Urgente,Sim,4,4.97,3,19,Adiantado
OP-02731,12,Flange,CNC-01,Noite,3140,147.0,84.0,Alta,Sim,3,1.46,4,20,No_Prazo
OP-02732,7,Engrenagem,CNC-01,Manhã,234,62.0,8.9,Média,Sim,2,4.73,1,34,Adiantado
OP-02733,12,Eixo,Mandrilhadora-A,Noite,4978,152.0,104.85,Média,Sim,5,1.16,5,12,Atrasado
OP-02734,3,Flange,CNC-01,Manhã,2123,151.0,82.7,Baixa,Sim,3,7.49,0,14,No_Prazo
OP-02735,6,Suporte,Mandrilhadora-A,Noite,3367,59.0,129.12,Média,Sim,4,2.64,5,33,No_Prazo
OP-02736,2,Flange,Fresadora-01,Noite,2527,123.0,97.26,Alta,Não,1,3.5,2,38,Atrasado
OP-02737,7,Flange,Torno-03,Noite,2198,128.0,81.33,Alta,Sim,3,5.28,4,10,No_Prazo
OP-02738,3,Engrenagem,Mandrilhadora-A,Noite,2061,88.0,88.0,Média,Sim,1,0.64,1,44,Adiantado
OP-02739,6,Suporte,Mandrilhadora-A,Manhã,137,143.0,6.82,Urgente,Sim,2,4.56,3,5,No_Prazo
OP-02740,5,Flange,Mandrilhadora-A,Tarde,1423,66.0,17.38,Alta,Não,5,5.86,3,30,Atrasado
OP-02741,3,Engrenagem,Torno-03,Tarde,1934,95.0,57.8,Baixa,Sim,6,2.05,2,21,Adiantado
OP-02742,2,Eixo,CNC-02,Tarde,1877,178.0,79.82,Urgente,Sim,3,1.66,5,9,No_Prazo
OP-02743,7,Carcaça,CNC-01,Noite,1403,44.0,14.03,Média,Não,5,4.16,5,36,Atrasado
OP-02744,12,Engrenagem,Mandrilhadora-A,Manhã,3230,39.0,102.73,Urgente,Sim,5,4.52,0,3,Adiantado
OP-02745,3,Flange,Mandrilhadora-A,Tarde,4154,38.0,151.17,Alta,Sim,5,3.79,4,15,No_Prazo
OP-02746,5,Flange,Torno-03,Noite,4461,180.0,78.82,Média,Sim,1,2.72,3,20,Atrasado
OP-02747,3,Engrenagem,CNC-01,Manhã,4862,41.0,126.57,Média,Sim,2,3.57,3,32,Atrasado
OP-02748,10,Engrenagem,Mandrilhadora-A,Manhã,3265,46.0,135.75,Média,Sim,5,2.84,0,12,No_Prazo
OP-02749,5,Carcaça,CNC-02,Manhã,2084,130.0,26.4,Alta,Não,2,2.37,3,5,Atrasado
OP-02750,12,Flange,Torno-03,Noite,3248,140.0,50.0,Alta,Não,4,4.04,2,36,Atrasado
OP-02751,3,Eixo,Fresadora-01,Noite,705,102.0,30.12,Média,Sim,6,3.47,0,6,Adiantado
OP-02752,1,Engrenagem,CNC-01,Manhã,4093,177.0,173.41,Alta,Não,5,3.77,1,23,Atrasado
OP-02753,7,Flange,CNC-01,Tarde,2698,21.0,90.7,Média,Não,3,0.5,0,31,Atrasado
OP-02754,8,Suporte,CNC-01,Tarde,867,117.0,23.1,Média,Sim,2,5.7,1,30,No_Prazo
OP-02755,12,Suporte,Mandrilhadora-A,Tarde,2157,115.0,30.69,Média,Sim,2,0.85,1,7,No_Prazo
OP-02756,11,Engrenagem,Mandrilhadora-A,Tarde,1540,68.0,65.38,Alta,Sim,4,2.05,5,29,Adiantado
OP-02757,11,Suporte,Torno-03,Noite,1780,163.0,35.01,Alta,Sim,5,6.53,1,3,No_Prazo
OP-02758,8,Carcaça,Torno-03,Manhã,300,106.0,13.96,Média,Não,6,7.88,2,4,Atrasado
OP-02759,5,Eixo,Torno-03,Manhã,129,56.0,5.29,Alta,Sim,6,7.94,4,13,Adiantado
OP-02760,6,Engrenagem,CNC-02,Tarde,1780,30.0,23.56,Alta,Sim,2,4.94,0,33,Adiantado
OP-02761,2,Carcaça,Torno-03,Tarde,1543,33.0,54.65,Baixa,Sim,1,2.45,2,12,No_Prazo
OP-02762,6,Flange,CNC-02,Tarde,4994,163.0,233.84,Média,Sim,1,6.76,1,38,Atrasado
OP-02763,5,Suporte,Fresadora-01,Manhã,1349,56.0,60.93,Média,Sim,2,5.38,3,8,No_Prazo
OP-02764,1,Eixo,CNC-02,Manhã,1680,165.0,58.02,Baixa,Sim,3,7.9,5,23,No_Prazo
OP-02765,3,Eixo,Fresadora-01,Noite,4580,35.0,77.3,Média,Sim,1,4.62,3,23,Atrasado
OP-02766,7,Eixo,Mandrilhadora-A,Manhã,4305,177.0,160.19,Alta,Sim,6,4.45,2,28,Adiantado
OP-02767,5,Eixo,CNC-02,Tarde,331,153.0,12.13,Média,Sim,3,0.83,0,19,Adiantado
OP-02768,12,Flange,CNC-01,Noite,474,34.0,15.9,Alta,Sim,1,1.96,5,9,No_Prazo
OP-02769,6,Engrenagem,Torno-03,Manhã,520,29.0,10.73,Urgente,Não,4,5.5,2,34,No_Prazo
OP-02770,12,Carcaça,CNC-01,Manhã,2325,148.0,106.98,Média,Sim,1,7.95,3,31,No_Prazo
OP-02771,8,Flange,CNC-02,Manhã,2884,28.0,86.82,Média,Sim,6,4.07,3,31,Adiantado
OP-02772,1,Carcaça,Fresadora-01,Tarde,1789,58.0,39.15,Baixa,Não,6,0.72,3,43,No_Prazo
OP-02773,3,Flange,Torno-03,Manhã,114,147.0,2.3,Alta,Sim,6,3.5,0,41,Adiantado
OP-02774,9,Eixo,Torno-03,Tarde,1047,165.0,22.24,Média,Sim,3,1.45,2,33,Adiantado
OP-02775,7,Flange,Fresadora-01,Manhã,3092,142.0,87.95,Média,Sim,4,7.7,2,21,No_Prazo
OP-02776,4,Engrenagem,CNC-01,Manhã,1893,162.0,36.41,Alta,Não,1,1.56,4,3,Atrasado
OP-02777,7,Carcaça,Torno-03,Manhã,661,107.0,20.29,Alta,Sim,1,1.38,2,12,No_Prazo
OP-02778,11,Suporte,CNC-01,Manhã,3273,144.0,57.87,Média,Não,4,3.93,5,16,Atrasado
OP-02779,5,Engrenagem,Torno-03,Manhã,3086,72.0,64.31,Alta,Não,5,4.56,3,15,Atrasado
OP-02780,1,Flange,CNC-02,Noite,2477,145.0,36.63,Urgente,Não,1,5.88,0,44,Atrasado
OP-02781,4,Flange,Mandrilhadora-A,Manhã,4703,127.0,114.26,Alta,Sim,6,3.26,5,5,Atrasado
OP-02782,12,Eixo,CNC-02,Tarde,4229,110.0,110.96,Baixa,Sim,3,7.23,2,31,Atrasado
OP-02783,10,Engrenagem,CNC-02,Tarde,246,179.0,6.43,Alta,Não,4,4.99,4,23,Atrasado
OP-02784,11,Suporte,CNC-01,Tarde,4529,93.0,176.61,Alta,Sim,1,0.85,1,16,Atrasado
OP-02785,11,Eixo,CNC-01,Tarde,295,117.0,8.65,Média,Sim,6,0.76,4,34,Adiantado
OP-02786,2,Flange,CNC-02,Manhã,2435,99.0,91.85,Alta,Sim,4,4.02,5,28,No_Prazo
OP-02787,4,Eixo,CNC-02,Tarde,4513,58.0,51.11,Média,Sim,3,3.8,0,39,Adiantado
OP-02788,1,Suporte,Fresadora-01,Manhã,4909,70.0,134.82,Média,Sim,4,3.89,4,10,Atrasado
OP-02789,1,Engrenagem,Mandrilhadora-A,Noite,161,176.0,2.19,Alta,Não,5,0.93,4,14,Atrasado
OP-02790,11,Eixo,Mandrilhadora-A,Manhã,406,80.0,11.56,Alta,Sim,1,0.9,1,42,Adiantado
OP-02791,12,Flange,Mandrilhadora-A,Tarde,1244,127.0,43.05,Baixa,Sim,1,0.96,2,40,Adiantado
OP-02792,2,Flange,Mandrilhadora-A,Tarde,1417,109.0,59.33,Baixa,Sim,4,6.0,2,19,No_Prazo
OP-02793,9,Suporte,Torno-03,Tarde,1433,162.0,45.87,Média,Sim,5,5.01,2,20,Adiantado
OP-02794,7,Engrenagem,CNC-02,Manhã,2112,140.0,53.18,Média,Sim,6,1.52,2,11,Adiantado
OP-02795,1,Flange,Fresadora-01,Tarde,1628,28.0,33.5,Alta,Sim,1,3.73,5,6,No_Prazo
OP-02796,11,Suporte,CNC-02,Tarde,2934,74.0,141.71,Baixa,Sim,3,7.57,5,6,Atrasado
OP-02797,11,Eixo,Fresadora-01,Tarde,4277,132.0,76.69,Alta,Não,5,1.02,5,3,Atrasado
OP-02798,7,Engrenagem,Mandrilhadora-A,Manhã,2752,42.0,32.19,Média,Não,6,1.92,2,4,Atrasado
OP-02799,9,Carcaça,CNC-01,Manhã,1693,98.0,25.45,Alta,Sim,2,3.42,4,19,No_Prazo
OP-02800,5,Suporte,Fresadora-01,Manhã,2861,67.0,142.76,Média,Sim,6,2.27,0,30,Adiantado
OP-02801,10,Suporte,Mandrilhadora-A,Noite,3121,26.0,144.33,Alta,Sim,5,1.69,0,30,Adiantado
OP-02802,6,Suporte,Torno-03,Tarde,4486,180.0,102.33,Média,Sim,2,7.8,4,32,No_Prazo
OP-02803,12,Suporte,CNC-02,Tarde,4739,168.0,48.12,Média,Sim,5,6.25,3,30,No_Prazo
OP-02804,1,Suporte,CNC-02,Tarde,1423,138.0,57.9,Alta,Não,4,5.97,0,31,Atrasado
OP-02805,3,Flange,CNC-01,Tarde,4595,48.0,101.19,Média,Sim,6,7.49,3,19,No_Prazo
OP-02806,12,Engrenagem,CNC-02,Tarde,4093,178.0,44.56,Média,Não,5,1.9,3,16,Atrasado
OP-02807,4,Flange,Fresadora-01,Tarde,684,119.0,19.33,Urgente,Sim,2,7.17,4,21,Adiantado
OP-02808,4,Eixo,Torno-03,Tarde,2812,174.0,75.83,Alta,Não,5,7.87,3,37,Atrasado
OP-02809,10,Suporte,CNC-02,Manhã,803,22.0,19.65,Baixa,Sim,3,4.9,4,26,No_Prazo
OP-02810,3,Flange,Torno-03,Noite,2477,44.0,89.51,Alta,Não,5,7.27,4,39,Atrasado
OP-02811,7,Carcaça,Mandrilhadora-A,Noite,271,127.0,10.58,Média,Sim,1,6.62,3,17,Atrasado
OP-02812,4,Flange,CNC-01,Tarde,1532,165.0,49.59,Média,Sim,2,2.88,3,28,Adiantado
OP-02813,3,Flange,CNC-01,Noite,2961,44.0,31.27,Média,Sim,2,2.99,4,30,No_Prazo
OP-02814,12,Carcaça,Mandrilhadora-A,Noite,1555,67.0,16.94,Baixa,Sim,6,5.57,1,29,Adiantado
OP-02815,3,Flange,Fresadora-01,Tarde,99,112.0,4.48,Média,Não,3,4.64,5,7,Atrasado
OP-02816,2,Eixo,Torno-03,Tarde,1972,180.0,34.43,Média,Não,2,3.39,5,11,Atrasado
OP-02817,9,Eixo,Mandrilhadora-A,Tarde,2728,147.0,70.72,Média,Sim,5,0.85,3,29,Adiantado
OP-02818,11,Carcaça,Torno-03,Manhã,3829,167.0,54.15,Baixa,Sim,4,0.67,5,39,No_Prazo
OP-02819,2,Suporte,Torno-03,Manhã,725,126.0,13.9,Média,Não,4,1.23,4,23,Atrasado
OP-02820,9,Engrenagem,CNC-02,Tarde,2409,160.0,70.86,Média,Sim,6,3.53,2,6,No_Prazo
OP-02821,7,Flange,Mandrilhadora-A,Noite,1033,99.0,20.06,Média,Sim,6,0.71,2,40,Adiantado
OP-02822,10,Eixo,Fresadora-01,Manhã,811,35.0,29.49,Média,Sim,3,1.61,3,37,Adiantado
OP-02823,2,Suporte,CNC-02,Noite,653,132.0,16.12,Média,Não,6,7.76,1,37,No_Prazo
OP-02824,12,Engrenagem,Fresadora-01,Tarde,3811,114.0,158.3,Média,Sim,4,3.88,3,21,No_Prazo
OP-02825,8,Suporte,Fresadora-01,Tarde,4601,95.0,156.79,Média,Sim,6,7.5,2,30,No_Prazo
OP-02826,11,Suporte,CNC-01,Manhã,3333,60.0,67.19,Alta,Sim,5,1.92,3,7,Atrasado
OP-02827,5,Eixo,CNC-01,Tarde,1922,144.0,81.37,Alta,Sim,1,3.19,2,4,Atrasado
OP-02828,12,Engrenagem,Torno-03,Manhã,4748,150.0,224.5,Alta,Sim,6,5.53,0,5,No_Prazo
OP-02829,8,Suporte,Fresadora-01,Manhã,2510,75.0,37.15,Média,Não,4,7.92,4,21,Atrasado
OP-02830,2,Eixo,Fresadora-01,Manhã,2670,168.0,98.22,Média,Sim,3,5.75,2,45,Adiantado
OP-02831,12,Carcaça,CNC-02,Manhã,3190,76.0,112.39,Média,Não,3,7.27,1,5,Atrasado
OP-02832,10,Suporte,Mandrilhadora-A,Manhã,3289,33.0,121.0,Urgente,Sim,4,0.87,1,27,Adiantado
OP-02833,4,Carcaça,Torno-03,Tarde,2486,42.0,27.96,Média,Sim,6,2.78,3,35,Adiantado
OP-02834,7,Flange,CNC-02,Tarde,2422,97.0,26.94,Alta,Sim,1,7.12,4,22,No_Prazo
OP-02835,5,Carcaça,CNC-01,Manhã,1623,28.0,35.37,Média,Não,2,4.42,1,5,Atrasado
OP-02836,7,Engrenagem,Mandrilhadora-A,Noite,3419,134.0,45.16,Urgente,Sim,1,1.77,5,42,No_Prazo
OP-02837,12,Eixo,Fresadora-01,Tarde,3378,146.0,83.24,Média,Sim,2,1.77,4,41,No_Prazo
OP-02838,11,Engrenagem,Torno-03,Noite,2208,106.0,99.13,Média,Sim,1,6.19,0,22,No_Prazo
OP-02839,3,Suporte,CNC-02,Tarde,3574,162.0,86.41,Média,Sim,2,1.68,0,39,Adiantado
OP-02840,12,Flange,CNC-01,Manhã,732,172.0,18.82,Alta,Não,3,4.23,4,39,Atrasado
OP-02841,6,Eixo,CNC-01,Noite,2110,89.0,43.68,Alta,Sim,5,1.86,3,31,Adiantado
OP-02842,9,Eixo,CNC-01,Noite,4934,30.0,132.55,Alta,Sim,4,2.06,0,39,No_Prazo
OP-02843,10,Suporte,Torno-03,Tarde,3681,53.0,154.24,Alta,Sim,2,3.48,5,33,No_Prazo
OP-02844,6,Engrenagem,CNC-01,Tarde,3615,124.0,156.3,Média,Sim,1,1.39,0,35,No_Prazo
OP-02845,6,Flange,CNC-01,Tarde,4322,82.0,116.01,Baixa,Não,6,5.44,2,7,Atrasado
OP-02846,6,Suporte,CNC-02,Tarde,3062,128.0,79.23,Alta,Sim,2,1.75,0,7,No_Prazo
OP-02847,11,Eixo,Fresadora-01,Noite,3329,125.0,59.26,Média,Não,5,6.14,5,9,Atrasado
OP-02848,5,Eixo,Torno-03,Tarde,2433,115.0,119.28,Baixa,Sim,2,4.41,2,44,Adiantado
OP-02849,4,Eixo,CNC-01,Manhã,4139,41.0,92.88,Baixa,Sim,4,3.1,3,20,Atrasado
OP-02850,5,Flange,Fresadora-01,Manhã,3571,62.0,84.65,Média,Sim,6,5.11,4,29,No_Prazo
OP-02851,3,Eixo,Torno-03,Manhã,2641,77.0,71.82,Média,Sim,6,3.56,1,27,Adiantado
OP-02852,5,Eixo,CNC-01,Manhã,677,151.0,8.95,Alta,Sim,1,1.12,1,20,Adiantado
OP-02853,2,Flange,Fresadora-01,Manhã,4039,128.0,93.47,Alta,Sim,4,2.82,3,33,Adiantado
OP-02854,2,Engrenagem,Mandrilhadora-A,Noite,1664,121.0,78.58,Baixa,Sim,3,4.44,5,35,No_Prazo
OP-02855,9,Flange,Torno-03,Manhã,1827,126.0,23.71,Média,Sim,6,1.28,1,44,Adiantado
OP-02856,1,Engrenagem,CNC-01,Manhã,667,98.0,13.09,Alta,Sim,5,5.99,2,6,No_Prazo
OP-02857,7,Engrenagem,CNC-02,Manhã,1124,22.0,21.03,Alta,Sim,1,3.17,1,18,Adiantado
OP-02858,10,Eixo,Torno-03,Tarde,673,48.0,13.06,Alta,Sim,6,2.04,1,10,Adiantado
OP-02859,9,Eixo,Mandrilhadora-A,Tarde,532,38.0,25.63,Baixa,Sim,3,0.56,1,26,Adiantado
OP-02860,6,Engrenagem,Mandrilhadora-A,Tarde,155,26.0,5.94,Urgente,Sim,5,1.14,2,32,Adiantado
OP-02861,3,Carcaça,Mandrilhadora-A,Noite,1508,68.0,70.56,Alta,Não,2,2.28,0,10,Atrasado
OP-02862,12,Eixo,Mandrilhadora-A,Noite,3791,145.0,167.96,Média,Sim,2,3.25,3,30,No_Prazo
OP-02863,11,Carcaça,Torno-03,Noite,4326,34.0,151.37,Alta,Sim,1,1.65,1,5,Atrasado
OP-02864,8,Carcaça,Fresadora-01,Noite,1175,33.0,38.06,Média,Sim,1,4.59,3,25,No_Prazo
OP-02865,2,Carcaça,Fresadora-01,Manhã,2148,36.0,65.22,Alta,Sim,6,1.96,1,44,Adiantado
OP-02866,1,Carcaça,Fresadora-01,Tarde,4168,60.0,156.64,Alta,Sim,1,7.66,2,32,Atrasado
OP-02867,4,Engrenagem,Fresadora-01,Manhã,3549,48.0,135.12,Média,Sim,4,4.74,0,36,No_Prazo
OP-02868,2,Eixo,CNC-01,Noite,4526,17.0,153.79,Baixa,Sim,5,6.47,1,43,No_Prazo
OP-02869,11,Suporte,Mandrilhadora-A,Manhã,2131,61.0,59.58,Média,Sim,1,3.66,1,25,No_Prazo
OP-02870,3,Flange,CNC-01,Manhã,884,179.0,32.72,Alta,Sim,2,2.04,4,8,Adiantado
OP-02871,4,Engrenagem,Torno-03,Manhã,758,71.0,12.33,Alta,Não,3,3.87,2,28,Atrasado
OP-02872,12,Flange,Torno-03,Tarde,3558,50.0,114.07,Média,Sim,3,3.59,2,17,No_Prazo
OP-02873,10,Carcaça,Mandrilhadora-A,Tarde,180,97.0,5.54,Urgente,Sim,6,5.18,3,44,Adiantado
OP-02874,3,Carcaça,CNC-01,Manhã,2328,53.0,73.07,Baixa,Sim,2,7.33,5,15,Atrasado
OP-02875,5,Eixo,Torno-03,Tarde,1798,107.0,54.72,Baixa,Sim,5,2.28,4,25,Adiantado
OP-02876,7,Eixo,CNC-02,Manhã,4598,81.0,183.97,Média,Sim,3,1.22,2,43,Adiantado
OP-02877,8,Eixo,CNC-01,Noite,4991,163.0,201.14,Alta,Sim,3,5.86,3,35,No_Prazo
OP-02878,12,Eixo,CNC-02,Manhã,2447,168.0,56.73,Alta,Não,3,0.5,1,11,Atrasado
OP-02879,11,Eixo,Torno-03,Manhã,2921,133.0,70.19,Alta,Sim,5,6.46,4,40,Adiantado
OP-02880,12,Eixo,Mandrilhadora-A,Tarde,1925,51.0,20.52,Alta,Sim,3,5.96,5,18,No_Prazo
OP-02881,1,Flange,CNC-02,Tarde,3895,93.0,56.6,Média,Sim,4,6.69,5,33,Atrasado
OP-02882,3,Engrenagem,Mandrilhadora-A,Noite,1508,65.0,30.9,Média,Não,1,1.18,1,41,Atrasado
OP-02883,7,Eixo,Fresadora-01,Tarde,3734,147.0,151.71,Alta,Sim,2,2.03,4,45,Adiantado
OP-02884,1,Eixo,Mandrilhadora-A,Noite,4522,20.0,189.54,Média,Sim,3,4.64,1,31,No_Prazo
OP-02885,5,Engrenagem,Mandrilhadora-A,Manhã,899,124.0,17.91,Média,Não,2,2.95,0,34,Atrasado
OP-02886,2,Carcaça,Fresadora-01,Manhã,1169,68.0,52.36,Baixa,Não,1,6.84,4,4,Atrasado
OP-02887,12,Suporte,Fresadora-01,Noite,1922,94.0,48.1,Média,Sim,2,3.94,2,43,Adiantado
OP-02888,1,Carcaça,CNC-01,Manhã,4147,68.0,173.85,Média,Sim,4,3.72,1,44,Adiantado
OP-02889,2,Flange,Fresadora-01,Noite,3222,75.0,92.39,Baixa,Sim,6,1.89,3,12,No_Prazo
OP-02890,3,Engrenagem,CNC-01,Manhã,1011,126.0,38.93,Urgente,Sim,5,4.72,2,5,Adiantado
OP-02891,2,Carcaça,Fresadora-01,Tarde,1871,113.0,45.38,Baixa,Sim,6,3.09,1,43,Adiantado
OP-02892,7,Flange,Fresadora-01,Manhã,3234,55.0,41.47,Urgente,Sim,4,3.88,2,25,Adiantado
OP-02893,5,Suporte,Fresadora-01,Tarde,4825,22.0,97.28,Baixa,Não,1,2.53,0,10,Atrasado
OP-02894,11,Eixo,Fresadora-01,Noite,2282,156.0,86.45,Alta,Sim,1,5.07,4,13,Atrasado
OP-02895,4,Flange,CNC-02,Manhã,418,96.0,19.53,Média,Sim,5,6.79,5,31,Adiantado
OP-02896,7,Flange,CNC-02,Manhã,567,117.0,19.92,Baixa,Não,4,0.65,3,30,Atrasado
OP-02897,8,Eixo,Torno-03,Manhã,192,96.0,7.83,Média,Sim,6,2.23,3,29,Adiantado
OP-02898,8,Flange,Torno-03,Manhã,673,117.0,7.11,Média,Não,3,5.58,4,15,Atrasado
OP-02899,10,Suporte,CNC-02,Manhã,2092,118.0,84.52,Alta,Sim,6,5.8,2,35,Adiantado
OP-02900,3,Engrenagem,Torno-03,Noite,1443,17.0,62.66,Baixa,Sim,3,2.71,5,38,Adiantado
OP-02901,7,Engrenagem,Torno-03,Manhã,1540,103.0,40.82,Média,Sim,6,2.65,1,4,No_Prazo
OP-02902,10,Carcaça,CNC-02,Tarde,3844,98.0,114.38,Alta,Sim,1,6.1,4,27,No_Prazo
OP-02903,11,Flange,Fresadora-01,Tarde,2411,31.0,29.16,Alta,Sim,3,4.69,1,33,Adiantado
OP-02904,8,Carcaça,CNC-02,Manhã,3658,138.0,62.13,Média,Sim,6,3.42,1,16,No_Prazo
OP-02905,8,Suporte,CNC-02,Manhã,2732,54.0,33.49,Baixa,Sim,5,0.92,2,33,Adiantado
OP-02906,11,Suporte,Torno-03,Tarde,1065,24.0,41.81,Média,Sim,3,5.4,4,40,Adiantado
OP-02907,8,Carcaça,CNC-01,Tarde,4743,148.0,199.18,Média,Sim,6,2.7,2,41,Adiantado
OP-02908,12,Suporte,Fresadora-01,Noite,2407,158.0,34.53,Alta,Sim,3,4.83,5,36,No_Prazo
OP-02909,2,Eixo,Fresadora-01,Tarde,4188,55.0,196.27,Média,Sim,6,5.92,2,33,No_Prazo
OP-02910,5,Flange,Mandrilhadora-A,Tarde,530,128.0,23.1,Urgente,Sim,1,3.97,2,24,Adiantado
OP-02911,2,Eixo,CNC-02,Noite,4255,16.0,140.63,Média,Sim,5,2.4,3,7,Atrasado
OP-02912,2,Eixo,Torno-03,Noite,3593,134.0,176.53,Média,Sim,5,2.11,3,24,No_Prazo
OP-02913,6,Suporte,Torno-03,Noite,1287,92.0,58.3,Alta,Não,2,5.79,2,36,Atrasado
OP-02914,3,Engrenagem,Fresadora-01,Manhã,3976,146.0,75.17,Urgente,Não,2,7.19,2,23,Atrasado
OP-02915,5,Suporte,Fresadora-01,Noite,3725,80.0,179.4,Alta,Sim,5,7.85,0,42,Adiantado
OP-02916,6,Flange,Mandrilhadora-A,Noite,4472,73.0,123.96,Média,Sim,5,6.52,0,26,No_Prazo
OP-02917,8,Eixo,Mandrilhadora-A,Noite,1088,154.0,17.62,Alta,Sim,2,5.02,0,3,No_Prazo
OP-02918,12,Engrenagem,CNC-01,Tarde,4434,21.0,79.83,Baixa,Sim,1,6.98,4,39,No_Prazo
OP-02919,11,Suporte,CNC-02,Noite,3822,46.0,142.82,Alta,Sim,2,3.42,2,22,Atrasado
OP-02920,5,Carcaça,Fresadora-01,Tarde,1722,83.0,85.24,Alta,Sim,2,7.12,2,6,No_Prazo
OP-02921,4,Suporte,Torno-03,Tarde,1784,113.0,49.61,Média,Sim,4,3.73,3,32,No_Prazo
OP-02922,10,Flange,Torno-03,Tarde,1309,16.0,43.1,Alta,Sim,5,4.97,2,19,Adiantado
OP-02923,2,Suporte,CNC-01,Tarde,2409,110.0,53.02,Alta,Não,2,1.77,0,36,Atrasado
OP-02924,7,Flange,Torno-03,Noite,4488,77.0,196.66,Alta,Sim,3,4.23,2,35,No_Prazo
OP-02925,6,Eixo,Fresadora-01,Manhã,4196,119.0,61.29,Urgente,Não,2,3.06,2,43,Atrasado
OP-02926,3,Eixo,CNC-01,Manhã,772,165.0,25.7,Alta,Sim,1,3.25,3,44,Adiantado
OP-02927,8,Eixo,Torno-03,Manhã,699,88.0,23.38,Média,Não,6,4.99,3,35,No_Prazo
OP-02928,4,Carcaça,Mandrilhadora-A,Tarde,343,107.0,3.45,Baixa,Sim,5,7.11,4,9,No_Prazo
OP-02929,3,Suporte,Torno-03,Tarde,3089,91.0,147.11,Média,Sim,5,6.69,3,38,No_Prazo
OP-02930,8,Engrenagem,Mandrilhadora-A,Noite,1605,35.0,78.6,Média,Sim,6,3.12,5,4,No_Prazo
OP-02931,3,Carcaça,CNC-02,Noite,3816,146.0,109.52,Alta,Sim,1,6.0,5,22,Atrasado
OP-02932,9,Engrenagem,CNC-01,Tarde,3813,161.0,148.8,Alta,Sim,3,4.61,4,37,No_Prazo
OP-02933,2,Flange,Fresadora-01,Manhã,1028,149.0,45.18,Média,Sim,5,3.11,5,41,Adiantado
OP-02934,6,Engrenagem,CNC-02,Tarde,3486,171.0,51.13,Urgente,Sim,4,7.31,5,44,Adiantado
OP-02935,10,Eixo,CNC-01,Noite,3834,92.0,51.32,Alta,Sim,5,1.71,5,8,No_Prazo
OP-02936,3,Suporte,CNC-01,Tarde,4935,123.0,185.42,Urgente,Não,3,6.54,0,33,Atrasado
OP-02937,10,Carcaça,Mandrilhadora-A,Noite,3627,43.0,117.44,Baixa,Sim,1,2.09,4,6,Atrasado
OP-02938,9,Carcaça,Fresadora-01,Noite,1829,176.0,67.99,Média,Sim,4,7.19,0,26,No_Prazo
OP-02939,11,Carcaça,CNC-02,Manhã,4998,111.0,164.33,Alta,Sim,5,5.91,1,18,No_Prazo
OP-02940,3,Eixo,Torno-03,Tarde,1415,58.0,55.26,Alta,Não,5,3.99,4,13,Atrasado
OP-02941,9,Engrenagem,CNC-02,Tarde,4036,148.0,65.37,Urgente,Não,2,1.08,3,35,Atrasado
OP-02942,12,Carcaça,CNC-01,Tarde,1922,112.0,35.8,Alta,Sim,4,1.85,3,44,Adiantado
OP-02943,10,Carcaça,Mandrilhadora-A,Manhã,4678,172.0,91.13,Média,Sim,4,1.74,2,17,Atrasado
OP-02944,3,Eixo,Mandrilhadora-A,Manhã,3922,142.0,104.56,Média,Sim,2,6.21,5,34,No_Prazo
OP-02945,10,Engrenagem,CNC-02,Manhã,3018,160.0,121.87,Alta,Sim,2,5.17,2,35,No_Prazo
OP-02946,2,Suporte,CNC-02,Tarde,1110,105.0,48.01,Baixa,Sim,2,2.13,4,32,No_Prazo
OP-02947,8,Engrenagem,Mandrilhadora-A,Manhã,982,100.0,25.58,Urgente,Sim,1,3.26,4,17,No_Prazo
OP-02948,6,Engrenagem,Torno-03,Tarde,4741,140.0,161.58,Alta,Sim,4,2.82,0,40,Adiantado
OP-02949,7,Carcaça,CNC-02,Tarde,4018,32.0,87.62,Alta,Sim,2,5.39,5,33,No_Prazo
OP-02950,7,Flange,CNC-02,Tarde,2587,24.0,75.1,Urgente,Sim,4,2.98,4,40,Adiantado
OP-02951,1,Engrenagem,Torno-03,Noite,4393,177.0,209.27,Baixa,Sim,4,6.26,1,13,Atrasado
OP-02952,7,Suporte,Torno-03,Tarde,3926,166.0,81.55,Média,Sim,4,5.71,1,6,Atrasado
OP-02953,12,Eixo,CNC-01,Manhã,1969,173.0,81.75,Alta,Sim,6,2.32,0,32,Adiantado
OP-02954,6,Flange,Torno-03,Noite,4144,25.0,48.43,Alta,Não,1,2.93,2,3,Atrasado
OP-02955,4,Carcaça,Torno-03,Noite,3990,59.0,95.0,Alta,Sim,1,4.62,0,11,Atrasado
OP-02956,12,Eixo,CNC-02,Tarde,2420,164.0,87.97,Baixa,Sim,3,7.31,4,12,Atrasado
OP-02957,2,Suporte,CNC-02,Noite,146,30.0,5.99,Alta,Sim,1,1.34,0,11,No_Prazo
OP-02958,6,Carcaça,Torno-03,Manhã,3719,89.0,125.28,Média,Não,5,3.19,3,42,Atrasado
OP-02959,7,Flange,CNC-02,Noite,1731,71.0,77.49,Média,Sim,3,4.99,4,40,Adiantado
OP-02960,6,Carcaça,Mandrilhadora-A,Manhã,1855,160.0,79.45,Urgente,Sim,1,2.93,2,25,Adiantado
OP-02961,12,Flange,Torno-03,Tarde,3582,100.0,124.3,Baixa,Sim,1,2.67,2,32,No_Prazo
OP-02962,6,Flange,Torno-03,Manhã,4064,63.0,97.23,Baixa,Sim,6,3.74,4,30,No_Prazo
OP-02963,12,Carcaça,CNC-02,Noite,484,102.0,11.88,Média,Sim,3,1.94,5,40,No_Prazo
OP-02964,1,Suporte,Mandrilhadora-A,Manhã,4128,34.0,142.84,Alta,Sim,3,5.03,5,17,No_Prazo
OP-02965,9,Carcaça,CNC-01,Manhã,1499,136.0,54.36,Baixa,Sim,2,7.09,3,33,No_Prazo
OP-02966,8,Suporte,Torno-03,Manhã,2852,117.0,73.53,Baixa,Sim,5,7.33,1,21,No_Prazo
OP-02967,3,Suporte,CNC-01,Tarde,4349,114.0,112.64,Média,Sim,5,4.04,2,24,No_Prazo
OP-02968,3,Eixo,Fresadora-01,Manhã,1129,87.0,19.27,Alta,Sim,3,2.7,0,15,Adiantado
OP-02969,9,Eixo,CNC-02,Tarde,1143,64.0,11.44,Baixa,Sim,6,3.37,0,35,Adiantado
OP-02970,8,Carcaça,CNC-02,Manhã,4852,26.0,138.09,Alta,Sim,3,2.21,0,43,No_Prazo
OP-02971,8,Suporte,CNC-01,Noite,1896,171.0,81.97,Alta,Sim,6,4.99,4,45,Adiantado
OP-02972,1,Eixo,Fresadora-01,Manhã,4737,84.0,192.61,Média,Não,6,1.51,2,20,Atrasado
OP-02973,8,Eixo,CNC-02,Noite,1817,97.0,90.41,Baixa,Sim,3,2.89,3,6,Atrasado
OP-02974,12,Suporte,CNC-02,Manhã,3118,77.0,114.67,Média,Sim,4,1.78,1,38,Adiantado
OP-02975,1,Engrenagem,Mandrilhadora-A,Manhã,2575,178.0,49.84,Média,Sim,6,2.04,0,4,No_Prazo
OP-02976,6,Engrenagem,CNC-01,Manhã,4920,146.0,182.5,Média,Sim,1,5.54,2,9,Atrasado
OP-02977,6,Suporte,Torno-03,Manhã,2773,31.0,119.62,Alta,Sim,3,7.95,2,41,Adiantado
OP-02978,11,Eixo,CNC-01,Tarde,2538,115.0,90.45,Baixa,Sim,6,5.57,0,16,No_Prazo
OP-02979,4,Suporte,CNC-01,Manhã,2358,95.0,69.02,Baixa,Sim,2,2.33,3,26,No_Prazo
OP-02980,6,Flange,CNC-01,Noite,1908,146.0,66.28,Baixa,Sim,3,3.56,1,10,Atrasado
OP-02981,9,Carcaça,CNC-01,Tarde,2228,180.0,24.58,Baixa,Sim,6,5.21,3,14,No_Prazo
OP-02982,1,Flange,Mandrilhadora-A,Manhã,2329,138.0,47.99,Média,Sim,5,7.01,2,15,No_Prazo
OP-02983,10,Carcaça,Torno-03,Tarde,3830,158.0,62.47,Média,Sim,3,5.86,0,12,No_Prazo
OP-02984,10,Carcaça,Mandrilhadora-A,Manhã,277,98.0,7.35,Alta,Não,1,1.59,5,31,Atrasado
OP-02985,9,Eixo,CNC-02,Manhã,2529,77.0,115.63,Baixa,Sim,2,5.03,3,31,No_Prazo
OP-02986,8,Carcaça,Fresadora-01,Manhã,2768,121.0,48.49,Média,Sim,6,1.98,1,9,No_Prazo
OP-02987,9,Suporte,CNC-01,Manhã,3778,139.0,48.51,Urgente,Não,4,3.31,1,45,No_Prazo
OP-02988,10,Engrenagem,CNC-01,Manhã,3347,53.0,137.48,Média,Não,6,7.74,0,26,Atrasado
OP-02989,11,Engrenagem,CNC-01,Noite,2187,98.0,97.79,Alta,Sim,1,7.19,4,34,No_Prazo
OP-02990,6,Eixo,Mandrilhadora-A,Tarde,592,34.0,18.5,Média,Sim,3,2.43,1,3,No_Prazo
OP-02991,6,Engrenagem,Fresadora-01,Noite,1891,51.0,47.39,Baixa,Sim,1,5.96,1,19,No_Prazo
OP-02992,8,Eixo,Fresadora-01,Manhã,1315,161.0,35.8,Baixa,Sim,1,2.97,5,45,No_Prazo
OP-02993,3,Carcaça,Mandrilhadora-A,Noite,1060,39.0,38.54,Alta,Sim,1,0.56,5,39,Adiantado
OP-02994,11,Flange,CNC-02,Manhã,3619,149.0,156.52,Alta,Sim,4,6.88,2,4,Atrasado
OP-02995,10,Engrenagem,Fresadora-01,Manhã,2416,76.0,42.47,Média,Sim,2,6.67,3,32,No_Prazo
OP-02996,8,Flange,Torno-03,Noite,3978,124.0,183.35,Média,Sim,1,2.71,4,35,No_Prazo
OP-02997,4,Eixo,Torno-03,Manhã,735,165.0,26.68,Média,Não,6,6.29,3,8,Atrasado
OP-02998,5,Carcaça,Fresadora-01,Tarde,4930,144.0,194.89,Baixa,Sim,3,0.74,1,40,No_Prazo
OP-02999,6,Engrenagem,Torno-03,Noite,2393,151.0,32.25,Baixa,Sim,4,4.55,4,10,Atrasado
OP-03000,8,Suporte,CNC-01,Tarde,1303,58.0,60.89,Urgente,Sim,4,7.86,0,45,Adiantado
OP-03001,10,Flange,CNC-01,Tarde,1846,75.0,57.46,Baixa,Sim,3,6.41,3,3,Atrasado
OP-03002,9,Engrenagem,Torno-03,Manhã,4215,136.0,103.2,Média,Sim,1,4.82,2,30,Atrasado
OP-03003,12,Suporte,Torno-03,Manhã,3564,143.0,92.51,Alta,Sim,3,3.24,3,13,No_Prazo
OP-03004,12,Flange,Fresadora-01,Noite,901,145.0,19.57,Média,Sim,6,6.02,4,29,Adiantado
OP-03005,9,Suporte,Torno-03,Manhã,4951,137.0,81.79,Urgente,Sim,5,7.82,0,35,Adiantado
OP-03006,5,Suporte,CNC-01,Manhã,697,53.0,7.94,Baixa,Sim,5,1.94,5,26,Adiantado
OP-03007,8,Suporte,CNC-02,Manhã,1413,63.0,29.07,Alta,Sim,4,0.87,1,35,Adiantado
OP-03008,6,Flange,Torno-03,Noite,3659,170.0,109.27,Baixa,Sim,3,3.33,1,35,No_Prazo
OP-03009,8,Engrenagem,Mandrilhadora-A,Noite,2672,106.0,97.98,Média,Sim,3,4.38,3,17,No_Prazo
OP-03010,10,Engrenagem,Torno-03,Tarde,2257,139.0,88.78,Média,Sim,3,2.34,5,40,Adiantado
OP-03011,5,Flange,Fresadora-01,Noite,4635,114.0,156.77,Alta,Sim,4,5.12,5,6,Atrasado
OP-03012,7,Eixo,Fresadora-01,Manhã,3979,168.0,58.26,Média,Sim,6,2.79,2,25,No_Prazo
OP-03013,1,Suporte,CNC-02,Noite,4812,158.0,131.18,Média,Sim,1,7.86,3,35,Atrasado
OP-03014,9,Flange,Mandrilhadora-A,Manhã,1448,58.0,53.14,Média,Sim,3,2.49,3,33,Adiantado
OP-03015,6,Carcaça,Fresadora-01,Manhã,4260,161.0,169.24,Baixa,Sim,2,6.52,4,16,Atrasado
OP-03016,6,Engrenagem,Mandrilhadora-A,Manhã,1105,65.0,25.39,Alta,Sim,6,7.73,5,44,Adiantado
OP-03017,7,Eixo,Fresadora-01,Noite,4039,88.0,190.39,Urgente,Sim,1,4.25,0,45,Adiantado
OP-03018,3,Suporte,Fresadora-01,Noite,2766,155.0,115.66,Alta,Sim,1,1.99,2,7,Atrasado
OP-03019,8,Engrenagem,CNC-01,Tarde,3009,68.0,132.6,Média,Sim,5,7.18,3,7,Atrasado
OP-03020,9,Eixo,Torno-03,Manhã,620,63.0,22.73,Alta,Sim,2,3.52,4,28,Adiantado
OP-03021,5,Suporte,CNC-01,Manhã,4401,125.0,116.85,Média,Não,2,4.58,0,11,Atrasado
OP-03022,2,Flange,Fresadora-01,Tarde,1429,180.0,67.69,Baixa,Sim,4,0.87,3,5,Atrasado
OP-03023,5,Suporte,Fresadora-01,Manhã,3010,37.0,138.63,Média,Não,6,3.11,4,37,Atrasado
OP-03024,3,Flange,Torno-03,Manhã,872,131.0,37.62,Alta,Não,1,4.67,0,21,Atrasado
OP-03025,5,Carcaça,CNC-02,Tarde,4633,102.0,211.47,Alta,Sim,4,5.7,1,40,Adiantado
OP-03026,8,Carcaça,CNC-01,Tarde,1634,83.0,76.25,Média,Sim,3,7.63,0,34,Adiantado
OP-03027,2,Carcaça,Fresadora-01,Noite,3825,139.0,152.44,Alta,Sim,2,4.88,5,31,No_Prazo
OP-03028,9,Engrenagem,Fresadora-01,Tarde,3839,107.0,69.15,Alta,Sim,4,2.54,5,19,No_Prazo
OP-03029,3,Flange,Torno-03,Manhã,2774,147.0,87.5,Urgente,Não,6,4.68,2,35,No_Prazo
OP-03030,11,Engrenagem,Fresadora-01,Tarde,647,138.0,22.41,Urgente,Não,2,1.03,5,7,Atrasado
OP-03031,9,Eixo,Fresadora-01,Manhã,1435,178.0,58.74,Baixa,Sim,2,1.61,3,16,No_Prazo
OP-03032,4,Eixo,Torno-03,Tarde,3078,149.0,91.74,Média,Sim,1,3.14,5,38,No_Prazo
OP-03033,7,Suporte,CNC-01,Noite,2702,26.0,82.45,Alta,Sim,4,0.67,0,32,Adiantado
OP-03034,2,Flange,Mandrilhadora-A,Manhã,2944,144.0,146.68,Alta,Sim,2,1.06,4,13,No_Prazo
OP-03035,2,Carcaça,Torno-03,Manhã,1284,122.0,36.07,Baixa,Não,4,0.56,4,39,Atrasado
OP-03036,12,Eixo,Fresadora-01,Noite,2713,30.0,41.24,Alta,Sim,1,1.86,3,24,No_Prazo
OP-03037,10,Suporte,Mandrilhadora-A,Tarde,472,115.0,18.12,Alta,Sim,5,6.69,2,34,Adiantado
OP-03038,2,Suporte,CNC-02,Tarde,2447,139.0,59.96,Média,Não,2,3.14,1,9,Atrasado
OP-03039,4,Carcaça,Fresadora-01,Tarde,502,48.0,10.01,Média,Sim,1,7.27,1,8,No_Prazo
OP-03040,3,Eixo,CNC-01,Tarde,3336,87.0,117.22,Média,Sim,1,7.14,3,45,No_Prazo
OP-03041,5,Suporte,Mandrilhadora-A,Manhã,2855,105.0,137.54,Média,Sim,5,6.98,3,42,Adiantado
OP-03042,4,Engrenagem,CNC-01,Noite,4266,83.0,96.04,Média,Sim,6,2.09,2,19,No_Prazo
OP-03043,4,Flange,Torno-03,Noite,2337,160.0,58.17,Baixa,Sim,3,3.07,0,42,No_Prazo
OP-03044,7,Flange,CNC-02,Manhã,852,43.0,24.38,Alta,Sim,1,4.01,2,38,Adiantado
OP-03045,3,Carcaça,CNC-01,Manhã,1214,142.0,45.55,Baixa,Sim,5,3.74,5,14,No_Prazo
OP-03046,11,Suporte,Torno-03,Tarde,4079,143.0,105.39,Alta,Sim,1,1.1,4,19,No_Prazo
OP-03047,9,Carcaça,Mandrilhadora-A,Tarde,4793,89.0,129.43,Baixa,Sim,2,2.29,4,25,Atrasado
OP-03048,10,Carcaça,CNC-01,Manhã,354,104.0,13.46,Alta,Sim,6,5.15,0,18,Adiantado
OP-03049,3,Flange,CNC-02,Tarde,3398,40.0,167.88,Média,Não,3,5.57,2,15,Atrasado
OP-03050,9,Suporte,CNC-01,Tarde,2436,47.0,55.2,Alta,Sim,5,3.23,3,13,No_Prazo
OP-03051,11,Engrenagem,CNC-01,Tarde,1326,103.0,44.31,Baixa,Sim,3,2.73,4,30,Adiantado
OP-03052,3,Flange,CNC-02,Manhã,2581,52.0,107.82,Média,Sim,2,4.9,4,20,Atrasado
OP-03053,10,Engrenagem,Torno-03,Manhã,4682,148.0,86.55,Média,Sim,2,5.48,0,44,No_Prazo
OP-03054,5,Suporte,Fresadora-01,Tarde,1028,117.0,43.93,Baixa,Sim,6,5.83,4,40,Adiantado
OP-03055,10,Carcaça,Fresadora-01,Noite,4193,24.0,101.46,Alta,Sim,3,6.58,0,7,Atrasado
OP-03056,6,Suporte,Fresadora-01,Tarde,493,74.0,7.12,Baixa,Sim,6,4.88,2,31,Adiantado
OP-03057,10,Carcaça,Fresadora-01,Manhã,3617,157.0,39.77,Urgente,Sim,6,3.34,1,30,Adiantado
OP-03058,2,Eixo,CNC-02,Noite,420,61.0,4.76,Média,Sim,5,3.11,2,5,Adiantado
OP-03059,5,Carcaça,Mandrilhadora-A,Manhã,350,134.0,14.67,Baixa,Sim,2,0.76,2,36,Adiantado
OP-03060,4,Flange,CNC-01,Tarde,234,30.0,8.66,Urgente,Sim,4,3.62,3,26,Adiantado
OP-03061,3,Suporte,Fresadora-01,Manhã,4033,169.0,168.34,Baixa,Sim,3,7.02,0,38,No_Prazo
OP-03062,4,Suporte,CNC-01,Tarde,2889,89.0,115.9,Alta,Sim,4,5.21,0,24,Adiantado
OP-03063,5,Suporte,Fresadora-01,Tarde,3467,96.0,87.5,Média,Sim,5,4.95,4,21,No_Prazo
OP-03064,2,Eixo,CNC-01,Noite,819,109.0,38.76,Média,Sim,6,2.18,0,32,Adiantado
OP-03065,9,Suporte,CNC-02,Manhã,4611,75.0,208.04,Alta,Sim,5,4.97,1,35,Adiantado
OP-03066,7,Suporte,CNC-02,Tarde,4053,135.0,97.0,Baixa,Sim,3,1.85,4,35,No_Prazo
OP-03067,10,Carcaça,Fresadora-01,Manhã,2468,17.0,100.98,Alta,Sim,6,3.06,1,23,Adiantado
OP-03068,9,Flange,CNC-01,Noite,4499,42.0,192.5,Baixa,Sim,5,4.88,0,27,No_Prazo
OP-03069,2,Flange,CNC-02,Manhã,757,46.0,22.36,Alta,Sim,2,0.84,2,45,Adiantado
OP-03070,1,Flange,CNC-02,Tarde,1497,120.0,22.18,Baixa,Sim,1,2.84,2,40,No_Prazo
OP-03071,6,Engrenagem,Fresadora-01,Tarde,289,162.0,6.75,Baixa,Sim,3,1.16,0,20,Adiantado
OP-03072,6,Engrenagem,Mandrilhadora-A,Manhã,864,26.0,42.81,Baixa,Sim,5,1.73,2,30,Adiantado
OP-03073,3,Engrenagem,Fresadora-01,Manhã,4215,156.0,162.86,Alta,Sim,2,3.14,5,10,Atrasado
OP-03074,10,Suporte,Torno-03,Manhã,2077,150.0,85.13,Urgente,Sim,6,5.7,5,17,No_Prazo
OP-03075,7,Flange,CNC-02,Tarde,3244,28.0,150.77,Urgente,Sim,6,2.51,0,26,Adiantado
OP-03076,9,Carcaça,Mandrilhadora-A,Noite,4413,39.0,79.92,Alta,Sim,1,0.65,4,19,No_Prazo
OP-03077,2,Suporte,CNC-01,Tarde,3831,73.0,186.71,Alta,Sim,3,3.49,4,43,Adiantado
OP-03078,10,Engrenagem,CNC-01,Noite,2029,34.0,62.34,Alta,Sim,2,2.16,4,39,Adiantado
OP-03079,3,Engrenagem,CNC-02,Manhã,1774,140.0,70.58,Média,Não,6,6.34,4,4,Atrasado
OP-03080,6,Eixo,CNC-02,Manhã,586,98.0,13.32,Média,Sim,5,6.66,4,14,No_Prazo
OP-03081,6,Carcaça,Torno-03,Noite,4156,83.0,96.32,Alta,Sim,5,5.53,5,9,Atrasado
OP-03082,10,Engrenagem,Mandrilhadora-A,Noite,4924,135.0,120.07,Baixa,Sim,5,5.1,1,9,Atrasado
OP-03083,4,Engrenagem,Fresadora-01,Manhã,2525,63.0,60.4,Alta,Sim,5,5.98,0,26,Adiantado
OP-03084,3,Engrenagem,CNC-02,Tarde,2523,159.0,31.54,Média,Sim,5,3.32,2,35,Adiantado
OP-03085,5,Flange,CNC-02,Noite,4249,123.0,95.11,Média,Sim,5,5.38,1,34,No_Prazo
OP-03086,5,Carcaça,Fresadora-01,Noite,1744,72.0,62.6,Alta,Não,6,3.65,1,21,Atrasado
OP-03087,3,Suporte,CNC-02,Tarde,2062,104.0,95.01,Baixa,Não,4,3.72,0,20,Atrasado
OP-03088,3,Flange,Mandrilhadora-A,Manhã,4473,58.0,52.18,Urgente,Sim,1,6.42,3,12,No_Prazo
OP-03089,3,Engrenagem,Torno-03,Manhã,1927,178.0,20.55,Urgente,Sim,3,6.43,4,40,Adiantado
OP-03090,6,Eixo,Torno-03,Tarde,4640,87.0,156.35,Alta,Sim,5,3.5,0,38,Adiantado
OP-03091,5,Flange,Mandrilhadora-A,Tarde,848,163.0,32.21,Alta,Sim,6,7.53,3,18,Adiantado
OP-03092,5,Eixo,CNC-02,Manhã,2509,176.0,86.13,Baixa,Sim,4,4.56,5,10,Atrasado
OP-03093,9,Suporte,Torno-03,Manhã,2474,103.0,121.03,Média,Sim,2,4.15,2,23,No_Prazo
OP-03094,3,Carcaça,Torno-03,Manhã,1568,135.0,30.03,Alta,Não,2,4.26,1,34,Atrasado
OP-03095,11,Eixo,CNC-02,Tarde,4816,109.0,140.87,Baixa,Sim,6,6.35,4,14,Atrasado
OP-03096,10,Eixo,CNC-01,Manhã,2439,30.0,113.75,Média,Sim,2,7.76,1,17,No_Prazo
OP-03097,3,Engrenagem,CNC-02,Manhã,4401,172.0,152.71,Média,Sim,1,5.68,0,9,Atrasado
OP-03098,4,Suporte,CNC-01,Manhã,1135,90.0,37.55,Alta,Sim,4,3.06,2,33,Adiantado
OP-03099,3,Flange,Fresadora-01,Noite,1777,163.0,84.08,Alta,Não,4,4.38,0,40,No_Prazo
OP-03100,4,Eixo,CNC-01,Tarde,2417,123.0,56.94,Baixa,Sim,4,2.8,1,36,Adiantado
OP-03101,5,Eixo,CNC-02,Manhã,2841,32.0,46.27,Média,Não,3,5.4,4,37,Atrasado
OP-03102,2,Engrenagem,Mandrilhadora-A,Tarde,1185,84.0,17.98,Alta,Não,4,7.99,0,9,Atrasado
OP-03103,1,Flange,Torno-03,Tarde,1599,47.0,68.56,Baixa,Sim,3,6.99,3,40,No_Prazo
OP-03104,6,Suporte,Fresadora-01,Tarde,3129,43.0,138.55,Média,Sim,3,4.05,5,38,No_Prazo
OP-03105,9,Eixo,Fresadora-01,Tarde,1428,133.0,27.64,Baixa,Não,2,3.07,1,16,Atrasado
OP-03106,4,Engrenagem,CNC-02,Tarde,3811,20.0,107.79,Alta,Sim,5,3.9,1,29,Adiantado
OP-03107,11,Flange,Fresadora-01,Tarde,2411,174.0,80.51,Baixa,Sim,4,2.87,4,6,Atrasado
OP-03108,5,Suporte,CNC-02,Manhã,4848,89.0,75.44,Média,Sim,2,7.94,4,39,No_Prazo
OP-03109,11,Eixo,Fresadora-01,Manhã,1226,96.0,53.89,Média,Sim,4,2.01,2,3,No_Prazo
OP-03110,3,Eixo,Fresadora-01,Manhã,4220,64.0,112.91,Baixa,Sim,2,6.57,4,4,Atrasado
OP-03111,7,Engrenagem,Mandrilhadora-A,Tarde,2476,29.0,110.28,Urgente,Sim,5,3.61,3,29,Adiantado
OP-03112,10,Suporte,Mandrilhadora-A,Tarde,476,112.0,19.23,Alta,Não,4,5.39,1,35,No_Prazo
OP-03113,1,Carcaça,CNC-01,Tarde,3540,72.0,77.17,Alta,Sim,4,7.42,4,38,No_Prazo
OP-03114,12,Suporte,CNC-02,Manhã,1097,118.0,42.41,Média,Sim,4,4.94,1,45,Adiantado
OP-03115,5,Flange,Torno-03,Tarde,735,107.0,29.13,Baixa,Sim,6,5.13,4,3,No_Prazo
OP-03116,6,Suporte,CNC-02,Manhã,2681,51.0,60.19,Média,Não,5,0.77,3,33,Atrasado
OP-03117,8,Eixo,Fresadora-01,Manhã,3940,91.0,79.39,Média,Sim,2,1.47,3,16,Atrasado
OP-03118,8,Engrenagem,Mandrilhadora-A,Tarde,1325,66.0,56.89,Alta,Sim,3,4.55,5,42,Adiantado
OP-03119,1,Eixo,CNC-02,Manhã,3134,55.0,116.33,Baixa,Sim,4,3.28,5,15,No_Prazo
OP-03120,11,Suporte,Mandrilhadora-A,Manhã,121,142.0,4.79,Alta,Sim,5,5.07,4,20,Adiantado
OP-03121,8,Suporte,Mandrilhadora-A,Manhã,963,17.0,21.69,Média,Sim,1,3.38,3,15,No_Prazo
OP-03122,12,Carcaça,Mandrilhadora-A,Tarde,3786,59.0,147.23,Média,Não,6,1.81,1,33,Atrasado
OP-03123,6,Carcaça,CNC-01,Manhã,113,103.0,4.36,Baixa,Sim,2,6.48,4,41,Adiantado
OP-03124,8,Eixo,CNC-02,Noite,1820,94.0,42.46,Média,Sim,3,6.84,0,27,No_Prazo
OP-03125,6,Engrenagem,CNC-01,Noite,2563,170.0,53.36,Média,Não,2,7.76,0,18,Atrasado
OP-03126,11,Eixo,CNC-01,Noite,377,154.0,10.28,Média,Sim,4,2.01,3,17,No_Prazo
OP-03127,10,Carcaça,CNC-01,Manhã,4893,139.0,193.59,Urgente,Sim,2,2.84,1,32,No_Prazo
OP-03128,11,Carcaça,Torno-03,Tarde,2568,100.0,45.57,Média,Sim,6,2.61,2,29,Adiantado
OP-03129,7,Engrenagem,CNC-01,Manhã,1725,86.0,77.57,Baixa,Sim,2,7.48,5,13,Atrasado
OP-03130,10,Engrenagem,CNC-02,Noite,4887,21.0,98.77,Média,Sim,2,4.98,2,18,Atrasado
OP-03131,5,Flange,Mandrilhadora-A,Tarde,2814,151.0,122.65,Média,Não,1,7.42,2,43,Atrasado
OP-03132,6,Suporte,Mandrilhadora-A,Manhã,3408,86.0,55.32,Alta,Sim,5,7.18,3,43,Adiantado
OP-03133,10,Carcaça,Mandrilhadora-A,Manhã,497,68.0,19.67,Média,Sim,6,2.34,4,19,Adiantado
OP-03134,1,Suporte,CNC-01,Noite,835,115.0,27.1,Alta,Sim,4,3.71,5,37,No_Prazo
OP-03135,9,Eixo,Fresadora-01,Noite,273,139.0,9.95,Alta,Não,6,3.6,1,6,Atrasado
OP-03136,1,Engrenagem,Fresadora-01,Tarde,2595,101.0,127.07,Baixa,Sim,3,4.15,5,40,Adiantado
OP-03137,7,Suporte,CNC-01,Tarde,4189,40.0,50.7,Média,Sim,5,7.98,1,16,No_Prazo
OP-03138,6,Flange,Mandrilhadora-A,Noite,4513,167.0,72.05,Média,Sim,6,1.8,3,30,No_Prazo
OP-03139,6,Carcaça,Torno-03,Noite,2892,34.0,38.07,Média,Não,5,6.29,0,29,Atrasado
OP-03140,6,Flange,Mandrilhadora-A,Noite,318,175.0,9.79,Média,Sim,1,2.21,5,39,No_Prazo
OP-03141,6,Flange,CNC-01,Manhã,3149,88.0,132.61,Média,Não,6,6.05,4,44,Atrasado
OP-03142,5,Eixo,Fresadora-01,Tarde,3207,171.0,39.1,Alta,Sim,1,2.02,2,18,No_Prazo
OP-03143,6,Engrenagem,CNC-01,Noite,3005,166.0,123.73,Média,Sim,1,4.45,5,26,Atrasado
OP-03144,7,Carcaça,Mandrilhadora-A,Manhã,3620,82.0,98.91,Alta,Não,2,5.51,0,31,Atrasado
OP-03145,10,Carcaça,Fresadora-01,Manhã,2808,147.0,133.82,Alta,Sim,5,3.74,2,28,Adiantado
OP-03146,7,Engrenagem,CNC-01,Manhã,3534,30.0,89.44,Média,Sim,6,7.75,2,17,No_Prazo
OP-03147,8,Suporte,CNC-02,Tarde,2457,29.0,121.34,Média,Sim,4,5.79,3,19,No_Prazo
OP-03148,11,Eixo,CNC-02,Noite,793,74.0,25.58,Média,Sim,3,1.68,3,28,No_Prazo
OP-03149,12,Flange,CNC-01,Manhã,445,116.0,22.07,Baixa,Sim,3,3.29,0,43,Adiantado
OP-03150,2,Carcaça,CNC-01,Tarde,4541,17.0,160.19,Média,Sim,5,2.85,4,6,Atrasado
OP-03151,9,Carcaça,Mandrilhadora-A,Manhã,2232,100.0,53.24,Média,Sim,2,2.72,0,12,No_Prazo
OP-03152,3,Engrenagem,Mandrilhadora-A,Noite,1645,176.0,69.31,Alta,Sim,2,2.09,5,37,Adiantado
OP-03153,3,Eixo,Torno-03,Noite,1501,157.0,44.25,Média,Sim,2,1.89,2,28,No_Prazo
OP-03154,10,Carcaça,Mandrilhadora-A,Tarde,306,53.0,6.84,Alta,Não,3,7.03,3,21,Atrasado
OP-03155,1,Carcaça,Fresadora-01,Tarde,4728,102.0,137.74,Baixa,Sim,5,7.92,2,18,Atrasado
OP-03156,11,Engrenagem,CNC-01,Manhã,461,43.0,20.69,Baixa,Sim,4,1.7,2,45,Adiantado
OP-03157,10,Carcaça,Fresadora-01,Noite,1134,58.0,44.56,Média,Sim,1,6.43,2,41,Adiantado
OP-03158,12,Flange,CNC-01,Tarde,2315,167.0,39.24,Média,Sim,2,2.21,1,39,Adiantado
OP-03159,9,Flange,Mandrilhadora-A,Manhã,1822,180.0,79.34,Baixa,Sim,1,4.41,5,15,Atrasado
OP-03160,11,Engrenagem,CNC-02,Noite,247,55.0,6.73,Baixa,Sim,3,1.98,3,29,Adiantado
OP-03161,2,Suporte,CNC-01,Manhã,1679,50.0,22.36,Média,Sim,4,2.53,2,44,Adiantado
OP-03162,11,Suporte,CNC-02,Tarde,3908,78.0,62.09,Média,Sim,2,3.58,4,14,No_Prazo
OP-03163,2,Suporte,Fresadora-01,Manhã,1290,89.0,16.31,Média,Não,1,5.79,0,11,Atrasado
OP-03164,4,Suporte,Mandrilhadora-A,Tarde,4335,30.0,160.67,Média,Não,1,4.06,3,30,Atrasado
OP-03165,2,Carcaça,Torno-03,Manhã,1832,39.0,37.19,Média,Sim,5,6.58,1,11,No_Prazo
OP-03166,5,Carcaça,CNC-01,Manhã,116,85.0,1.61,Baixa,Sim,3,1.22,1,35,Adiantado
OP-03167,9,Suporte,Mandrilhadora-A,Tarde,589,54.0,14.51,Média,Sim,6,4.79,3,40,Adiantado
OP-03168,4,Carcaça,Fresadora-01,Noite,4059,154.0,181.35,Média,Sim,4,1.3,2,23,No_Prazo
OP-03169,10,Suporte,Torno-03,Manhã,2057,139.0,72.3,Média,Sim,2,1.38,1,45,Adiantado
OP-03170,8,Suporte,Torno-03,Tarde,4906,103.0,144.48,Urgente,Sim,1,2.82,0,28,No_Prazo
OP-03171,8,Flange,Mandrilhadora-A,Tarde,3954,86.0,155.5,Alta,Não,5,1.29,3,20,Atrasado
OP-03172,12,Suporte,CNC-02,Noite,200,152.0,2.61,Baixa,Sim,3,6.32,3,40,Adiantado
OP-03173,6,Engrenagem,CNC-01,Manhã,1596,42.0,72.32,Média,Sim,4,4.31,1,29,Adiantado
OP-03174,5,Flange,CNC-01,Tarde,3638,161.0,62.24,Alta,Sim,3,5.33,1,8,Atrasado
OP-03175,12,Flange,Fresadora-01,Noite,362,23.0,3.93,Média,Sim,1,0.92,4,40,Adiantado
OP-03176,7,Carcaça,Mandrilhadora-A,Manhã,4995,167.0,122.35,Média,Sim,6,2.19,5,24,No_Prazo
OP-03177,8,Engrenagem,Fresadora-01,Tarde,873,38.0,10.77,Alta,Sim,1,4.42,5,17,No_Prazo
OP-03178,4,Suporte,Fresadora-01,Noite,3995,149.0,66.65,Média,Sim,4,1.12,4,40,No_Prazo
OP-03179,3,Engrenagem,CNC-02,Manhã,4210,18.0,166.55,Baixa,Sim,1,1.7,1,36,No_Prazo
OP-03180,3,Carcaça,Torno-03,Manhã,2551,149.0,66.81,Média,Sim,6,0.66,4,19,No_Prazo
OP-03181,3,Carcaça,CNC-01,Manhã,4027,111.0,41.38,Baixa,Sim,2,7.34,2,45,No_Prazo
OP-03182,3,Eixo,CNC-02,Noite,4429,18.0,158.34,Baixa,Sim,4,3.73,0,41,Adiantado
OP-03183,9,Carcaça,Fresadora-01,Noite,3685,143.0,141.08,Baixa,Sim,1,0.84,1,10,Atrasado
OP-03184,1,Flange,Mandrilhadora-A,Tarde,3554,32.0,163.76,Alta,Sim,5,3.95,2,27,No_Prazo
OP-03185,8,Carcaça,Mandrilhadora-A,Tarde,1973,104.0,31.93,Média,Sim,2,7.16,1,30,No_Prazo
OP-03186,12,Suporte,Mandrilhadora-A,Manhã,1497,70.0,66.3,Baixa,Sim,1,1.92,1,20,No_Prazo
OP-03187,10,Engrenagem,CNC-01,Manhã,4345,140.0,166.62,Baixa,Sim,2,2.28,4,25,Atrasado
OP-03188,5,Eixo,Mandrilhadora-A,Manhã,1160,156.0,37.75,Urgente,Sim,4,7.87,0,45,Adiantado
OP-03189,1,Flange,CNC-02,Manhã,2101,92.0,43.01,Baixa,Sim,2,6.9,5,27,No_Prazo
OP-03190,11,Eixo,Fresadora-01,Manhã,2587,140.0,73.25,Média,Sim,3,4.61,2,9,Atrasado
OP-03191,1,Engrenagem,Mandrilhadora-A,Tarde,1984,166.0,35.57,Média,Não,1,1.9,1,39,Atrasado
OP-03192,9,Carcaça,Mandrilhadora-A,Manhã,1896,129.0,73.39,Baixa,Não,5,2.15,1,17,Atrasado
OP-03193,9,Carcaça,Fresadora-01,Manhã,3016,68.0,115.04,Baixa,Sim,3,6.96,4,10,Atrasado
OP-03194,3,Flange,CNC-02,Manhã,1680,91.0,29.67,Baixa,Sim,6,5.57,5,12,No_Prazo
OP-03195,9,Eixo,Torno-03,Manhã,4944,53.0,99.4,Urgente,Sim,3,3.13,1,38,Adiantado
OP-03196,3,Engrenagem,Fresadora-01,Manhã,930,91.0,42.82,Alta,Sim,5,0.69,5,45,Adiantado
OP-03197,3,Carcaça,Torno-03,Manhã,1975,56.0,57.01,Média,Sim,2,1.52,5,10,No_Prazo
OP-03198,10,Eixo,Torno-03,Manhã,4234,148.0,135.68,Alta,Sim,1,5.97,5,9,Atrasado
OP-03199,12,Engrenagem,Torno-03,Tarde,2403,116.0,116.17,Média,Não,4,5.37,3,44,Atrasado
OP-03200,4,Eixo,Torno-03,Noite,3539,119.0,64.7,Média,Sim,4,3.19,0,8,Atrasado
OP-03201,12,Flange,CNC-01,Noite,3252,33.0,114.1,Média,Sim,6,4.94,1,26,No_Prazo
OP-03202,11,Suporte,Mandrilhadora-A,Noite,1690,15.0,69.22,Média,Sim,5,6.16,3,14,No_Prazo
OP-03203,10,Eixo,CNC-01,Tarde,3733,145.0,85.03,Média,Sim,4,5.33,4,11,No_Prazo
OP-03204,2,Carcaça,Mandrilhadora-A,Noite,1226,104.0,27.4,Alta,Sim,1,2.3,0,29,Adiantado
OP-03205,4,Suporte,CNC-01,Tarde,3761,169.0,172.53,Baixa,Sim,5,7.64,3,10,Atrasado
OP-03206,9,Carcaça,Torno-03,Tarde,684,104.0,9.56,Baixa,Sim,2,0.68,3,14,No_Prazo
OP-03207,12,Eixo,Torno-03,Tarde,3485,50.0,56.79,Média,Sim,5,4.67,0,30,Adiantado
OP-03208,10,Suporte,Torno-03,Manhã,606,130.0,16.02,Baixa,Sim,5,2.17,3,17,No_Prazo
OP-03209,6,Eixo,Torno-03,Manhã,4350,131.0,182.42,Urgente,Sim,5,5.81,2,45,Adiantado
OP-03210,3,Suporte,Mandrilhadora-A,Manhã,3146,26.0,88.72,Média,Não,2,4.71,2,25,Atrasado
OP-03211,12,Suporte,CNC-01,Noite,250,129.0,5.21,Baixa,Sim,3,1.97,4,7,No_Prazo
OP-03212,4,Eixo,Mandrilhadora-A,Manhã,588,50.0,15.77,Alta,Sim,1,4.29,0,30,Adiantado
OP-03213,5,Carcaça,Fresadora-01,Tarde,977,57.0,27.18,Alta,Não,3,4.4,4,29,Atrasado
OP-03214,12,Carcaça,Fresadora-01,Noite,4803,20.0,187.71,Média,Não,6,3.65,0,27,Atrasado
OP-03215,7,Carcaça,CNC-01,Tarde,2967,119.0,132.77,Média,Não,2,0.82,4,44,Atrasado
OP-03216,4,Eixo,CNC-01,Manhã,1431,136.0,32.7,Alta,Sim,6,2.05,1,29,Adiantado
OP-03217,1,Suporte,CNC-02,Tarde,1420,53.0,54.45,Média,Não,1,7.77,3,35,Atrasado
OP-03218,6,Engrenagem,CNC-02,Manhã,177,146.0,6.74,Média,Sim,3,1.91,1,31,Adiantado
OP-03219,12,Engrenagem,Fresadora-01,Noite,1055,141.0,42.92,Alta,Sim,3,3.94,5,13,No_Prazo
OP-03220,6,Carcaça,Mandrilhadora-A,Tarde,4283,83.0,141.38,Alta,Sim,6,2.71,1,40,Adiantado
OP-03221,9,Engrenagem,Torno-03,Tarde,3014,26.0,31.91,Alta,Não,4,6.18,2,32,Atrasado
OP-03222,4,Carcaça,Fresadora-01,Tarde,1869,61.0,67.72,Urgente,Não,6,4.84,5,32,No_Prazo
OP-03223,10,Flange,CNC-01,Tarde,155,42.0,5.35,Baixa,Sim,6,5.87,2,6,No_Prazo
OP-03224,10,Eixo,Fresadora-01,Tarde,1747,173.0,60.2,Alta,Sim,4,5.28,0,34,Adiantado
OP-03225,8,Engrenagem,CNC-01,Manhã,1945,150.0,41.34,Alta,Sim,5,4.28,1,6,No_Prazo
OP-03226,10,Suporte,Fresadora-01,Manhã,637,28.0,8.86,Média,Sim,5,7.7,1,20,Adiantado
OP-03227,7,Suporte,CNC-02,Manhã,3055,100.0,53.69,Urgente,Sim,4,5.77,0,27,Adiantado
OP-03228,5,Flange,Torno-03,Tarde,3319,59.0,61.89,Alta,Sim,6,5.67,5,43,Adiantado
OP-03229,9,Carcaça,CNC-02,Noite,4991,20.0,84.57,Alta,Sim,3,5.68,4,10,Atrasado
OP-03230,11,Eixo,Torno-03,Tarde,1826,68.0,36.12,Baixa,Sim,5,4.0,5,37,Adiantado
OP-03231,11,Flange,Mandrilhadora-A,Tarde,1416,36.0,18.05,Baixa,Não,3,5.32,3,26,Atrasado
OP-03232,3,Eixo,Mandrilhadora-A,Noite,4123,52.0,85.65,Urgente,Não,3,5.03,2,28,Atrasado
OP-03233,9,Flange,CNC-02,Manhã,1784,69.0,89.05,Urgente,Sim,3,7.16,5,42,Adiantado
OP-03234,1,Engrenagem,CNC-02,Manhã,3171,82.0,96.57,Média,Sim,2,7.84,4,22,Atrasado
OP-03235,7,Flange,Torno-03,Noite,3700,92.0,87.97,Média,Sim,5,4.12,4,8,Atrasado
OP-03236,7,Flange,Fresadora-01,Noite,4405,101.0,171.0,Alta,Sim,3,5.01,0,3,Atrasado
OP-03237,5,Flange,CNC-01,Tarde,1627,76.0,46.82,Baixa,Sim,5,2.68,5,18,No_Prazo
OP-03238,12,Flange,Fresadora-01,Manhã,3131,97.0,35.0,Média,Sim,2,6.84,3,45,Adiantado
OP-03239,11,Suporte,Mandrilhadora-A,Noite,698,84.0,22.26,Urgente,Sim,5,5.83,4,12,No_Prazo
OP-03240,1,Flange,Mandrilhadora-A,Noite,3907,174.0,86.59,Média,Não,1,7.43,5,9,Atrasado
OP-03241,3,Eixo,Torno-03,Tarde,272,26.0,8.93,Alta,Sim,4,5.04,1,4,Adiantado
OP-03242,3,Eixo,CNC-02,Manhã,3497,112.0,59.2,Média,Sim,3,5.81,2,24,Atrasado
OP-03243,11,Suporte,CNC-02,Tarde,1084,47.0,31.76,Média,Sim,1,1.21,2,18,Adiantado
OP-03244,7,Carcaça,Fresadora-01,Noite,2339,77.0,41.51,Média,Sim,2,5.05,1,17,No_Prazo
OP-03245,9,Suporte,Torno-03,Noite,427,105.0,9.37,Média,Sim,1,3.33,3,28,Adiantado
OP-03246,10,Suporte,CNC-01,Tarde,3458,140.0,129.63,Alta,Sim,1,4.31,3,17,Atrasado
OP-03247,10,Carcaça,Fresadora-01,Tarde,2436,176.0,46.54,Média,Sim,5,2.95,1,5,No_Prazo
OP-03248,2,Carcaça,CNC-01,Tarde,3334,96.0,88.97,Urgente,Sim,6,2.65,4,21,Adiantado
OP-03249,2,Flange,Mandrilhadora-A,Tarde,1770,57.0,22.88,Baixa,Não,5,6.66,1,34,Atrasado
OP-03250,5,Engrenagem,Torno-03,Tarde,83,146.0,3.11,Urgente,Sim,1,4.68,5,27,Adiantado
OP-03251,5,Suporte,CNC-02,Manhã,2925,52.0,92.31,Média,Sim,4,2.4,4,43,Adiantado
OP-03252,9,Suporte,CNC-01,Manhã,3508,99.0,149.27,Média,Não,4,6.25,2,3,Atrasado
OP-03253,2,Eixo,CNC-01,Noite,3340,155.0,104.89,Baixa,Não,3,1.06,4,5,Atrasado
OP-03254,5,Carcaça,Mandrilhadora-A,Manhã,1347,82.0,67.04,Média,Não,4,2.7,1,9,Atrasado
OP-03255,3,Carcaça,Torno-03,Manhã,3596,107.0,70.64,Média,Sim,2,3.02,3,4,Atrasado
OP-03256,3,Eixo,Mandrilhadora-A,Noite,2732,35.0,108.42,Urgente,Sim,6,1.83,4,29,Adiantado
OP-03257,3,Flange,Mandrilhadora-A,Tarde,1090,24.0,29.75,Alta,Sim,2,6.82,1,29,Adiantado
OP-03258,3,Engrenagem,CNC-01,Manhã,601,178.0,15.05,Baixa,Não,2,5.55,1,34,Atrasado
OP-03259,7,Engrenagem,CNC-02,Manhã,1660,45.0,65.17,Média,Sim,5,5.53,0,11,Adiantado
OP-03260,5,Eixo,Mandrilhadora-A,Noite,163,70.0,7.86,Média,Não,2,4.95,1,32,Atrasado
OP-03261,6,Eixo,Torno-03,Tarde,3594,98.0,144.56,Alta,Sim,6,3.34,4,10,No_Prazo
OP-03262,6,Eixo,Torno-03,Tarde,124,77.0,2.88,Alta,Sim,4,5.44,1,45,Adiantado
OP-03263,9,Engrenagem,Torno-03,Tarde,289,31.0,8.78,Média,Não,6,6.02,5,13,Atrasado
OP-03264,11,Flange,Fresadora-01,Manhã,833,47.0,15.57,Baixa,Não,4,4.54,2,5,Atrasado
OP-03265,7,Suporte,Mandrilhadora-A,Tarde,1664,96.0,57.92,Baixa,Sim,6,4.03,1,10,No_Prazo
OP-03266,8,Eixo,Mandrilhadora-A,Manhã,148,87.0,3.86,Média,Sim,5,2.18,2,25,Adiantado
OP-03267,9,Flange,Fresadora-01,Tarde,3167,147.0,60.57,Baixa,Sim,5,1.13,3,33,Adiantado
OP-03268,9,Eixo,Torno-03,Manhã,705,66.0,7.64,Média,Sim,2,0.81,4,20,No_Prazo
OP-03269,2,Suporte,CNC-02,Manhã,4025,170.0,189.23,Alta,Sim,5,5.86,4,16,Atrasado
OP-03270,12,Suporte,CNC-01,Manhã,2817,62.0,37.05,Média,Sim,2,3.11,0,11,No_Prazo
OP-03271,2,Carcaça,Fresadora-01,Noite,462,70.0,10.71,Urgente,Sim,5,5.81,5,8,Adiantado
OP-03272,5,Engrenagem,CNC-01,Manhã,2031,172.0,35.78,Alta,Sim,1,4.31,2,41,Adiantado
OP-03273,8,Carcaça,Fresadora-01,Manhã,744,154.0,22.15,Média,Sim,1,3.85,5,35,No_Prazo
OP-03274,5,Eixo,Torno-03,Manhã,4904,67.0,87.28,Baixa,Sim,5,5.22,3,9,Atrasado
OP-03275,3,Engrenagem,Fresadora-01,Tarde,2983,80.0,117.67,Média,Sim,1,1.87,0,9,No_Prazo
OP-03276,12,Suporte,Mandrilhadora-A,Tarde,4053,154.0,76.98,Alta,Sim,2,7.85,3,24,Atrasado
OP-03277,1,Engrenagem,Torno-03,Noite,1903,29.0,33.15,Média,Sim,3,2.98,4,18,No_Prazo
OP-03278,3,Engrenagem,Torno-03,Tarde,776,64.0,14.49,Urgente,Sim,2,6.27,4,11,No_Prazo
OP-03279,12,Carcaça,Torno-03,Tarde,1212,103.0,26.55,Alta,Sim,5,2.36,4,21,Adiantado
OP-03280,9,Eixo,CNC-02,Tarde,2113,152.0,75.38,Média,Sim,4,4.01,5,21,No_Prazo
OP-03281,2,Flange,CNC-01,Manhã,3864,108.0,71.04,Baixa,Sim,4,4.24,3,27,No_Prazo
OP-03282,10,Eixo,CNC-01,Noite,2183,96.0,82.68,Média,Sim,2,2.8,1,36,Adiantado
OP-03283,12,Engrenagem,Fresadora-01,Noite,4646,174.0,126.4,Média,Sim,1,3.11,0,14,Atrasado
OP-03284,2,Engrenagem,Mandrilhadora-A,Manhã,1842,34.0,32.94,Média,Sim,1,3.76,5,33,No_Prazo
OP-03285,5,Engrenagem,CNC-01,Tarde,1204,144.0,23.6,Alta,Sim,2,6.77,3,34,Adiantado
OP-03286,6,Flange,CNC-02,Manhã,2503,36.0,77.83,Média,Sim,2,4.25,5,33,No_Prazo
OP-03287,2,Flange,Fresadora-01,Tarde,600,136.0,15.09,Média,Sim,4,1.16,4,42,Adiantado
OP-03288,3,Engrenagem,Fresadora-01,Noite,3365,105.0,102.8,Alta,Sim,6,2.13,2,12,No_Prazo
OP-03289,3,Eixo,Fresadora-01,Noite,549,59.0,23.33,Alta,Não,2,7.9,1,34,Atrasado
OP-03290,3,Eixo,Fresadora-01,Manhã,3222,105.0,38.13,Baixa,Não,4,1.17,4,3,Atrasado
OP-03291,5,Flange,CNC-01,Tarde,1943,160.0,50.02,Média,Não,6,5.36,5,17,Atrasado
OP-03292,6,Carcaça,CNC-02,Tarde,1817,93.0,48.36,Alta,Sim,3,2.08,3,33,Adiantado
OP-03293,3,Suporte,Torno-03,Manhã,3073,16.0,61.57,Média,Sim,2,3.74,1,43,Adiantado
OP-03294,4,Carcaça,CNC-01,Tarde,3539,24.0,97.94,Média,Sim,3,3.18,4,7,No_Prazo
OP-03295,3,Engrenagem,CNC-02,Tarde,4648,119.0,151.83,Alta,Sim,1,7.83,5,34,Atrasado
OP-03296,10,Eixo,CNC-02,Noite,1482,127.0,49.5,Alta,Sim,6,4.63,4,19,No_Prazo
OP-03297,3,Suporte,Mandrilhadora-A,Noite,4069,81.0,149.71,Baixa,Sim,6,2.37,3,26,No_Prazo
OP-03298,11,Eixo,CNC-02,Manhã,4185,55.0,54.7,Média,Não,1,5.03,5,39,Atrasado
OP-03299,7,Carcaça,Mandrilhadora-A,Manhã,4978,133.0,141.38,Alta,Não,2,1.04,5,39,Atrasado
OP-03300,10,Flange,Fresadora-01,Manhã,4823,65.0,194.39,Média,Sim,1,7.45,1,20,Atrasado
OP-03301,8,Eixo,Fresadora-01,Manhã,3962,27.0,111.74,Urgente,Não,6,3.08,1,40,Atrasado
OP-03302,4,Carcaça,Mandrilhadora-A,Tarde,1508,83.0,54.68,Baixa,Não,6,7.13,4,23,Atrasado
OP-03303,8,Flange,Mandrilhadora-A,Noite,3488,104.0,117.26,Alta,Sim,3,6.57,0,12,Atrasado
OP-03304,4,Carcaça,CNC-02,Tarde,3934,174.0,112.47,Urgente,Sim,4,1.9,0,44,Adiantado
OP-03305,2,Flange,Torno-03,Tarde,1492,113.0,19.63,Média,Sim,4,7.72,3,18,No_Prazo
OP-03306,4,Engrenagem,Torno-03,Manhã,4076,49.0,144.0,Alta,Sim,6,7.94,5,42,No_Prazo
OP-03307,4,Suporte,Mandrilhadora-A,Manhã,3524,152.0,110.58,Baixa,Sim,5,6.54,5,42,No_Prazo
OP-03308,2,Engrenagem,CNC-01,Noite,2479,63.0,25.35,Alta,Sim,5,3.89,1,6,No_Prazo
OP-03309,1,Suporte,Torno-03,Tarde,4315,173.0,78.85,Urgente,Sim,3,5.54,1,33,Adiantado
OP-03310,12,Flange,CNC-02,Manhã,484,69.0,6.03,Urgente,Sim,5,1.1,2,40,Adiantado
OP-03311,7,Suporte,CNC-02,Noite,3435,165.0,112.7,Média,Sim,4,7.41,5,11,Atrasado
OP-03312,5,Carcaça,Fresadora-01,Tarde,3941,160.0,41.8,Alta,Sim,4,2.16,5,24,No_Prazo
OP-03313,12,Flange,CNC-02,Manhã,249,158.0,10.88,Alta,Não,2,5.88,5,45,No_Prazo
OP-03314,3,Carcaça,Fresadora-01,Tarde,2067,21.0,99.01,Média,Sim,1,6.51,2,37,Adiantado
OP-03315,5,Engrenagem,Mandrilhadora-A,Tarde,2609,155.0,127.9,Alta,Sim,4,7.77,0,17,No_Prazo
OP-03316,11,Engrenagem,Fresadora-01,Manhã,1079,134.0,20.57,Baixa,Sim,6,6.68,3,18,No_Prazo
OP-03317,8,Carcaça,CNC-01,Noite,4402,70.0,131.2,Urgente,Sim,6,6.64,5,7,Atrasado
OP-03318,5,Flange,CNC-01,Tarde,3151,96.0,143.83,Alta,Sim,4,5.79,2,44,Adiantado
OP-03319,4,Flange,Torno-03,Tarde,1411,121.0,52.9,Média,Sim,6,4.82,1,40,Adiantado
OP-03320,1,Engrenagem,Torno-03,Noite,2212,171.0,48.55,Média,Sim,1,0.81,3,37,No_Prazo
OP-03321,2,Eixo,Fresadora-01,Tarde,604,144.0,26.19,Urgente,Sim,5,7.8,1,20,Adiantado
OP-03322,2,Suporte,Torno-03,Tarde,483,86.0,15.92,Baixa,Sim,2,3.87,5,22,No_Prazo
OP-03323,10,Carcaça,CNC-01,Manhã,3744,121.0,146.76,Média,Sim,3,6.48,2,19,No_Prazo
OP-03324,8,Carcaça,Mandrilhadora-A,Manhã,4919,46.0,239.93,Média,Não,3,3.33,5,18,Atrasado
OP-03325,6,Flange,Mandrilhadora-A,Manhã,1420,85.0,70.86,Média,Sim,2,3.92,3,5,Atrasado
OP-03326,10,Flange,Fresadora-01,Manhã,1261,146.0,38.07,Baixa,Sim,2,3.97,2,12,No_Prazo
OP-03327,2,Engrenagem,Fresadora-01,Tarde,3435,115.0,55.87,Média,Sim,4,7.93,2,29,No_Prazo
OP-03328,3,Engrenagem,Mandrilhadora-A,Manhã,2579,144.0,89.7,Urgente,Sim,1,2.09,4,14,No_Prazo
OP-03329,5,Flange,Torno-03,Manhã,740,99.0,26.46,Alta,Sim,2,4.26,1,9,No_Prazo
OP-03330,12,Flange,CNC-01,Tarde,3353,78.0,110.27,Alta,Não,2,1.66,2,22,Atrasado
OP-03331,8,Engrenagem,Fresadora-01,Manhã,1088,138.0,29.25,Média,Sim,1,4.21,5,37,Adiantado
OP-03332,11,Flange,Torno-03,Tarde,619,30.0,20.59,Alta,Sim,6,4.59,5,18,Adiantado
OP-03333,3,Suporte,Fresadora-01,Tarde,2348,176.0,73.64,Média,Sim,3,1.52,0,35,Adiantado
OP-03334,11,Carcaça,Fresadora-01,Manhã,3710,171.0,177.29,Alta,Não,4,5.74,4,30,Atrasado
OP-03335,1,Carcaça,Torno-03,Manhã,2629,160.0,114.37,Alta,Sim,4,6.71,5,17,No_Prazo
OP-03336,3,Eixo,CNC-02,Tarde,3259,161.0,83.91,Média,Sim,2,6.62,2,30,No_Prazo
OP-03337,7,Eixo,Torno-03,Manhã,1227,99.0,40.29,Urgente,Sim,2,5.97,1,24,Adiantado
OP-03338,1,Carcaça,Fresadora-01,Tarde,2494,97.0,81.41,Urgente,Sim,1,1.56,2,11,No_Prazo
OP-03339,11,Suporte,Fresadora-01,Tarde,3579,150.0,108.9,Média,Sim,5,5.16,5,21,No_Prazo
OP-03340,11,Eixo,Torno-03,Tarde,2665,62.0,32.84,Urgente,Não,5,5.74,1,14,Atrasado
OP-03341,7,Suporte,Torno-03,Tarde,1236,155.0,47.59,Alta,Sim,4,6.2,1,26,Adiantado
OP-03342,4,Engrenagem,Mandrilhadora-A,Noite,4776,48.0,187.46,Baixa,Sim,5,5.82,5,4,Atrasado
OP-03343,2,Flange,CNC-02,Manhã,383,160.0,11.25,Baixa,Não,5,5.22,3,6,Atrasado
OP-03344,8,Eixo,CNC-01,Noite,4558,104.0,209.95,Alta,Sim,1,5.96,1,19,Atrasado
OP-03345,7,Carcaça,Fresadora-01,Noite,3636,154.0,179.46,Alta,Sim,5,6.89,4,25,No_Prazo
OP-03346,10,Engrenagem,Mandrilhadora-A,Tarde,604,96.0,25.68,Média,Sim,6,4.77,1,23,Adiantado
OP-03347,8,Carcaça,Fresadora-01,Manhã,1313,115.0,61.86,Média,Sim,5,1.59,4,6,No_Prazo
OP-03348,2,Eixo,Torno-03,Manhã,1875,168.0,55.31,Média,Sim,2,6.62,2,7,Atrasado
OP-03349,2,Engrenagem,CNC-02,Noite,4790,84.0,223.07,Média,Sim,4,5.46,5,7,Atrasado
OP-03350,10,Suporte,Torno-03,Manhã,2608,51.0,123.62,Baixa,Sim,2,5.65,4,6,Atrasado
OP-03351,2,Suporte,CNC-01,Noite,1327,30.0,46.37,Média,Sim,1,2.71,0,38,Adiantado
OP-03352,12,Engrenagem,Torno-03,Tarde,4603,112.0,73.78,Alta,Sim,2,1.62,4,14,Atrasado
OP-03353,2,Engrenagem,CNC-02,Tarde,634,116.0,10.2,Baixa,Sim,3,6.36,3,37,Adiantado
OP-03354,9,Engrenagem,CNC-02,Tarde,4091,117.0,118.2,Alta,Sim,6,0.87,1,24,Adiantado
OP-03355,12,Flange,Torno-03,Manhã,4161,21.0,164.04,Alta,Não,3,3.52,3,45,Atrasado
OP-03356,6,Engrenagem,Mandrilhadora-A,Tarde,1963,20.0,59.0,Urgente,Sim,6,4.32,1,45,Adiantado
OP-03357,1,Suporte,CNC-02,Noite,263,163.0,11.04,Urgente,Sim,6,0.63,4,28,Adiantado
OP-03358,11,Engrenagem,Mandrilhadora-A,Manhã,4436,130.0,180.95,Urgente,Não,4,4.98,1,42,Atrasado
OP-03359,3,Suporte,Torno-03,Noite,4838,34.0,87.78,Média,Sim,3,1.4,2,20,Atrasado
OP-03360,7,Carcaça,Mandrilhadora-A,Noite,1921,27.0,29.41,Baixa,Não,3,2.31,3,20,Atrasado
OP-03361,12,Suporte,CNC-02,Manhã,969,42.0,37.05,Média,Sim,5,7.95,0,8,Adiantado
OP-03362,9,Carcaça,Mandrilhadora-A,Tarde,1392,148.0,31.76,Média,Sim,2,4.7,5,26,No_Prazo
OP-03363,1,Carcaça,Fresadora-01,Manhã,725,134.0,34.26,Baixa,Não,3,7.76,0,31,Atrasado
OP-03364,10,Engrenagem,Fresadora-01,Tarde,3068,120.0,137.26,Baixa,Sim,3,4.19,5,27,Atrasado
OP-03365,2,Eixo,Torno-03,Noite,2617,121.0,73.41,Média,Não,2,6.53,3,12,Atrasado
OP-03366,9,Suporte,Torno-03,Noite,1811,157.0,60.16,Média,Sim,2,0.78,3,17,No_Prazo
OP-03367,8,Eixo,Torno-03,Noite,3270,70.0,143.5,Média,Sim,1,2.68,2,13,Atrasado
OP-03368,4,Suporte,Mandrilhadora-A,Manhã,3130,68.0,140.4,Urgente,Sim,6,2.62,2,39,Adiantado
OP-03369,6,Suporte,Fresadora-01,Tarde,105,85.0,3.39,Média,Sim,6,1.02,4,8,Adiantado
OP-03370,2,Carcaça,CNC-01,Manhã,2077,178.0,101.52,Baixa,Sim,5,7.64,2,15,Atrasado
OP-03371,12,Eixo,Fresadora-01,Noite,4324,107.0,133.35,Média,Sim,5,4.29,3,17,No_Prazo
OP-03372,3,Eixo,Mandrilhadora-A,Manhã,3989,105.0,46.45,Média,Sim,3,4.95,4,21,Atrasado
OP-03373,4,Engrenagem,Fresadora-01,Manhã,4281,149.0,139.17,Urgente,Sim,4,4.4,3,16,No_Prazo
OP-03374,7,Eixo,Torno-03,Manhã,4773,44.0,196.08,Média,Sim,6,2.36,3,41,Adiantado
OP-03375,9,Eixo,CNC-02,Manhã,353,82.0,17.44,Média,Sim,1,7.43,3,24,Adiantado
OP-03376,7,Flange,Fresadora-01,Manhã,1388,121.0,19.73,Alta,Sim,2,5.52,0,17,No_Prazo
OP-03377,7,Flange,Fresadora-01,Manhã,2324,178.0,64.19,Média,Sim,5,1.43,0,17,Adiantado
OP-03378,7,Carcaça,CNC-02,Noite,2574,40.0,86.14,Média,Não,1,3.96,0,24,Atrasado
OP-03379,11,Suporte,Torno-03,Noite,3941,90.0,178.36,Baixa,Sim,5,0.51,1,18,No_Prazo
OP-03380,5,Suporte,CNC-02,Manhã,3635,164.0,140.44,Média,Sim,3,5.56,2,40,Adiantado
OP-03381,10,Engrenagem,CNC-01,Noite,3545,135.0,68.24,Baixa,Sim,5,4.43,1,8,Atrasado
OP-03382,10,Flange,CNC-01,Tarde,834,116.0,37.01,Alta,Sim,6,7.28,3,17,Adiantado
OP-03383,12,Suporte,CNC-01,Noite,3404,57.0,124.48,Média,Sim,4,7.61,5,21,Atrasado
OP-03384,11,Eixo,Torno-03,Manhã,3989,46.0,182.72,Baixa,Sim,1,1.24,5,44,No_Prazo
OP-03385,10,Flange,Torno-03,Tarde,3772,77.0,163.61,Média,Sim,4,1.17,3,15,No_Prazo
OP-03386,3,Suporte,Torno-03,Manhã,2935,57.0,44.53,Média,Não,1,7.24,0,11,Atrasado
OP-03387,10,Suporte,Mandrilhadora-A,Manhã,487,148.0,23.58,Média,Sim,6,4.34,4,20,No_Prazo
OP-03388,9,Carcaça,CNC-02,Tarde,791,134.0,22.28,Urgente,Sim,3,4.02,4,32,Adiantado
OP-03389,4,Flange,CNC-02,Noite,3728,153.0,183.8,Alta,Sim,6,4.78,4,45,Adiantado
OP-03390,9,Eixo,CNC-02,Noite,4347,43.0,75.99,Urgente,Sim,6,4.0,5,5,No_Prazo
OP-03391,4,Eixo,CNC-02,Manhã,4135,66.0,172.56,Média,Sim,2,5.11,0,30,No_Prazo
OP-03392,7,Suporte,Torno-03,Tarde,2162,142.0,47.99,Média,Sim,3,7.62,2,26,No_Prazo
OP-03393,10,Flange,CNC-02,Noite,2957,42.0,34.87,Média,Sim,6,5.04,3,17,No_Prazo
OP-03394,3,Flange,CNC-02,Manhã,924,39.0,45.98,Média,Sim,5,2.91,0,9,Adiantado
OP-03395,5,Engrenagem,Fresadora-01,Manhã,2979,78.0,65.96,Baixa,Sim,4,2.1,2,31,No_Prazo
OP-03396,10,Flange,Mandrilhadora-A,Manhã,1017,46.0,13.45,Média,Não,6,7.75,1,30,No_Prazo
OP-03397,6,Eixo,CNC-02,Manhã,3985,28.0,177.01,Alta,Sim,2,4.85,1,8,Atrasado
OP-03398,12,Flange,CNC-01,Manhã,3938,67.0,107.43,Alta,Não,5,4.75,3,29,Atrasado
OP-03399,1,Carcaça,CNC-02,Manhã,303,159.0,10.02,Baixa,Não,3,0.75,3,24,Atrasado
OP-03400,9,Suporte,Torno-03,Tarde,4681,24.0,231.21,Baixa,Sim,1,7.39,0,20,No_Prazo
OP-03401,10,Flange,Mandrilhadora-A,Tarde,3990,108.0,116.62,Baixa,Não,3,4.02,4,25,Atrasado
OP-03402,12,Carcaça,CNC-01,Noite,1922,108.0,24.38,Alta,Não,1,8.0,5,42,Atrasado
OP-03403,2,Carcaça,CNC-01,Tarde,2283,103.0,85.95,Média,Sim,6,1.76,0,21,Adiantado
OP-03404,12,Flange,Torno-03,Manhã,440,98.0,16.91,Alta,Sim,2,2.95,4,41,Adiantado
OP-03405,5,Suporte,Mandrilhadora-A,Noite,4684,18.0,83.23,Baixa,Sim,6,2.08,4,4,Atrasado
OP-03406,5,Eixo,Torno-03,Tarde,549,23.0,17.47,Alta,Sim,5,3.34,4,34,Adiantado
OP-03407,5,Carcaça,Mandrilhadora-A,Tarde,4616,99.0,114.33,Alta,Sim,3,7.82,5,35,No_Prazo
OP-03408,8,Eixo,Fresadora-01,Manhã,3289,175.0,39.46,Baixa,Sim,5,3.61,4,33,No_Prazo
OP-03409,8,Eixo,CNC-01,Tarde,4597,82.0,103.27,Alta,Sim,1,6.7,2,18,Atrasado
OP-03410,6,Engrenagem,Torno-03,Tarde,1885,93.0,87.43,Urgente,Sim,2,6.16,0,5,No_Prazo
OP-03411,1,Carcaça,Fresadora-01,Tarde,4483,177.0,98.67,Média,Sim,5,2.73,5,5,Atrasado
OP-03412,12,Eixo,Torno-03,Noite,2159,144.0,40.85,Média,Sim,3,4.85,4,16,Atrasado
OP-03413,3,Carcaça,CNC-01,Noite,1782,142.0,84.89,Média,Sim,1,6.89,2,8,Atrasado
OP-03414,2,Engrenagem,CNC-01,Noite,1718,98.0,43.45,Média,Não,1,5.08,3,11,Atrasado
OP-03415,8,Flange,Fresadora-01,Tarde,4762,163.0,226.78,Urgente,Sim,5,2.49,3,3,Atrasado
OP-03416,5,Flange,Torno-03,Noite,2354,111.0,106.42,Média,Sim,3,6.97,0,19,No_Prazo
OP-03417,8,Flange,Torno-03,Noite,2418,123.0,69.68,Alta,Sim,3,4.67,1,42,Adiantado
OP-03418,11,Engrenagem,CNC-02,Manhã,3235,145.0,82.16,Alta,Não,3,7.85,1,7,Atrasado
OP-03419,2,Engrenagem,CNC-02,Tarde,2801,82.0,43.44,Média,Sim,1,5.42,3,18,No_Prazo
OP-03420,4,Eixo,Fresadora-01,Manhã,2728,172.0,48.08,Média,Não,6,3.87,2,16,Atrasado
OP-03421,7,Flange,CNC-01,Manhã,1926,178.0,37.17,Alta,Sim,2,3.77,2,21,No_Prazo
OP-03422,10,Suporte,Torno-03,Manhã,862,112.0,24.84,Média,Sim,3,7.1,3,27,No_Prazo
OP-03423,8,Flange,CNC-02,Tarde,4973,52.0,123.75,Média,Não,5,7.85,5,42,Atrasado
OP-03424,5,Eixo,Fresadora-01,Manhã,2481,143.0,104.24,Urgente,Não,1,3.58,1,10,Atrasado
OP-03425,8,Eixo,Fresadora-01,Manhã,4862,68.0,106.32,Média,Sim,4,1.72,0,15,No_Prazo
OP-03426,12,Suporte,Torno-03,Manhã,2330,110.0,62.87,Alta,Sim,4,0.8,3,7,Adiantado
OP-03427,6,Flange,CNC-02,Tarde,3017,29.0,44.98,Baixa,Sim,5,2.92,5,4,Atrasado
OP-03428,11,Carcaça,CNC-02,Noite,2751,148.0,57.36,Alta,Sim,6,3.06,5,33,Adiantado
OP-03429,10,Flange,CNC-02,Noite,4830,173.0,199.58,Alta,Sim,1,3.69,1,15,Atrasado
OP-03430,4,Flange,CNC-02,Tarde,597,31.0,22.86,Baixa,Sim,3,1.59,2,13,Adiantado
OP-03431,3,Engrenagem,Fresadora-01,Manhã,2611,136.0,68.12,Baixa,Sim,3,4.19,4,22,No_Prazo
OP-03432,10,Engrenagem,CNC-01,Noite,809,157.0,26.78,Média,Sim,5,7.58,0,23,No_Prazo
OP-03433,3,Carcaça,CNC-01,Manhã,4346,33.0,123.14,Alta,Sim,3,2.24,2,21,No_Prazo
OP-03434,5,Eixo,Torno-03,Noite,2674,56.0,122.49,Média,Sim,3,5.64,2,39,No_Prazo
OP-03435,3,Flange,CNC-02,Tarde,4619,80.0,119.11,Média,Sim,2,0.78,1,32,No_Prazo
OP-03436,8,Flange,Mandrilhadora-A,Tarde,1413,153.0,54.94,Média,Sim,4,5.33,2,19,Adiantado
OP-03437,4,Engrenagem,Fresadora-01,Manhã,856,96.0,16.04,Urgente,Sim,4,7.53,5,11,No_Prazo
OP-03438,8,Flange,Fresadora-01,Manhã,3163,38.0,86.55,Baixa,Sim,4,2.62,5,7,Atrasado
OP-03439,12,Eixo,Torno-03,Tarde,771,57.0,24.03,Alta,Sim,4,6.62,2,33,Adiantado
OP-03440,10,Engrenagem,Torno-03,Tarde,1895,92.0,26.88,Urgente,Sim,6,1.12,2,36,Adiantado
OP-03441,12,Flange,Torno-03,Noite,1603,21.0,53.7,Média,Sim,6,3.19,5,33,Adiantado
OP-03442,1,Flange,CNC-01,Tarde,1142,119.0,37.67,Urgente,Sim,4,0.55,1,34,Adiantado
OP-03443,6,Engrenagem,Torno-03,Tarde,697,19.0,11.4,Média,Sim,6,3.16,3,30,Adiantado
OP-03444,3,Flange,Mandrilhadora-A,Manhã,3299,144.0,164.77,Alta,Sim,3,2.82,1,29,No_Prazo
OP-03445,12,Suporte,CNC-02,Tarde,3802,136.0,52.09,Alta,Sim,1,5.7,3,44,No_Prazo
OP-03446,9,Eixo,CNC-01,Manhã,1999,158.0,91.58,Baixa,Sim,5,2.71,0,26,Adiantado
OP-03447,4,Carcaça,Torno-03,Tarde,1441,41.0,42.74,Média,Sim,5,6.67,1,41,Adiantado
OP-03448,7,Suporte,CNC-02,Tarde,830,114.0,15.69,Alta,Sim,1,2.69,4,35,Adiantado
OP-03449,8,Suporte,Fresadora-01,Noite,3401,144.0,49.36,Baixa,Sim,2,2.17,4,22,Atrasado
OP-03450,6,Engrenagem,Mandrilhadora-A,Tarde,4053,100.0,153.92,Média,Sim,2,4.21,1,18,Atrasado
OP-03451,6,Suporte,Mandrilhadora-A,Manhã,2762,37.0,110.97,Alta,Não,4,5.42,1,10,Atrasado
OP-03452,1,Eixo,CNC-02,Noite,2187,31.0,80.78,Baixa,Sim,2,7.17,4,17,Atrasado
OP-03453,6,Suporte,Mandrilhadora-A,Tarde,3259,115.0,87.32,Média,Não,5,6.6,5,25,Atrasado
OP-03454,5,Carcaça,CNC-01,Tarde,4579,97.0,77.4,Baixa,Sim,4,4.43,3,29,No_Prazo
OP-03455,10,Eixo,CNC-02,Tarde,4948,168.0,205.75,Baixa,Sim,6,7.84,4,39,No_Prazo
OP-03456,11,Eixo,CNC-02,Noite,1007,153.0,45.16,Média,Sim,6,2.72,4,10,No_Prazo
OP-03457,10,Engrenagem,Mandrilhadora-A,Manhã,2409,134.0,61.85,Baixa,Sim,2,8.0,5,9,Atrasado
OP-03458,1,Suporte,Fresadora-01,Tarde,4387,177.0,191.49,Média,Sim,4,3.39,1,30,No_Prazo
OP-03459,11,Suporte,CNC-02,Noite,3182,130.0,112.72,Baixa,Sim,4,2.47,3,3,Atrasado
OP-03460,5,Flange,CNC-01,Manhã,4088,30.0,127.05,Urgente,Sim,3,3.37,0,40,Adiantado
OP-03461,5,Engrenagem,Fresadora-01,Noite,4979,28.0,171.4,Alta,Sim,6,4.89,1,12,Atrasado
OP-03462,12,Eixo,Fresadora-01,Manhã,564,150.0,8.07,Média,Sim,1,4.05,2,25,No_Prazo
OP-03463,11,Flange,Mandrilhadora-A,Manhã,3081,75.0,46.26,Baixa,Sim,6,0.88,5,6,Atrasado
OP-03464,1,Carcaça,Torno-03,Manhã,2681,168.0,104.74,Média,Não,6,3.17,2,6,Atrasado
OP-03465,5,Engrenagem,CNC-01,Noite,1459,35.0,71.2,Baixa,Sim,3,4.19,0,41,Adiantado
OP-03466,9,Eixo,CNC-02,Noite,3285,48.0,99.58,Alta,Não,2,5.47,3,31,Atrasado
OP-03467,7,Suporte,Fresadora-01,Manhã,564,143.0,6.86,Média,Sim,1,7.65,2,43,Adiantado
OP-03468,4,Eixo,CNC-02,Manhã,2502,155.0,31.83,Média,Sim,1,7.67,4,40,No_Prazo
OP-03469,7,Carcaça,CNC-01,Manhã,2102,158.0,60.32,Alta,Sim,2,4.36,0,45,Adiantado
OP-03470,11,Carcaça,Mandrilhadora-A,Manhã,1981,31.0,71.92,Alta,Sim,5,4.77,5,11,No_Prazo
OP-03471,3,Eixo,Torno-03,Tarde,3090,78.0,50.04,Média,Sim,5,5.74,4,34,No_Prazo
OP-03472,9,Suporte,CNC-02,Manhã,4722,122.0,53.46,Alta,Sim,6,6.76,3,29,No_Prazo
OP-03473,9,Suporte,Torno-03,Manhã,4739,167.0,185.67,Média,Não,2,6.09,5,12,Atrasado
OP-03474,11,Suporte,Fresadora-01,Manhã,3519,54.0,55.76,Alta,Sim,2,5.9,1,11,Atrasado
OP-03475,4,Engrenagem,CNC-01,Tarde,1688,114.0,46.47,Baixa,Sim,5,3.85,2,19,No_Prazo
OP-03476,3,Engrenagem,Torno-03,Tarde,4831,39.0,190.17,Média,Sim,4,7.02,1,38,No_Prazo
OP-03477,7,Eixo,CNC-02,Tarde,4991,138.0,74.92,Média,Sim,1,5.47,1,23,Atrasado
OP-03478,7,Engrenagem,CNC-01,Tarde,4238,36.0,117.44,Baixa,Não,5,1.69,5,13,Atrasado
OP-03479,5,Eixo,CNC-01,Noite,4372,180.0,63.21,Média,Sim,1,4.99,5,28,Atrasado
OP-03480,10,Suporte,Torno-03,Tarde,4094,30.0,97.85,Alta,Sim,1,2.83,1,30,No_Prazo
OP-03481,10,Flange,Torno-03,Noite,3812,128.0,177.25,Média,Não,6,2.02,1,29,Atrasado
OP-03482,3,Eixo,Torno-03,Tarde,3641,143.0,136.34,Urgente,Não,6,5.37,0,28,Atrasado
OP-03483,10,Engrenagem,Fresadora-01,Manhã,3210,58.0,35.07,Média,Sim,5,5.32,0,19,No_Prazo
OP-03484,3,Eixo,Torno-03,Noite,3248,57.0,49.95,Urgente,Sim,2,7.66,5,19,No_Prazo
OP-03485,5,Flange,Torno-03,Tarde,1979,113.0,43.05,Baixa,Sim,1,7.82,1,19,Atrasado
OP-03486,1,Suporte,Mandrilhadora-A,Tarde,4439,119.0,203.4,Média,Sim,3,3.57,0,41,Adiantado
OP-03487,5,Eixo,Fresadora-01,Manhã,3191,134.0,127.27,Baixa,Sim,4,1.84,5,21,No_Prazo
OP-03488,12,Eixo,Mandrilhadora-A,Tarde,3086,111.0,107.08,Média,Sim,1,1.55,4,41,No_Prazo
OP-03489,6,Flange,CNC-02,Noite,3722,44.0,59.94,Baixa,Não,4,7.81,4,16,Atrasado
OP-03490,9,Engrenagem,Fresadora-01,Manhã,422,167.0,19.9,Alta,Sim,1,3.47,0,17,Adiantado
OP-03491,2,Eixo,Fresadora-01,Manhã,4598,42.0,194.61,Média,Sim,3,3.07,0,18,No_Prazo
OP-03492,8,Engrenagem,Torno-03,Manhã,2933,108.0,57.42,Baixa,Sim,1,5.16,3,17,Atrasado
OP-03493,5,Flange,CNC-01,Tarde,4724,167.0,123.64,Média,Sim,1,0.93,3,16,Atrasado
OP-03494,9,Flange,Torno-03,Noite,559,166.0,15.17,Alta,Sim,2,5.35,1,31,Adiantado
OP-03495,12,Flange,Mandrilhadora-A,Tarde,1206,43.0,40.4,Média,Sim,4,7.07,2,44,Adiantado
OP-03496,7,Suporte,Fresadora-01,Noite,4749,54.0,118.69,Baixa,Sim,6,5.93,5,15,Atrasado
OP-03497,2,Eixo,CNC-01,Tarde,3479,114.0,64.02,Baixa,Sim,1,3.63,5,16,Atrasado
OP-03498,6,Carcaça,CNC-02,Manhã,3251,71.0,119.25,Alta,Sim,4,1.37,0,16,No_Prazo
OP-03499,2,Carcaça,Torno-03,Manhã,2051,136.0,76.1,Alta,Sim,5,2.31,0,13,Adiantado
OP-03500,6,Engrenagem,Mandrilhadora-A,Manhã,2800,101.0,77.55,Média,Sim,2,2.49,1,3,No_Prazo
OP-03501,1,Carcaça,Torno-03,Tarde,2754,59.0,81.15,Média,Sim,5,3.39,4,3,No_Prazo
OP-03502,8,Engrenagem,Mandrilhadora-A,Manhã,1029,83.0,12.38,Média,Sim,3,1.5,4,7,No_Prazo
OP-03503,4,Eixo,Fresadora-01,Manhã,2854,129.0,80.61,Média,Sim,1,4.82,3,9,Atrasado
OP-03504,3,Flange,CNC-02,Noite,2603,145.0,109.37,Alta,Sim,2,3.25,3,31,No_Prazo
OP-03505,1,Engrenagem,CNC-01,Tarde,1599,76.0,53.82,Alta,Não,3,4.22,2,8,Atrasado
OP-03506,11,Eixo,Mandrilhadora-A,Manhã,1745,32.0,81.71,Média,Sim,4,2.64,2,16,Adiantado
OP-03507,11,Engrenagem,Torno-03,Tarde,3850,73.0,148.84,Alta,Sim,1,3.9,0,22,No_Prazo
OP-03508,10,Flange,Mandrilhadora-A,Tarde,3393,119.0,139.47,Média,Sim,4,5.84,2,6,Atrasado
OP-03509,1,Carcaça,Mandrilhadora-A,Noite,2376,140.0,67.33,Alta,Sim,5,1.16,5,23,No_Prazo
OP-03510,5,Carcaça,Torno-03,Tarde,3041,160.0,51.51,Alta,Sim,3,4.33,3,42,Adiantado
OP-03511,12,Eixo,CNC-01,Manhã,1244,174.0,57.83,Alta,Não,2,5.14,3,3,Atrasado
OP-03512,7,Flange,Mandrilhadora-A,Manhã,2521,102.0,91.68,Baixa,Sim,5,5.51,5,15,No_Prazo
OP-03513,2,Flange,Torno-03,Manhã,2830,160.0,131.25,Média,Não,4,7.42,0,6,Atrasado
OP-03514,2,Flange,CNC-01,Tarde,1301,58.0,45.15,Média,Sim,3,6.36,4,11,No_Prazo
OP-03515,4,Suporte,Torno-03,Tarde,888,107.0,25.02,Média,Sim,5,6.04,1,39,Adiantado
OP-03516,12,Carcaça,CNC-01,Tarde,2652,104.0,40.81,Média,Sim,5,7.01,2,25,No_Prazo
OP-03517,3,Flange,CNC-02,Tarde,4706,142.0,121.92,Alta,Sim,1,7.36,0,17,Atrasado
OP-03518,11,Engrenagem,CNC-02,Manhã,2335,143.0,79.16,Média,Sim,4,6.8,1,38,No_Prazo
OP-03519,9,Carcaça,Torno-03,Manhã,4512,62.0,213.1,Média,Sim,4,5.1,3,42,No_Prazo
OP-03520,12,Carcaça,Torno-03,Manhã,4263,161.0,184.04,Alta,Sim,2,6.82,3,40,Atrasado
OP-03521,10,Eixo,Mandrilhadora-A,Tarde,3736,162.0,114.04,Média,Sim,2,2.95,2,24,No_Prazo
OP-03522,4,Flange,CNC-02,Tarde,4476,171.0,124.97,Média,Sim,1,7.64,5,16,Atrasado
OP-03523,10,Carcaça,Fresadora-01,Noite,2085,91.0,23.62,Média,Sim,2,1.8,1,24,No_Prazo
OP-03524,3,Flange,Mandrilhadora-A,Manhã,3808,178.0,91.57,Alta,Sim,2,2.22,1,34,No_Prazo
OP-03525,4,Flange,Fresadora-01,Tarde,766,145.0,37.73,Baixa,Sim,5,1.69,3,21,Adiantado
OP-03526,3,Carcaça,CNC-02,Manhã,1632,123.0,64.69,Média,Sim,6,6.33,2,25,Adiantado
OP-03527,2,Carcaça,Fresadora-01,Tarde,2854,86.0,88.45,Média,Sim,3,3.76,1,36,No_Prazo
OP-03528,2,Flange,CNC-02,Manhã,238,154.0,10.59,Média,Sim,5,6.04,0,28,Adiantado
OP-03529,3,Engrenagem,Torno-03,Tarde,3837,141.0,41.91,Urgente,Sim,4,4.33,3,35,No_Prazo
OP-03530,2,Flange,Fresadora-01,Manhã,4630,112.0,223.65,Alta,Sim,6,3.52,3,21,Adiantado
OP-03531,5,Suporte,CNC-02,Manhã,571,180.0,21.69,Baixa,Sim,3,7.22,3,37,Adiantado
OP-03532,1,Eixo,CNC-01,Tarde,4960,56.0,52.24,Média,Sim,5,3.74,4,10,Atrasado
OP-03533,1,Flange,Mandrilhadora-A,Manhã,486,121.0,18.58,Baixa,Não,6,5.14,3,32,Atrasado
OP-03534,12,Suporte,Fresadora-01,Tarde,678,68.0,9.03,Alta,Não,6,6.94,3,38,No_Prazo
OP-03535,2,Engrenagem,CNC-01,Manhã,3823,91.0,136.04,Média,Não,3,2.09,1,20,Atrasado
OP-03536,1,Flange,CNC-02,Noite,3443,71.0,75.87,Média,Sim,3,3.52,4,26,No_Prazo
OP-03537,1,Suporte,CNC-02,Manhã,4683,70.0,86.56,Média,Sim,1,1.59,5,29,Atrasado
OP-03538,2,Eixo,Mandrilhadora-A,Tarde,2154,77.0,75.66,Média,Sim,4,4.57,4,20,No_Prazo
OP-03539,7,Flange,Mandrilhadora-A,Noite,2884,24.0,78.91,Urgente,Sim,4,6.42,0,23,No_Prazo
OP-03540,10,Suporte,Fresadora-01,Tarde,785,22.0,9.88,Baixa,Sim,3,0.91,5,32,Adiantado
OP-03541,9,Engrenagem,Torno-03,Manhã,3474,135.0,149.01,Urgente,Sim,2,0.95,3,35,Adiantado
OP-03542,7,Suporte,CNC-01,Tarde,4990,66.0,103.02,Média,Sim,6,6.06,2,21,Atrasado
OP-03543,2,Eixo,CNC-02,Manhã,3004,19.0,104.32,Baixa,Não,6,5.82,1,41,Atrasado
OP-03544,10,Eixo,CNC-01,Tarde,4669,28.0,160.49,Alta,Não,6,3.52,0,39,Atrasado
OP-03545,1,Suporte,Fresadora-01,Tarde,1998,47.0,24.47,Média,Sim,3,3.21,5,34,Adiantado
OP-03546,8,Engrenagem,CNC-01,Noite,4913,23.0,245.12,Alta,Sim,5,2.62,3,8,No_Prazo
OP-03547,5,Engrenagem,Fresadora-01,Noite,2706,171.0,75.51,Média,Não,5,0.96,5,19,Atrasado
OP-03548,11,Flange,Mandrilhadora-A,Manhã,762,109.0,13.88,Média,Sim,5,4.35,4,4,No_Prazo
OP-03549,4,Carcaça,CNC-02,Manhã,1844,80.0,50.65,Média,Sim,3,5.12,4,42,Adiantado
OP-03550,8,Engrenagem,Fresadora-01,Manhã,2485,103.0,84.79,Urgente,Sim,6,6.99,2,27,Adiantado
OP-03551,6,Suporte,Mandrilhadora-A,Tarde,381,34.0,3.86,Alta,Sim,4,4.56,2,17,Adiantado
OP-03552,7,Engrenagem,Torno-03,Manhã,4484,131.0,98.67,Alta,Sim,1,1.64,2,14,Atrasado
OP-03553,12,Flange,Torno-03,Tarde,1233,175.0,38.78,Alta,Sim,1,2.81,0,32,Adiantado
OP-03554,9,Flange,CNC-02,Tarde,3392,37.0,128.15,Baixa,Não,3,6.39,4,8,Atrasado
OP-03555,5,Flange,Torno-03,Noite,4603,40.0,103.72,Alta,Sim,6,5.14,5,18,No_Prazo
OP-03556,6,Engrenagem,Mandrilhadora-A,Tarde,2201,119.0,57.57,Média,Sim,5,6.28,0,4,No_Prazo
OP-03557,9,Suporte,Fresadora-01,Manhã,3066,40.0,57.79,Alta,Sim,4,3.6,5,35,Adiantado
OP-03558,5,Eixo,CNC-02,Manhã,2607,36.0,56.63,Alta,Sim,4,1.01,3,36,Adiantado
OP-03559,3,Suporte,Torno-03,Tarde,3832,126.0,143.68,Média,Sim,6,7.19,3,34,No_Prazo
OP-03560,6,Suporte,Fresadora-01,Manhã,241,117.0,5.66,Alta,Sim,4,3.12,4,44,Adiantado
OP-03561,1,Flange,CNC-01,Manhã,1830,51.0,38.77,Alta,Sim,3,1.13,0,23,Adiantado
OP-03562,3,Eixo,Fresadora-01,Manhã,3077,151.0,67.52,Baixa,Sim,3,4.9,5,29,No_Prazo
OP-03563,6,Suporte,CNC-02,Tarde,502,32.0,17.32,Alta,Sim,4,6.08,5,40,Adiantado
OP-03564,10,Carcaça,CNC-02,Noite,4305,70.0,139.62,Média,Sim,2,4.09,4,36,No_Prazo
OP-03565,10,Carcaça,Torno-03,Manhã,3178,137.0,83.51,Alta,Sim,6,5.1,1,22,No_Prazo
OP-03566,4,Carcaça,Torno-03,Manhã,63,116.0,2.22,Alta,Sim,6,3.63,0,39,Adiantado
OP-03567,6,Eixo,Mandrilhadora-A,Tarde,110,114.0,3.93,Baixa,Sim,3,6.6,1,36,Adiantado
OP-03568,2,Flange,CNC-02,Manhã,841,128.0,8.85,Baixa,Sim,5,6.38,2,37,Adiantado
OP-03569,10,Eixo,CNC-02,Noite,3336,122.0,78.6,Baixa,Sim,5,5.9,5,23,Atrasado
OP-03570,3,Carcaça,CNC-02,Tarde,2614,159.0,51.68,Alta,Sim,4,0.65,2,17,No_Prazo
OP-03571,10,Carcaça,Mandrilhadora-A,Tarde,2437,109.0,105.19,Alta,Sim,1,4.37,4,36,Adiantado
OP-03572,11,Carcaça,Mandrilhadora-A,Noite,2826,81.0,59.4,Alta,Sim,1,6.39,2,3,Atrasado
OP-03573,9,Engrenagem,Torno-03,Tarde,2498,141.0,56.68,Alta,Sim,5,2.34,0,40,Adiantado
OP-03574,4,Eixo,Fresadora-01,Manhã,1749,58.0,55.11,Média,Sim,1,2.44,4,30,No_Prazo
OP-03575,12,Suporte,Mandrilhadora-A,Tarde,86,140.0,2.74,Média,Sim,5,7.28,2,38,Adiantado
OP-03576,9,Suporte,Mandrilhadora-A,Tarde,188,61.0,7.98,Urgente,Sim,3,6.81,3,43,Adiantado
OP-03577,8,Eixo,Fresadora-01,Tarde,3460,94.0,88.29,Baixa,Sim,5,7.91,2,34,No_Prazo
OP-03578,11,Engrenagem,Torno-03,Noite,3730,137.0,79.25,Média,Sim,1,4.23,4,41,No_Prazo
OP-03579,11,Engrenagem,Mandrilhadora-A,Manhã,1237,119.0,42.47,Média,Sim,3,1.43,4,30,Adiantado
OP-03580,1,Suporte,CNC-02,Tarde,1252,29.0,48.99,Baixa,Sim,1,0.56,4,3,Atrasado
OP-03581,11,Flange,CNC-02,Manhã,2068,89.0,102.79,Alta,Sim,3,5.8,5,19,No_Prazo
OP-03582,10,Flange,Fresadora-01,Manhã,3240,149.0,112.53,Média,Não,1,6.63,4,41,Atrasado
OP-03583,3,Carcaça,CNC-01,Tarde,2987,179.0,88.5,Média,Sim,2,3.71,3,12,Atrasado
OP-03584,4,Engrenagem,Torno-03,Noite,2817,92.0,43.16,Baixa,Sim,2,3.69,4,3,Atrasado
OP-03585,10,Suporte,Mandrilhadora-A,Tarde,231,29.0,11.43,Média,Sim,4,6.8,4,21,No_Prazo
OP-03586,3,Eixo,CNC-01,Manhã,2182,75.0,81.61,Média,Sim,1,1.9,1,25,No_Prazo
OP-03587,6,Carcaça,Mandrilhadora-A,Manhã,3775,96.0,62.67,Alta,Sim,2,0.98,1,24,No_Prazo
OP-03588,9,Carcaça,Torno-03,Tarde,2971,27.0,84.34,Média,Sim,5,7.74,0,39,Adiantado
OP-03589,8,Flange,Mandrilhadora-A,Tarde,4044,158.0,131.07,Alta,Sim,3,4.57,4,10,Atrasado
OP-03590,11,Eixo,Fresadora-01,Noite,3490,104.0,65.18,Média,Sim,4,6.29,0,20,Atrasado
OP-03591,2,Eixo,CNC-01,Tarde,4503,84.0,176.96,Baixa,Sim,6,7.66,0,28,No_Prazo
OP-03592,4,Engrenagem,Fresadora-01,Noite,2882,81.0,103.79,Alta,Sim,4,6.58,4,32,No_Prazo
OP-03593,12,Carcaça,CNC-01,Noite,2867,20.0,55.48,Baixa,Sim,6,4.01,0,39,Adiantado
OP-03594,7,Engrenagem,CNC-02,Manhã,2809,101.0,139.3,Média,Não,6,5.36,5,12,Atrasado
OP-03595,3,Flange,Mandrilhadora-A,Tarde,1359,93.0,65.16,Média,Sim,4,5.24,1,41,Adiantado
OP-03596,4,Flange,Mandrilhadora-A,Tarde,2208,72.0,45.53,Alta,Sim,3,7.44,5,44,Adiantado
OP-03597,5,Suporte,CNC-01,Noite,885,124.0,24.49,Alta,Não,2,1.56,3,45,No_Prazo
OP-03598,7,Carcaça,CNC-02,Tarde,2178,83.0,99.73,Média,Não,6,5.72,0,4,Atrasado
OP-03599,4,Flange,CNC-01,Tarde,791,109.0,20.77,Alta,Sim,5,6.97,4,18,Adiantado
OP-03600,8,Suporte,CNC-02,Manhã,2480,161.0,119.52,Média,Sim,2,3.19,5,30,No_Prazo
OP-03601,6,Flange,Mandrilhadora-A,Tarde,4773,75.0,85.99,Alta,Sim,4,5.81,5,15,Atrasado
OP-03602,8,Flange,CNC-01,Noite,2287,81.0,89.1,Urgente,Sim,2,2.37,5,4,No_Prazo
OP-03603,2,Engrenagem,Fresadora-01,Noite,3706,158.0,125.93,Média,Não,6,1.16,1,14,Atrasado
OP-03604,8,Eixo,Mandrilhadora-A,Manhã,2223,74.0,53.01,Média,Sim,2,0.69,1,4,No_Prazo
OP-03605,12,Flange,Mandrilhadora-A,Manhã,4534,87.0,175.52,Alta,Sim,1,4.47,1,34,No_Prazo
OP-03606,2,Engrenagem,CNC-02,Noite,1091,147.0,11.97,Média,Não,6,0.89,3,14,Atrasado
OP-03607,4,Eixo,Fresadora-01,Tarde,4179,113.0,80.38,Alta,Sim,4,4.94,4,31,No_Prazo
OP-03608,9,Flange,Torno-03,Noite,3637,169.0,74.38,Média,Não,6,3.32,5,3,Atrasado
OP-03609,8,Flange,CNC-01,Manhã,4449,93.0,65.4,Urgente,Sim,6,0.55,2,37,Adiantado
OP-03610,9,Carcaça,CNC-02,Noite,708,94.0,8.04,Baixa,Sim,3,2.2,2,11,No_Prazo
OP-03611,7,Carcaça,Fresadora-01,Tarde,4479,22.0,108.02,Alta,Não,3,6.04,5,13,Atrasado
OP-03612,9,Suporte,Fresadora-01,Manhã,4548,48.0,85.19,Média,Sim,6,3.34,5,9,Atrasado
OP-03613,8,Engrenagem,Torno-03,Manhã,1514,104.0,23.19,Alta,Sim,3,5.94,2,6,No_Prazo
OP-03614,1,Flange,Fresadora-01,Tarde,3142,46.0,51.19,Urgente,Sim,2,6.61,3,42,Adiantado
OP-03615,10,Suporte,Fresadora-01,Manhã,2953,90.0,127.13,Alta,Sim,4,6.48,1,43,Adiantado
OP-03616,6,Flange,CNC-02,Noite,292,62.0,4.03,Alta,Sim,4,5.53,2,4,No_Prazo
OP-03617,1,Flange,CNC-02,Tarde,2650,18.0,103.33,Baixa,Sim,5,6.1,4,14,No_Prazo
OP-03618,5,Flange,Mandrilhadora-A,Tarde,3312,93.0,40.27,Baixa,Não,1,4.77,0,29,Atrasado
OP-03619,6,Flange,Mandrilhadora-A,Manhã,1065,122.0,12.38,Média,Sim,3,3.99,1,27,Adiantado
OP-03620,2,Flange,CNC-01,Noite,1839,71.0,50.92,Média,Sim,4,0.96,0,31,Adiantado
OP-03621,12,Engrenagem,Fresadora-01,Tarde,2947,143.0,74.48,Baixa,Sim,6,7.81,1,41,No_Prazo
OP-03622,3,Flange,CNC-01,Noite,4652,39.0,148.07,Alta,Não,2,6.8,4,38,Atrasado
OP-03623,4,Eixo,Mandrilhadora-A,Noite,349,30.0,13.3,Alta,Sim,4,5.54,5,16,Adiantado
OP-03624,6,Suporte,Torno-03,Tarde,4683,169.0,104.86,Baixa,Não,4,5.33,1,18,Atrasado
OP-03625,10,Carcaça,Fresadora-01,Noite,4090,167.0,72.71,Baixa,Não,6,4.83,5,17,Atrasado
OP-03626,9,Flange,Fresadora-01,Tarde,4237,82.0,181.7,Média,Sim,3,1.21,2,10,No_Prazo
OP-03627,10,Eixo,Fresadora-01,Tarde,285,84.0,4.73,Alta,Sim,2,2.9,1,27,Adiantado
OP-03628,3,Carcaça,CNC-02,Manhã,2860,155.0,119.94,Alta,Sim,4,3.05,5,8,No_Prazo
OP-03629,11,Suporte,Mandrilhadora-A,Manhã,1874,103.0,62.75,Média,Sim,6,6.45,3,7,No_Prazo
OP-03630,10,Flange,Torno-03,Tarde,4599,34.0,99.22,Baixa,Sim,1,5.04,1,9,Atrasado
OP-03631,6,Engrenagem,Torno-03,Manhã,3717,34.0,83.89,Alta,Sim,5,3.49,1,35,Adiantado
OP-03632,7,Engrenagem,CNC-02,Tarde,3266,37.0,81.08,Baixa,Sim,4,2.96,2,25,No_Prazo
OP-03633,1,Eixo,CNC-01,Noite,187,144.0,6.29,Alta,Não,5,6.9,0,16,Atrasado
OP-03634,10,Eixo,Torno-03,Tarde,4381,114.0,215.48,Média,Sim,2,6.39,5,28,Atrasado
OP-03635,12,Suporte,CNC-02,Manhã,2474,64.0,56.24,Urgente,Sim,6,6.6,3,33,Adiantado
OP-03636,6,Flange,Fresadora-01,Tarde,842,42.0,40.14,Alta,Sim,1,3.47,5,36,Adiantado
OP-03637,7,Carcaça,CNC-02,Manhã,4376,35.0,79.67,Baixa,Sim,4,4.09,1,22,No_Prazo
OP-03638,6,Flange,Mandrilhadora-A,Noite,4525,137.0,65.7,Média,Sim,4,4.8,4,37,No_Prazo
OP-03639,1,Carcaça,Fresadora-01,Tarde,2508,161.0,78.46,Baixa,Sim,2,1.94,4,16,No_Prazo
OP-03640,8,Flange,Torno-03,Tarde,3324,103.0,163.07,Média,Sim,1,3.22,2,39,No_Prazo
OP-03641,9,Eixo,Fresadora-01,Tarde,3071,142.0,90.27,Média,Sim,6,4.18,2,11,No_Prazo
OP-03642,12,Suporte,Fresadora-01,Tarde,1551,62.0,65.14,Média,Sim,3,5.53,0,9,No_Prazo
OP-03643,12,Flange,Fresadora-01,Manhã,3754,112.0,108.5,Alta,Sim,6,3.87,4,35,Adiantado
OP-03644,6,Eixo,Torno-03,Manhã,4989,87.0,219.52,Baixa,Sim,2,1.66,4,35,No_Prazo
OP-03645,12,Flange,Mandrilhadora-A,Tarde,4674,29.0,198.69,Média,Sim,4,3.69,3,40,No_Prazo
OP-03646,7,Suporte,CNC-02,Noite,3450,95.0,129.19,Alta,Não,4,4.49,5,6,Atrasado
OP-03647,8,Eixo,Torno-03,Manhã,1833,155.0,63.45,Média,Sim,3,5.38,3,41,Adiantado
OP-03648,8,Suporte,CNC-02,Manhã,4546,24.0,139.68,Média,Não,3,6.9,4,40,Atrasado
OP-03649,12,Carcaça,Torno-03,Manhã,4640,94.0,223.97,Alta,Sim,2,2.24,5,27,Atrasado
OP-03650,9,Flange,Mandrilhadora-A,Tarde,77,159.0,2.49,Alta,Não,1,4.7,2,25,Atrasado
OP-03651,2,Eixo,Fresadora-01,Manhã,1725,145.0,40.51,Média,Sim,5,3.63,3,9,No_Prazo
OP-03652,1,Flange,CNC-02,Noite,2784,96.0,126.08,Urgente,Sim,2,5.65,3,30,No_Prazo
OP-03653,5,Carcaça,Mandrilhadora-A,Manhã,2910,43.0,105.93,Baixa,Sim,4,7.06,5,36,No_Prazo
OP-03654,7,Engrenagem,Fresadora-01,Tarde,3577,155.0,115.63,Baixa,Sim,4,4.08,4,29,No_Prazo
OP-03655,9,Carcaça,Torno-03,Manhã,2592,40.0,96.65,Média,Sim,6,6.83,1,12,No_Prazo
OP-03656,6,Flange,CNC-01,Tarde,117,61.0,2.8,Baixa,Sim,6,0.52,5,26,Adiantado
OP-03657,7,Carcaça,Torno-03,Manhã,870,36.0,23.35,Média,Sim,2,7.34,4,9,No_Prazo
OP-03658,12,Suporte,Mandrilhadora-A,Tarde,3824,91.0,68.16,Baixa,Sim,1,6.41,0,25,Atrasado
OP-03659,5,Suporte,Torno-03,Noite,3482,119.0,153.91,Alta,Não,6,1.5,4,40,Atrasado
OP-03660,6,Carcaça,CNC-01,Manhã,3274,151.0,119.91,Média,Sim,1,5.56,1,42,No_Prazo
OP-03661,7,Engrenagem,CNC-01,Noite,2232,91.0,95.91,Alta,Não,5,4.36,1,33,Atrasado
OP-03662,6,Flange,Mandrilhadora-A,Manhã,1410,175.0,32.0,Média,Sim,5,7.78,2,17,No_Prazo
OP-03663,12,Engrenagem,Torno-03,Tarde,1574,113.0,78.41,Alta,Sim,6,2.78,1,17,Adiantado
OP-03664,12,Eixo,Fresadora-01,Tarde,3460,115.0,84.04,Média,Sim,3,5.07,4,36,No_Prazo
OP-03665,7,Engrenagem,CNC-02,Manhã,2546,44.0,61.48,Baixa,Sim,3,4.42,1,3,Atrasado
OP-03666,6,Suporte,CNC-01,Tarde,697,46.0,33.75,Alta,Sim,2,2.16,5,18,No_Prazo
OP-03667,8,Suporte,Torno-03,Manhã,2027,110.0,73.38,Baixa,Sim,2,6.6,0,26,No_Prazo
OP-03668,3,Suporte,Fresadora-01,Tarde,4128,134.0,195.41,Alta,Sim,2,6.07,1,4,Atrasado
OP-03669,6,Engrenagem,CNC-02,Tarde,3015,49.0,105.3,Alta,Sim,2,4.58,2,37,No_Prazo
OP-03670,3,Eixo,Fresadora-01,Noite,4337,95.0,86.13,Alta,Sim,6,7.58,3,19,No_Prazo
OP-03671,2,Suporte,Torno-03,Manhã,2567,74.0,65.79,Média,Sim,3,7.45,5,38,No_Prazo
OP-03672,2,Carcaça,CNC-02,Noite,2453,87.0,108.81,Alta,Não,4,6.63,3,9,Atrasado
OP-03673,8,Carcaça,CNC-02,Manhã,4749,52.0,140.47,Baixa,Sim,4,1.64,3,4,Atrasado
OP-03674,1,Engrenagem,CNC-02,Tarde,2561,38.0,98.24,Urgente,Sim,1,7.21,0,21,No_Prazo
OP-03675,8,Flange,CNC-02,Manhã,719,68.0,11.98,Baixa,Não,6,2.79,0,44,No_Prazo
OP-03676,6,Engrenagem,Fresadora-01,Manhã,2040,158.0,53.02,Média,Sim,3,4.78,4,6,Atrasado
OP-03677,5,Carcaça,CNC-02,Manhã,3255,148.0,141.85,Urgente,Sim,4,7.81,3,8,No_Prazo
OP-03678,10,Engrenagem,Fresadora-01,Tarde,1759,32.0,83.8,Média,Não,2,2.23,2,36,Atrasado
OP-03679,7,Carcaça,CNC-02,Manhã,2080,29.0,47.78,Alta,Sim,2,2.0,3,7,No_Prazo
OP-03680,9,Engrenagem,CNC-02,Tarde,4370,96.0,73.87,Média,Não,2,6.89,5,28,Atrasado
OP-03681,9,Engrenagem,Mandrilhadora-A,Noite,2203,61.0,24.09,Alta,Não,4,0.6,2,4,Atrasado
OP-03682,1,Carcaça,Mandrilhadora-A,Manhã,1559,151.0,23.53,Baixa,Sim,6,1.81,3,4,No_Prazo
OP-03683,3,Flange,Torno-03,Manhã,583,95.0,25.32,Média,Sim,1,2.95,3,19,No_Prazo
OP-03684,7,Flange,CNC-02,Manhã,2044,156.0,57.7,Baixa,Sim,3,6.04,4,30,No_Prazo
OP-03685,12,Suporte,Fresadora-01,Manhã,3844,33.0,83.28,Baixa,Não,3,4.1,1,28,Atrasado
OP-03686,2,Eixo,CNC-01,Tarde,1534,175.0,62.93,Alta,Sim,5,3.45,0,44,Adiantado
OP-03687,2,Suporte,Torno-03,Tarde,2379,142.0,99.29,Alta,Sim,5,7.39,5,5,Atrasado
OP-03688,12,Flange,Torno-03,Manhã,3300,136.0,80.81,Alta,Sim,6,6.17,2,5,No_Prazo
OP-03689,12,Eixo,Fresadora-01,Manhã,4643,170.0,213.83,Alta,Sim,2,5.25,3,36,Atrasado
OP-03690,3,Eixo,CNC-01,Tarde,4080,93.0,116.38,Alta,Sim,2,3.05,2,18,No_Prazo
OP-03691,5,Engrenagem,CNC-01,Manhã,1466,40.0,29.98,Média,Não,3,6.94,1,12,Atrasado
OP-03692,8,Eixo,CNC-02,Tarde,863,97.0,39.69,Média,Sim,1,2.4,1,41,Adiantado
OP-03693,3,Flange,CNC-01,Noite,3370,150.0,54.32,Alta,Sim,3,7.59,4,16,Atrasado
OP-03694,4,Engrenagem,Torno-03,Manhã,1310,157.0,65.29,Alta,Não,2,2.45,3,4,Atrasado
OP-03695,5,Engrenagem,Mandrilhadora-A,Tarde,1992,96.0,68.78,Média,Sim,2,6.65,3,3,Atrasado
OP-03696,8,Suporte,CNC-02,Noite,565,136.0,26.34,Média,Sim,5,7.36,4,42,Adiantado
OP-03697,4,Flange,Torno-03,Tarde,3883,56.0,66.61,Baixa,Sim,1,2.2,1,9,Atrasado
OP-03698,5,Engrenagem,CNC-02,Noite,842,53.0,21.53,Alta,Não,3,2.22,2,45,No_Prazo
OP-03699,4,Suporte,CNC-01,Noite,1934,112.0,86.89,Média,Não,5,1.09,3,11,Atrasado
OP-03700,10,Suporte,Fresadora-01,Tarde,2064,85.0,89.75,Alta,Sim,3,3.06,4,19,No_Prazo
OP-03701,2,Engrenagem,CNC-02,Tarde,260,42.0,11.67,Alta,Sim,6,4.25,0,5,Adiantado
OP-03702,3,Eixo,Torno-03,Tarde,3890,141.0,82.54,Urgente,Sim,1,1.14,1,22,No_Prazo
OP-03703,3,Eixo,Fresadora-01,Tarde,3111,103.0,107.97,Média,Sim,3,1.6,1,44,Adiantado
OP-03704,11,Suporte,Mandrilhadora-A,Tarde,2731,101.0,69.87,Alta,Sim,1,3.67,1,45,Adiantado
OP-03705,12,Engrenagem,CNC-01,Manhã,930,46.0,21.23,Alta,Sim,1,1.85,5,19,No_Prazo
OP-03706,7,Carcaça,Torno-03,Noite,313,55.0,9.64,Baixa,Sim,3,6.3,1,5,No_Prazo
OP-03707,2,Eixo,Mandrilhadora-A,Manhã,325,129.0,12.55,Média,Sim,2,2.92,4,32,Adiantado
OP-03708,10,Engrenagem,Torno-03,Manhã,3144,156.0,96.65,Média,Sim,1,0.85,4,16,Atrasado
OP-03709,6,Carcaça,CNC-01,Manhã,3751,44.0,72.09,Baixa,Sim,6,1.66,4,40,Adiantado
OP-03710,11,Engrenagem,CNC-02,Manhã,3986,149.0,168.61,Média,Não,5,2.8,0,5,Atrasado
OP-03711,5,Engrenagem,Fresadora-01,Tarde,4011,145.0,196.99,Baixa,Sim,3,1.59,0,7,Atrasado
OP-03712,12,Carcaça,Fresadora-01,Manhã,1997,149.0,48.96,Alta,Sim,6,2.12,0,35,Adiantado
OP-03713,10,Flange,CNC-02,Tarde,56,111.0,2.46,Média,Sim,1,2.05,5,30,Adiantado
OP-03714,3,Flange,CNC-01,Tarde,1262,73.0,56.23,Baixa,Não,6,3.64,0,31,No_Prazo
OP-03715,9,Suporte,CNC-02,Manhã,3945,142.0,80.56,Alta,Sim,6,4.43,4,26,No_Prazo
OP-03716,4,Suporte,CNC-02,Manhã,3831,94.0,146.39,Alta,Não,3,5.17,2,40,Atrasado
OP-03717,5,Suporte,Fresadora-01,Tarde,2562,52.0,121.79,Urgente,Sim,5,7.32,5,31,Adiantado
OP-03718,4,Engrenagem,Mandrilhadora-A,Tarde,168,81.0,6.65,Alta,Sim,2,5.66,2,11,Adiantado
OP-03719,9,Flange,CNC-01,Manhã,3894,91.0,43.62,Alta,Sim,6,1.99,2,37,Adiantado
OP-03720,4,Eixo,Fresadora-01,Manhã,4087,98.0,139.7,Média,Sim,3,3.87,2,26,No_Prazo
OP-03721,8,Carcaça,Fresadora-01,Manhã,1173,163.0,48.25,Média,Sim,2,5.97,4,10,Atrasado
OP-03722,7,Flange,Fresadora-01,Manhã,4031,83.0,139.98,Média,Sim,1,4.66,4,33,No_Prazo
OP-03723,10,Engrenagem,Mandrilhadora-A,Manhã,3216,62.0,35.86,Urgente,Sim,5,1.77,5,32,Adiantado
OP-03724,12,Carcaça,CNC-01,Noite,4445,174.0,65.82,Baixa,Sim,6,6.41,2,15,Atrasado
OP-03725,1,Eixo,Fresadora-01,Manhã,3151,55.0,132.55,Média,Sim,5,1.97,5,10,No_Prazo
OP-03726,12,Eixo,CNC-01,Manhã,492,17.0,14.52,Média,Sim,5,3.08,0,41,Adiantado
OP-03727,2,Carcaça,Mandrilhadora-A,Noite,3252,155.0,157.13,Alta,Sim,5,6.0,3,39,No_Prazo
OP-03728,7,Suporte,Torno-03,Tarde,583,172.0,15.51,Média,Sim,2,7.77,3,11,No_Prazo
OP-03729,5,Carcaça,CNC-01,Tarde,1330,128.0,57.01,Alta,Não,3,7.18,0,32,No_Prazo
OP-03730,8,Suporte,Fresadora-01,Tarde,4370,82.0,49.9,Urgente,Sim,5,7.77,1,8,Atrasado
OP-03731,9,Carcaça,Fresadora-01,Noite,4842,105.0,211.31,Baixa,Não,4,3.48,5,42,Atrasado
OP-03732,11,Engrenagem,Torno-03,Manhã,2402,152.0,106.56,Alta,Sim,2,3.77,0,15,No_Prazo
OP-03733,5,Flange,CNC-02,Manhã,1491,161.0,36.5,Média,Sim,1,1.72,3,10,No_Prazo
OP-03734,12,Eixo,CNC-01,Noite,1992,32.0,44.58,Média,Não,5,4.04,4,37,Atrasado
OP-03735,4,Eixo,Mandrilhadora-A,Noite,1248,158.0,57.9,Média,Sim,6,6.35,5,44,Adiantado
OP-03736,3,Eixo,CNC-01,Noite,2887,117.0,118.68,Alta,Sim,3,1.02,1,33,Adiantado
OP-03737,5,Eixo,Mandrilhadora-A,Manhã,2134,20.0,72.38,Média,Não,5,2.89,3,41,No_Prazo
OP-03738,7,Flange,Torno-03,Noite,339,33.0,9.31,Alta,Sim,6,7.44,4,41,Adiantado
OP-03739,9,Carcaça,Fresadora-01,Manhã,3069,23.0,142.66,Alta,Sim,5,1.87,5,15,No_Prazo
OP-03740,10,Suporte,Fresadora-01,Tarde,3236,172.0,129.08,Média,Sim,6,2.73,3,29,Adiantado
OP-03741,3,Eixo,Mandrilhadora-A,Noite,3351,85.0,89.38,Baixa,Não,6,7.51,1,32,Atrasado
OP-03742,4,Flange,CNC-01,Manhã,4728,133.0,141.22,Baixa,Sim,2,3.09,5,42,No_Prazo
OP-03743,12,Flange,Mandrilhadora-A,Manhã,3535,15.0,49.27,Média,Sim,6,6.73,5,26,No_Prazo
OP-03744,6,Eixo,CNC-01,Tarde,3394,146.0,144.01,Urgente,Sim,4,2.65,2,26,Adiantado
OP-03745,3,Flange,Mandrilhadora-A,Noite,1097,95.0,47.9,Média,Sim,3,2.43,2,38,Adiantado
OP-03746,12,Suporte,CNC-02,Manhã,2349,167.0,56.91,Alta,Sim,2,1.9,3,42,Adiantado
OP-03747,6,Eixo,Mandrilhadora-A,Noite,2200,101.0,49.25,Urgente,Sim,5,0.97,4,5,No_Prazo
OP-03748,12,Flange,CNC-01,Manhã,4806,145.0,96.55,Média,Não,5,3.62,3,40,Atrasado
OP-03749,12,Suporte,Torno-03,Tarde,2398,119.0,40.62,Média,Não,2,5.85,4,19,Atrasado
OP-03750,11,Flange,Torno-03,Manhã,3458,101.0,165.68,Alta,Não,3,4.29,4,23,Atrasado
OP-03751,7,Eixo,Mandrilhadora-A,Noite,2726,171.0,110.03,Alta,Não,6,3.55,1,21,Atrasado
OP-03752,10,Flange,CNC-01,Manhã,331,97.0,9.05,Baixa,Sim,6,2.03,1,3,Adiantado
OP-03753,12,Suporte,CNC-01,Tarde,4681,162.0,67.44,Alta,Sim,3,5.63,5,27,Atrasado
OP-03754,4,Eixo,Fresadora-01,Manhã,3366,21.0,52.43,Urgente,Sim,6,2.4,3,45,Adiantado
OP-03755,1,Flange,CNC-01,Noite,1190,123.0,45.69,Alta,Sim,6,0.74,1,33,Adiantado
OP-03756,4,Suporte,Fresadora-01,Noite,345,165.0,6.25,Alta,Não,2,7.73,3,24,Atrasado
OP-03757,8,Eixo,CNC-01,Manhã,4687,163.0,112.09,Alta,Sim,3,7.57,1,3,Atrasado
OP-03758,7,Eixo,Mandrilhadora-A,Manhã,1570,95.0,75.8,Alta,Sim,1,2.11,0,34,No_Prazo
OP-03759,1,Carcaça,Torno-03,Manhã,134,93.0,4.46,Média,Sim,1,2.29,2,31,No_Prazo
OP-03760,7,Eixo,Mandrilhadora-A,Tarde,3097,149.0,131.11,Urgente,Sim,4,4.85,0,22,No_Prazo
OP-03761,3,Flange,CNC-01,Noite,131,70.0,1.85,Baixa,Não,1,3.71,5,18,Atrasado
OP-03762,7,Engrenagem,CNC-02,Tarde,1117,170.0,25.93,Alta,Sim,2,7.16,5,18,No_Prazo
OP-03763,7,Carcaça,Torno-03,Tarde,4472,56.0,204.93,Média,Sim,2,3.7,1,12,Atrasado
OP-03764,8,Flange,CNC-01,Tarde,239,27.0,10.14,Alta,Não,2,1.52,3,18,No_Prazo
OP-03765,5,Suporte,CNC-01,Tarde,3773,142.0,146.91,Alta,Sim,2,4.6,2,9,No_Prazo
OP-03766,5,Suporte,CNC-02,Manhã,3108,82.0,104.11,Alta,Sim,4,1.35,3,18,Adiantado
OP-03767,9,Eixo,Fresadora-01,Manhã,1564,74.0,32.46,Baixa,Sim,5,3.85,3,43,Adiantado
OP-03768,9,Eixo,Fresadora-01,Manhã,1464,68.0,48.93,Alta,Sim,4,4.83,4,27,Adiantado
OP-03769,10,Suporte,CNC-01,Tarde,2400,177.0,28.87,Média,Sim,5,7.59,4,27,No_Prazo
OP-03770,5,Carcaça,CNC-01,Manhã,2688,109.0,48.63,Baixa,Sim,4,2.7,0,37,Adiantado
OP-03771,6,Engrenagem,Fresadora-01,Tarde,4457,179.0,136.97,Média,Sim,5,5.37,5,40,No_Prazo
OP-03772,4,Carcaça,CNC-02,Manhã,1342,72.0,13.53,Urgente,Sim,2,0.5,1,27,Adiantado
OP-03773,7,Carcaça,Fresadora-01,Tarde,2971,83.0,57.31,Urgente,Não,2,7.04,3,18,Atrasado
OP-03774,2,Engrenagem,CNC-02,Manhã,3447,50.0,55.46,Média,Sim,1,2.88,3,25,Atrasado
OP-03775,6,Engrenagem,CNC-02,Tarde,112,86.0,2.67,Alta,Não,4,2.31,3,40,No_Prazo
OP-03776,3,Suporte,CNC-02,Manhã,4483,25.0,198.75,Média,Sim,2,1.27,4,16,Atrasado
OP-03777,7,Carcaça,CNC-02,Manhã,4960,15.0,237.57,Média,Não,4,6.39,0,45,Atrasado
OP-03778,11,Eixo,Fresadora-01,Manhã,478,90.0,7.94,Alta,Não,5,0.92,3,22,Atrasado
OP-03779,12,Suporte,Torno-03,Tarde,1346,138.0,25.9,Alta,Sim,6,5.13,2,34,Adiantado
OP-03780,6,Carcaça,Fresadora-01,Noite,3942,87.0,172.96,Alta,Sim,3,2.87,2,10,No_Prazo
OP-03781,1,Eixo,CNC-01,Manhã,4055,100.0,68.56,Baixa,Sim,6,5.83,0,45,Adiantado
OP-03782,3,Eixo,Torno-03,Tarde,822,89.0,32.59,Média,Sim,3,7.74,3,35,Adiantado
OP-03783,2,Carcaça,Torno-03,Tarde,4591,102.0,61.61,Baixa,Não,5,2.56,1,41,Atrasado
OP-03784,10,Eixo,Mandrilhadora-A,Tarde,1680,143.0,60.37,Alta,Sim,6,5.15,4,36,Adiantado
OP-03785,12,Flange,Torno-03,Tarde,1503,148.0,31.0,Média,Não,4,3.28,2,21,Atrasado
OP-03786,7,Flange,CNC-01,Manhã,1818,153.0,72.69,Média,Sim,6,4.32,2,13,No_Prazo
OP-03787,3,Flange,Fresadora-01,Tarde,3374,50.0,103.83,Média,Sim,4,1.12,3,37,Adiantado
OP-03788,1,Eixo,CNC-01,Noite,1071,91.0,18.37,Baixa,Sim,1,2.03,3,27,No_Prazo
OP-03789,12,Suporte,Mandrilhadora-A,Noite,2737,152.0,71.41,Média,Sim,3,6.46,4,13,Atrasado
OP-03790,4,Suporte,CNC-02,Manhã,422,170.0,12.9,Alta,Sim,5,3.09,0,15,Adiantado
OP-03791,2,Eixo,Fresadora-01,Tarde,777,105.0,38.72,Média,Sim,4,0.51,4,11,Adiantado
OP-03792,3,Flange,Fresadora-01,Manhã,3854,96.0,112.59,Média,Não,2,2.91,1,45,Atrasado
OP-03793,4,Engrenagem,Torno-03,Tarde,1949,141.0,31.28,Urgente,Sim,2,5.52,1,33,Adiantado
OP-03794,8,Eixo,Torno-03,Manhã,3978,179.0,128.13,Baixa,Sim,5,7.79,4,15,Atrasado
OP-03795,11,Carcaça,CNC-01,Manhã,3701,85.0,69.61,Média,Não,5,6.91,0,12,Atrasado
OP-03796,4,Flange,CNC-01,Tarde,4984,42.0,225.19,Alta,Não,2,6.18,2,40,Atrasado
OP-03797,9,Suporte,Fresadora-01,Noite,730,153.0,31.65,Média,Sim,3,7.47,3,34,No_Prazo
OP-03798,1,Carcaça,Mandrilhadora-A,Manhã,4676,132.0,70.82,Urgente,Sim,1,5.45,4,33,No_Prazo
OP-03799,1,Suporte,Mandrilhadora-A,Tarde,4465,39.0,149.73,Baixa,Não,2,4.39,5,5,Atrasado
OP-03800,1,Suporte,CNC-02,Tarde,2201,68.0,83.33,Alta,Sim,6,4.55,4,44,Adiantado
OP-03801,12,Suporte,CNC-02,Noite,719,106.0,14.43,Média,Sim,1,7.58,1,21,No_Prazo
OP-03802,7,Flange,CNC-02,Tarde,710,136.0,24.89,Média,Não,4,0.52,2,33,Atrasado
OP-03803,10,Suporte,Fresadora-01,Manhã,2578,144.0,73.49,Média,Sim,3,4.37,0,10,No_Prazo
OP-03804,1,Eixo,Fresadora-01,Manhã,102,41.0,2.99,Média,Sim,3,6.27,4,29,Adiantado
OP-03805,1,Carcaça,Fresadora-01,Tarde,523,51.0,16.76,Baixa,Sim,6,0.79,0,6,Adiantado
OP-03806,11,Engrenagem,Mandrilhadora-A,Manhã,2681,138.0,87.95,Média,Sim,6,6.67,0,22,Adiantado
OP-03807,2,Carcaça,CNC-02,Noite,2837,34.0,108.92,Média,Sim,1,6.83,5,13,Atrasado
OP-03808,2,Carcaça,Fresadora-01,Noite,4309,97.0,121.07,Média,Sim,2,4.43,0,23,No_Prazo
OP-03809,7,Engrenagem,Torno-03,Noite,4873,105.0,189.59,Baixa,Não,2,6.72,1,40,Atrasado
OP-03810,8,Suporte,Mandrilhadora-A,Manhã,1376,71.0,40.51,Baixa,Não,1,1.57,2,3,Atrasado
OP-03811,3,Carcaça,CNC-02,Tarde,1684,146.0,61.49,Média,Sim,4,7.57,0,22,No_Prazo
OP-03812,6,Flange,CNC-01,Tarde,1034,24.0,21.22,Alta,Sim,3,0.87,3,45,Adiantado
OP-03813,9,Eixo,CNC-02,Manhã,1161,143.0,36.77,Urgente,Não,3,0.78,1,44,No_Prazo
OP-03814,6,Carcaça,Fresadora-01,Manhã,2222,122.0,63.82,Baixa,Sim,5,4.43,1,27,Adiantado
OP-03815,5,Flange,Mandrilhadora-A,Manhã,4965,99.0,109.67,Urgente,Sim,6,6.01,3,31,No_Prazo
OP-03816,1,Engrenagem,Mandrilhadora-A,Manhã,4472,159.0,55.87,Alta,Sim,4,5.75,1,28,No_Prazo
OP-03817,6,Eixo,CNC-01,Noite,4569,48.0,138.93,Urgente,Sim,4,4.63,1,22,No_Prazo
OP-03818,10,Suporte,Torno-03,Noite,2285,147.0,23.74,Média,Sim,3,6.38,5,10,Atrasado
OP-03819,8,Flange,CNC-01,Manhã,3303,46.0,84.53,Média,Sim,3,5.06,3,37,No_Prazo
OP-03820,11,Eixo,CNC-02,Tarde,3627,178.0,90.04,Alta,Sim,4,6.88,5,21,Atrasado
OP-03821,2,Suporte,Mandrilhadora-A,Manhã,1253,20.0,44.29,Média,Sim,2,1.37,2,40,Adiantado
OP-03822,1,Engrenagem,Mandrilhadora-A,Manhã,2339,106.0,115.77,Alta,Sim,4,7.86,5,12,No_Prazo
OP-03823,7,Eixo,CNC-01,Manhã,2773,43.0,122.9,Alta,Sim,3,7.11,5,11,Atrasado
OP-03824,3,Flange,CNC-01,Tarde,1896,82.0,92.91,Média,Sim,3,7.21,0,12,No_Prazo
OP-03825,8,Engrenagem,Fresadora-01,Tarde,2391,39.0,114.86,Média,Não,6,3.23,0,31,No_Prazo
OP-03826,11,Eixo,Torno-03,Noite,2232,47.0,28.94,Média,Sim,1,7.6,4,26,No_Prazo
OP-03827,5,Carcaça,Torno-03,Noite,352,25.0,7.49,Alta,Sim,5,1.56,1,31,Adiantado
OP-03828,7,Carcaça,Mandrilhadora-A,Manhã,3853,16.0,84.3,Alta,Sim,1,1.08,4,13,No_Prazo
OP-03829,9,Carcaça,Mandrilhadora-A,Tarde,4506,134.0,57.86,Alta,Sim,3,3.49,2,18,No_Prazo
OP-03830,2,Eixo,Mandrilhadora-A,Manhã,3784,90.0,165.99,Baixa,Não,5,7.5,1,31,Atrasado
OP-03831,11,Engrenagem,Fresadora-01,Manhã,4671,23.0,213.99,Urgente,Sim,6,7.76,1,24,No_Prazo
OP-03832,3,Carcaça,Mandrilhadora-A,Tarde,2187,170.0,74.79,Média,Sim,5,4.2,1,19,Adiantado
OP-03833,10,Eixo,Fresadora-01,Manhã,326,125.0,14.88,Média,Sim,5,6.14,3,16,Adiantado
OP-03834,8,Suporte,Mandrilhadora-A,Manhã,1374,59.0,53.0,Média,Sim,3,4.54,0,19,Adiantado
OP-03835,2,Engrenagem,Torno-03,Manhã,4277,87.0,118.14,Baixa,Não,3,1.35,1,14,Atrasado
OP-03836,9,Suporte,CNC-01,Manhã,738,96.0,11.8,Média,Não,2,5.4,4,33,Atrasado
OP-03837,3,Flange,Mandrilhadora-A,Noite,2758,109.0,133.32,Baixa,Sim,6,1.6,1,10,No_Prazo
OP-03838,8,Carcaça,Mandrilhadora-A,Manhã,56,156.0,2.11,Baixa,Sim,4,5.42,3,31,No_Prazo
OP-03839,12,Engrenagem,CNC-02,Tarde,1652,112.0,39.92,Baixa,Sim,1,2.3,1,6,No_Prazo
OP-03840,12,Flange,Torno-03,Noite,610,176.0,9.24,Baixa,Sim,1,2.47,0,20,Atrasado
OP-03841,11,Carcaça,Torno-03,Tarde,611,135.0,25.64,Urgente,Sim,1,5.56,2,24,No_Prazo
OP-03842,6,Eixo,Fresadora-01,Tarde,865,178.0,36.4,Média,Sim,4,3.99,1,42,Adiantado
OP-03843,7,Suporte,Fresadora-01,Noite,2714,106.0,86.09,Baixa,Não,6,6.73,4,31,Atrasado
OP-03844,4,Engrenagem,CNC-02,Manhã,3465,127.0,173.24,Média,Não,3,5.6,4,17,Atrasado
OP-03845,12,Suporte,Mandrilhadora-A,Manhã,1476,137.0,37.57,Alta,Sim,2,2.71,5,18,No_Prazo
OP-03846,6,Eixo,Mandrilhadora-A,Tarde,4098,140.0,195.4,Média,Sim,3,6.33,3,33,No_Prazo
OP-03847,10,Flange,Mandrilhadora-A,Tarde,1990,19.0,70.07,Média,Não,5,0.99,0,40,No_Prazo
OP-03848,5,Carcaça,Torno-03,Noite,3697,36.0,145.87,Alta,Sim,1,6.01,5,37,No_Prazo
OP-03849,9,Suporte,CNC-01,Manhã,2672,53.0,124.74,Baixa,Sim,4,3.39,5,41,Adiantado
OP-03850,3,Flange,Mandrilhadora-A,Tarde,3630,60.0,156.98,Média,Sim,6,2.77,0,12,No_Prazo
OP-03851,9,Engrenagem,CNC-01,Tarde,4894,164.0,105.45,Urgente,Sim,6,4.42,2,24,Adiantado
OP-03852,1,Eixo,CNC-01,Noite,4971,134.0,222.15,Média,Sim,2,7.3,5,23,Atrasado
OP-03853,2,Carcaça,CNC-02,Manhã,2956,39.0,93.38,Baixa,Sim,6,2.43,4,21,No_Prazo
OP-03854,5,Eixo,CNC-01,Manhã,4814,85.0,56.77,Média,Sim,1,8.0,1,3,Atrasado
OP-03855,6,Suporte,Fresadora-01,Noite,3521,55.0,130.11,Alta,Sim,3,4.92,3,12,Atrasado
OP-03856,9,Flange,Torno-03,Tarde,1380,152.0,41.38,Baixa,Sim,3,2.39,1,17,No_Prazo
OP-03857,5,Eixo,CNC-02,Manhã,4679,166.0,147.22,Média,Sim,5,5.68,5,20,Atrasado
OP-03858,1,Suporte,CNC-01,Manhã,768,42.0,20.32,Média,Sim,5,6.02,5,14,No_Prazo
OP-03859,4,Eixo,CNC-02,Noite,2367,84.0,29.74,Média,Sim,4,4.49,4,18,No_Prazo
OP-03860,6,Eixo,Fresadora-01,Tarde,808,172.0,13.9,Média,Não,5,1.48,1,36,No_Prazo
OP-03861,7,Flange,Fresadora-01,Tarde,3932,123.0,158.3,Baixa,Sim,6,6.61,2,17,No_Prazo
OP-03862,8,Suporte,CNC-02,Noite,4483,158.0,86.83,Média,Sim,4,6.58,3,12,Atrasado
OP-03863,3,Carcaça,CNC-01,Manhã,4102,74.0,144.02,Baixa,Sim,4,6.24,5,23,Atrasado
OP-03864,8,Suporte,Torno-03,Manhã,556,50.0,17.61,Urgente,Sim,4,6.17,2,4,Adiantado
OP-03865,8,Suporte,Fresadora-01,Tarde,1390,129.0,26.21,Alta,Sim,2,3.36,3,12,No_Prazo
OP-03866,10,Suporte,CNC-01,Noite,1733,38.0,36.78,Baixa,Não,3,4.2,4,4,Atrasado
OP-03867,7,Eixo,Fresadora-01,Manhã,622,154.0,15.76,Baixa,Não,4,5.46,2,5,Atrasado
OP-03868,10,Eixo,CNC-01,Tarde,2675,140.0,120.93,Alta,Sim,1,1.74,1,35,Adiantado
OP-03869,3,Flange,CNC-02,Manhã,218,65.0,10.39,Alta,Sim,3,5.03,2,4,No_Prazo
OP-03870,9,Suporte,Fresadora-01,Manhã,3086,97.0,78.6,Média,Sim,2,1.33,2,9,No_Prazo
OP-03871,1,Suporte,CNC-01,Noite,2894,147.0,34.28,Baixa,Sim,4,6.86,0,10,Atrasado
OP-03872,2,Engrenagem,CNC-02,Manhã,2998,169.0,102.04,Média,Sim,3,1.4,0,30,Adiantado
OP-03873,11,Suporte,CNC-01,Manhã,4568,73.0,121.98,Média,Sim,1,6.29,4,17,Atrasado
OP-03874,6,Eixo,CNC-02,Noite,3942,145.0,117.05,Baixa,Sim,4,2.16,5,11,Atrasado
OP-03875,8,Carcaça,Fresadora-01,Manhã,1335,47.0,36.95,Média,Sim,3,7.46,4,34,Adiantado
OP-03876,8,Suporte,CNC-02,Manhã,2879,164.0,104.17,Alta,Sim,4,5.43,5,12,Atrasado
OP-03877,9,Carcaça,CNC-01,Noite,4022,128.0,89.2,Média,Sim,5,3.73,5,43,No_Prazo
OP-03878,3,Suporte,CNC-02,Manhã,4262,40.0,194.8,Baixa,Sim,6,0.83,4,37,Adiantado
OP-03879,3,Flange,CNC-01,Tarde,3233,137.0,86.81,Baixa,Não,4,5.05,0,40,Atrasado
OP-03880,1,Engrenagem,Fresadora-01,Manhã,468,134.0,11.08,Média,Sim,4,3.34,5,32,Adiantado
OP-03881,11,Eixo,Mandrilhadora-A,Manhã,2201,137.0,103.27,Média,Sim,2,6.49,2,14,No_Prazo
OP-03882,3,Carcaça,CNC-01,Tarde,4301,72.0,104.62,Alta,Sim,5,6.45,3,31,No_Prazo
OP-03883,7,Eixo,Fresadora-01,Manhã,415,137.0,5.53,Média,Sim,3,5.65,5,35,Adiantado
OP-03884,6,Engrenagem,CNC-02,Noite,2970,151.0,48.15,Média,Sim,6,2.51,0,42,Adiantado
OP-03885,2,Eixo,CNC-01,Noite,2726,72.0,105.15,Média,Sim,5,1.8,1,5,No_Prazo
OP-03886,5,Flange,Fresadora-01,Noite,1153,49.0,37.46,Urgente,Sim,2,4.23,0,40,Adiantado
OP-03887,1,Suporte,CNC-02,Manhã,1753,162.0,55.02,Alta,Sim,6,3.89,2,37,Adiantado
OP-03888,3,Carcaça,Torno-03,Manhã,4889,117.0,64.92,Média,Sim,3,5.55,4,39,No_Prazo
OP-03889,2,Carcaça,Torno-03,Noite,2998,91.0,49.66,Alta,Não,4,4.5,2,11,Atrasado
OP-03890,10,Flange,Torno-03,Tarde,4701,160.0,121.51,Baixa,Sim,5,4.21,3,8,Atrasado
OP-03891,7,Flange,CNC-01,Tarde,2383,37.0,66.53,Baixa,Sim,4,4.11,1,31,Adiantado
OP-03892,12,Carcaça,CNC-02,Noite,4236,149.0,106.17,Média,Não,4,4.28,1,10,Atrasado
OP-03893,6,Engrenagem,Fresadora-01,Manhã,3118,96.0,93.88,Alta,Sim,5,7.04,3,10,No_Prazo
OP-03894,3,Flange,Mandrilhadora-A,Manhã,4562,22.0,179.48,Urgente,Não,6,1.78,0,45,No_Prazo
OP-03895,8,Flange,CNC-01,Tarde,1667,175.0,59.06,Alta,Não,1,0.64,2,42,Atrasado
OP-03896,12,Suporte,Torno-03,Tarde,1941,143.0,66.87,Alta,Sim,4,2.16,5,27,Adiantado
OP-03897,7,Carcaça,Mandrilhadora-A,Manhã,250,50.0,8.08,Baixa,Sim,4,2.83,3,30,Adiantado
OP-03898,1,Suporte,CNC-02,Tarde,1177,167.0,21.23,Urgente,Não,6,5.09,0,26,No_Prazo
OP-03899,4,Suporte,Torno-03,Noite,735,169.0,25.13,Baixa,Sim,4,6.82,2,34,No_Prazo
OP-03900,12,Suporte,Mandrilhadora-A,Manhã,955,147.0,15.6,Urgente,Sim,1,5.85,2,24,Adiantado
OP-03901,7,Flange,Mandrilhadora-A,Manhã,1576,36.0,60.7,Baixa,Sim,5,7.99,4,29,No_Prazo
OP-03902,12,Eixo,Fresadora-01,Tarde,4375,46.0,122.9,Baixa,Não,5,0.51,4,34,Atrasado
OP-03903,7,Eixo,Fresadora-01,Noite,1923,139.0,63.96,Média,Sim,6,1.93,5,37,Adiantado
OP-03904,1,Suporte,Fresadora-01,Noite,4141,166.0,184.32,Baixa,Sim,2,1.15,3,28,Atrasado
OP-03905,11,Suporte,CNC-02,Manhã,4082,50.0,101.74,Baixa,Sim,1,5.48,1,34,No_Prazo
OP-03906,10,Eixo,Mandrilhadora-A,Noite,4905,91.0,68.62,Alta,Sim,1,3.7,0,9,Atrasado
OP-03907,9,Carcaça,CNC-01,Noite,2567,41.0,117.2,Alta,Não,3,2.83,0,5,Atrasado
OP-03908,12,Carcaça,CNC-01,Tarde,4248,94.0,104.5,Média,Sim,1,2.84,3,7,Atrasado
OP-03909,3,Suporte,Fresadora-01,Manhã,2126,121.0,55.83,Média,Sim,5,7.2,3,35,Adiantado
OP-03910,11,Eixo,Mandrilhadora-A,Manhã,3180,18.0,69.45,Média,Sim,4,1.07,2,16,No_Prazo
OP-03911,3,Carcaça,Mandrilhadora-A,Tarde,4064,121.0,108.94,Baixa,Sim,2,2.85,4,36,No_Prazo
OP-03912,12,Eixo,Fresadora-01,Manhã,754,121.0,23.25,Média,Sim,2,4.25,1,40,Adiantado
OP-03913,3,Flange,CNC-02,Manhã,334,90.0,14.61,Alta,Sim,3,3.59,4,33,Adiantado
OP-03914,7,Carcaça,CNC-02,Noite,865,163.0,33.57,Alta,Não,1,5.66,3,20,Atrasado
OP-03915,10,Flange,Torno-03,Manhã,3619,37.0,110.49,Média,Sim,3,5.06,1,7,Atrasado
OP-03916,1,Eixo,CNC-02,Noite,2394,23.0,97.09,Alta,Sim,4,6.5,5,40,Adiantado
OP-03917,1,Engrenagem,Torno-03,Tarde,1436,97.0,63.06,Média,Não,3,6.83,5,17,Atrasado
OP-03918,11,Eixo,CNC-01,Noite,3850,103.0,47.45,Alta,Não,3,3.5,4,27,Atrasado
OP-03919,1,Suporte,CNC-02,Manhã,124,59.0,4.18,Alta,Sim,5,7.0,3,34,Adiantado
OP-03920,8,Suporte,Mandrilhadora-A,Tarde,907,174.0,10.64,Média,Sim,3,5.24,0,42,Adiantado
OP-03921,12,Eixo,Fresadora-01,Tarde,2375,57.0,53.02,Baixa,Não,1,6.95,5,25,Atrasado
OP-03922,8,Engrenagem,CNC-01,Noite,4581,60.0,185.52,Alta,Não,4,3.99,1,41,Atrasado
OP-03923,6,Suporte,CNC-02,Manhã,3757,149.0,156.48,Alta,Não,2,0.69,4,34,Atrasado
OP-03924,6,Engrenagem,CNC-02,Manhã,3434,167.0,155.74,Alta,Sim,6,5.43,2,19,No_Prazo
OP-03925,8,Engrenagem,CNC-02,Noite,3568,103.0,106.79,Média,Sim,1,7.75,4,18,Atrasado
OP-03926,7,Flange,Fresadora-01,Manhã,1595,18.0,21.32,Baixa,Sim,5,7.48,0,26,Adiantado
OP-03927,7,Flange,Mandrilhadora-A,Tarde,2266,74.0,34.15,Média,Sim,3,1.64,1,33,Adiantado
OP-03928,2,Eixo,Fresadora-01,Manhã,4434,52.0,87.67,Média,Sim,3,4.17,0,33,No_Prazo
OP-03929,8,Eixo,Torno-03,Manhã,3661,99.0,91.11,Média,Sim,6,7.05,4,34,No_Prazo
OP-03930,9,Eixo,CNC-01,Tarde,3013,128.0,93.59,Baixa,Sim,5,3.62,1,4,No_Prazo
OP-03931,9,Eixo,CNC-01,Tarde,460,80.0,16.49,Alta,Sim,2,4.39,1,21,Adiantado
OP-03932,1,Engrenagem,Mandrilhadora-A,Tarde,3679,104.0,60.7,Média,Sim,6,7.98,0,9,No_Prazo
OP-03933,9,Engrenagem,Fresadora-01,Tarde,1860,140.0,32.66,Alta,Sim,2,4.12,0,4,No_Prazo
OP-03934,9,Eixo,Torno-03,Tarde,1957,56.0,33.11,Baixa,Sim,3,1.93,3,34,No_Prazo
OP-03935,3,Engrenagem,Torno-03,Noite,3385,47.0,136.07,Média,Sim,5,0.79,2,45,Adiantado
OP-03936,11,Eixo,Mandrilhadora-A,Manhã,1998,148.0,44.12,Baixa,Sim,1,3.96,0,42,No_Prazo
OP-03937,7,Flange,Mandrilhadora-A,Manhã,2885,21.0,48.09,Alta,Sim,3,4.36,5,40,Adiantado
OP-03938,6,Engrenagem,CNC-01,Manhã,112,40.0,3.05,Média,Não,1,7.4,1,16,Atrasado
OP-03939,9,Suporte,CNC-02,Noite,965,17.0,19.2,Média,Sim,4,6.44,0,9,Adiantado
OP-03940,7,Suporte,CNC-01,Manhã,2712,107.0,67.18,Urgente,Sim,4,0.97,0,19,Adiantado
OP-03941,7,Flange,CNC-02,Tarde,4790,114.0,205.78,Média,Sim,4,6.63,2,21,Atrasado
OP-03942,4,Suporte,Fresadora-01,Tarde,3815,103.0,89.1,Média,Sim,6,1.02,3,40,Adiantado
OP-03943,12,Carcaça,CNC-02,Tarde,2116,83.0,35.96,Alta,Sim,5,0.61,0,16,Adiantado
OP-03944,12,Engrenagem,CNC-01,Noite,4845,102.0,93.5,Média,Sim,1,4.6,2,14,Atrasado
OP-03945,2,Engrenagem,Torno-03,Tarde,1413,47.0,16.07,Alta,Sim,2,4.47,2,45,Adiantado
OP-03946,9,Eixo,Torno-03,Tarde,4466,151.0,205.64,Urgente,Sim,3,2.87,0,42,Adiantado
OP-03947,1,Suporte,Fresadora-01,Manhã,2046,177.0,77.5,Alta,Sim,3,3.95,3,33,No_Prazo
OP-03948,5,Carcaça,CNC-01,Tarde,480,104.0,13.7,Baixa,Sim,2,7.4,2,9,No_Prazo
OP-03949,12,Carcaça,CNC-02,Manhã,62,77.0,2.01,Média,Sim,4,5.57,4,27,Adiantado
OP-03950,3,Flange,Fresadora-01,Noite,4903,146.0,98.86,Alta,Sim,4,3.07,0,13,Atrasado
OP-03951,5,Flange,Fresadora-01,Manhã,3228,47.0,84.4,Baixa,Sim,3,7.5,0,9,Atrasado
OP-03952,3,Flange,Mandrilhadora-A,Manhã,789,68.0,17.98,Média,Não,6,1.72,4,4,Atrasado
OP-03953,9,Engrenagem,Mandrilhadora-A,Manhã,4960,170.0,213.19,Urgente,Sim,3,1.81,1,16,No_Prazo
OP-03954,6,Flange,Mandrilhadora-A,Tarde,253,46.0,10.05,Alta,Sim,5,2.25,2,7,Adiantado
OP-03955,8,Flange,Torno-03,Noite,1706,33.0,36.43,Baixa,Não,5,2.24,2,6,Atrasado
OP-03956,12,Eixo,Mandrilhadora-A,Manhã,3757,105.0,152.12,Alta,Sim,6,1.03,3,13,No_Prazo
OP-03957,7,Suporte,Torno-03,Manhã,313,112.0,4.31,Média,Sim,4,2.82,4,23,Adiantado
OP-03958,9,Carcaça,Mandrilhadora-A,Tarde,4534,114.0,82.08,Urgente,Sim,3,4.61,4,31,No_Prazo
OP-03959,2,Eixo,CNC-02,Noite,3406,42.0,48.55,Média,Sim,1,2.17,5,40,No_Prazo
OP-03960,3,Carcaça,Torno-03,Noite,4751,134.0,92.79,Média,Sim,4,1.3,3,11,Atrasado
OP-03961,12,Engrenagem,Fresadora-01,Manhã,4194,55.0,79.89,Baixa,Sim,4,5.38,1,36,No_Prazo
OP-03962,11,Carcaça,CNC-02,Tarde,4133,171.0,190.21,Média,Sim,6,3.65,3,43,No_Prazo
OP-03963,8,Suporte,CNC-01,Noite,1176,53.0,27.16,Média,Sim,4,5.4,1,36,Adiantado
OP-03964,5,Eixo,Mandrilhadora-A,Noite,1064,18.0,25.76,Alta,Sim,5,2.36,2,17,Adiantado
OP-03965,3,Suporte,Torno-03,Tarde,1248,109.0,17.46,Média,Sim,6,6.17,0,16,No_Prazo
OP-03966,11,Eixo,Mandrilhadora-A,Tarde,812,48.0,10.26,Alta,Sim,6,7.8,2,25,Adiantado
OP-03967,10,Suporte,CNC-02,Tarde,3338,119.0,62.67,Baixa,Sim,2,2.46,3,38,No_Prazo
OP-03968,3,Engrenagem,Mandrilhadora-A,Manhã,341,53.0,5.25,Média,Sim,2,5.3,1,31,Adiantado
OP-03969,8,Eixo,Fresadora-01,Manhã,2170,86.0,51.61,Média,Não,5,6.24,0,22,Atrasado
OP-03970,8,Eixo,Fresadora-01,Manhã,2930,45.0,51.1,Alta,Sim,1,4.57,0,8,No_Prazo
OP-03971,6,Engrenagem,Fresadora-01,Manhã,2717,86.0,46.53,Média,Não,5,2.68,0,31,Atrasado
OP-03972,12,Eixo,CNC-02,Manhã,2461,38.0,88.35,Média,Não,1,2.11,2,32,Atrasado
OP-03973,2,Suporte,Mandrilhadora-A,Noite,1154,71.0,55.03,Baixa,Sim,3,5.35,5,24,No_Prazo
OP-03974,4,Suporte,Mandrilhadora-A,Noite,590,48.0,6.19,Alta,Sim,6,4.1,2,8,Adiantado
OP-03975,2,Flange,Fresadora-01,Manhã,4941,150.0,188.86,Urgente,Não,1,6.78,5,22,Atrasado
OP-03976,9,Engrenagem,Mandrilhadora-A,Manhã,2350,135.0,85.46,Alta,Sim,1,1.17,0,38,Adiantado
OP-03977,8,Eixo,Mandrilhadora-A,Tarde,2994,43.0,100.01,Alta,Sim,5,0.75,5,44,Adiantado
OP-03978,12,Carcaça,Fresadora-01,Tarde,2858,29.0,107.72,Alta,Sim,5,3.28,5,23,No_Prazo
OP-03979,7,Eixo,Torno-03,Manhã,1876,19.0,56.93,Alta,Sim,5,4.06,0,39,Adiantado
OP-03980,2,Engrenagem,Mandrilhadora-A,Noite,3628,52.0,170.79,Alta,Não,3,5.3,0,6,Atrasado
OP-03981,6,Flange,CNC-01,Manhã,1912,94.0,31.22,Baixa,Sim,5,1.36,3,5,No_Prazo
OP-03982,2,Engrenagem,Torno-03,Manhã,2100,81.0,60.78,Média,Sim,5,4.9,1,33,Adiantado
OP-03983,9,Eixo,Mandrilhadora-A,Tarde,4027,175.0,145.46,Alta,Sim,3,6.6,3,44,No_Prazo
OP-03984,9,Carcaça,Mandrilhadora-A,Tarde,1625,146.0,75.32,Alta,Sim,5,7.32,4,6,Atrasado
OP-03985,11,Eixo,CNC-02,Manhã,3512,28.0,103.59,Alta,Sim,2,7.25,0,9,Atrasado
OP-03986,5,Suporte,CNC-01,Tarde,3345,41.0,164.17,Média,Não,3,4.39,4,44,Atrasado
OP-03987,4,Flange,CNC-02,Noite,201,19.0,7.29,Alta,Sim,5,7.24,5,44,Adiantado
OP-03988,1,Eixo,Mandrilhadora-A,Manhã,3436,38.0,130.46,Média,Sim,1,4.53,2,22,No_Prazo
OP-03989,5,Suporte,Torno-03,Tarde,4016,102.0,171.6,Média,Sim,3,1.05,5,4,Atrasado
OP-03990,6,Flange,CNC-01,Manhã,1388,28.0,54.63,Média,Sim,4,7.8,3,19,No_Prazo
OP-03991,10,Eixo,CNC-01,Tarde,4576,25.0,141.42,Média,Não,4,0.52,4,31,Atrasado
OP-03992,10,Eixo,CNC-02,Tarde,148,34.0,6.05,Média,Sim,6,2.64,1,16,Adiantado
OP-03993,2,Carcaça,CNC-02,Manhã,939,125.0,10.73,Alta,Sim,4,0.85,3,17,Adiantado
OP-03994,4,Engrenagem,CNC-01,Manhã,4731,18.0,223.83,Alta,Não,1,4.58,5,22,Atrasado
OP-03995,7,Carcaça,Torno-03,Noite,4284,175.0,183.89,Baixa,Sim,6,4.76,4,22,Atrasado
OP-03996,5,Flange,Torno-03,Manhã,3788,78.0,134.5,Média,Não,2,5.28,3,36,Atrasado
OP-03997,1,Carcaça,CNC-01,Noite,3039,71.0,38.75,Alta,Não,4,1.55,2,24,Atrasado
OP-03998,11,Eixo,CNC-02,Manhã,1045,93.0,22.78,Urgente,Sim,6,0.63,0,25,Adiantado
OP-03999,9,Flange,Fresadora-01,Noite,2471,100.0,49.78,Alta,Sim,4,2.49,2,20,No_Prazo
OP-04000,7,Suporte,Mandrilhadora-A,Tarde,2850,84.0,57.8,Baixa,Sim,1,0.89,4,30,No_Prazo
OP-04001,4,Eixo,Mandrilhadora-A,Manhã,493,95.0,18.18,Média,Sim,3,0.76,3,32,Adiantado
OP-04002,11,Eixo,Torno-03,Tarde,2994,71.0,134.87,Alta,Sim,1,2.48,0,5,Atrasado
OP-04003,1,Flange,CNC-01,Noite,491,68.0,18.3,Média,Sim,3,7.99,1,4,No_Prazo
OP-04004,6,Suporte,Mandrilhadora-A,Tarde,673,20.0,17.2,Alta,Sim,6,6.53,2,39,Adiantado
OP-04005,10,Eixo,Mandrilhadora-A,Tarde,891,126.0,43.45,Média,Não,2,3.21,0,5,Atrasado
OP-04006,12,Suporte,CNC-02,Tarde,998,117.0,44.41,Alta,Sim,5,3.32,2,25,Adiantado
OP-04007,4,Suporte,Torno-03,Tarde,456,125.0,17.06,Baixa,Sim,1,7.47,5,38,No_Prazo
OP-04008,8,Engrenagem,CNC-01,Tarde,4785,170.0,123.92,Média,Sim,2,5.46,4,25,Atrasado
OP-04009,3,Carcaça,Mandrilhadora-A,Noite,4022,93.0,150.23,Média,Sim,4,6.78,5,6,Atrasado
OP-04010,2,Engrenagem,Fresadora-01,Manhã,2564,160.0,67.48,Média,Sim,6,6.98,5,13,Atrasado
OP-04011,5,Suporte,CNC-01,Tarde,1874,88.0,30.37,Baixa,Sim,4,1.77,0,9,No_Prazo
OP-04012,11,Flange,Fresadora-01,Tarde,997,94.0,34.65,Média,Sim,5,0.62,2,6,Adiantado
OP-04013,9,Suporte,Torno-03,Noite,4747,119.0,180.03,Média,Não,5,2.51,1,18,Atrasado
OP-04014,6,Suporte,Torno-03,Manhã,3997,51.0,95.82,Baixa,Sim,1,4.96,4,17,Atrasado
OP-04015,4,Suporte,CNC-02,Manhã,3772,51.0,177.93,Média,Não,6,7.31,0,31,Atrasado
OP-04016,2,Suporte,Mandrilhadora-A,Manhã,2379,99.0,105.08,Baixa,Sim,3,2.81,4,38,Adiantado
OP-04017,4,Carcaça,Torno-03,Tarde,185,26.0,6.16,Urgente,Sim,2,6.88,2,27,Adiantado
OP-04018,2,Suporte,Mandrilhadora-A,Tarde,3210,54.0,39.83,Baixa,Sim,6,5.47,1,26,Adiantado
OP-04019,3,Carcaça,CNC-01,Manhã,2463,146.0,26.33,Alta,Sim,3,5.41,1,37,Adiantado
OP-04020,9,Flange,Torno-03,Manhã,1522,92.0,54.18,Média,Sim,5,5.87,3,14,No_Prazo
OP-04021,2,Eixo,CNC-02,Noite,1609,19.0,68.47,Média,Sim,3,4.34,2,23,No_Prazo
OP-04022,1,Eixo,Mandrilhadora-A,Tarde,336,25.0,10.08,Alta,Não,4,5.55,5,28,Atrasado
OP-04023,7,Suporte,Torno-03,Tarde,4364,167.0,47.74,Alta,Sim,1,6.45,5,37,No_Prazo
OP-04024,4,Flange,Fresadora-01,Manhã,866,173.0,13.68,Alta,Sim,3,4.92,3,18,No_Prazo
OP-04025,6,Engrenagem,CNC-01,Manhã,4074,121.0,75.16,Baixa,Sim,3,0.79,4,24,No_Prazo
OP-04026,2,Eixo,Fresadora-01,Manhã,4866,46.0,170.85,Média,Sim,2,4.33,2,12,Atrasado
OP-04027,3,Carcaça,CNC-01,Manhã,277,76.0,8.16,Média,Não,6,4.98,2,16,Atrasado
OP-04028,6,Suporte,CNC-02,Tarde,3136,65.0,44.18,Média,Sim,4,7.07,3,34,No_Prazo
OP-04029,9,Suporte,CNC-02,Manhã,380,145.0,11.43,Urgente,Sim,6,0.54,0,39,Adiantado
OP-04030,5,Engrenagem,CNC-01,Manhã,4163,104.0,186.42,Média,Sim,1,0.86,4,10,Atrasado
OP-04031,7,Engrenagem,Torno-03,Manhã,2560,144.0,70.57,Média,Sim,3,3.26,4,45,No_Prazo
OP-04032,7,Eixo,CNC-02,Manhã,156,74.0,2.49,Baixa,Sim,5,6.52,1,28,Adiantado
OP-04033,4,Carcaça,Torno-03,Manhã,3873,158.0,128.27,Média,Sim,1,4.13,0,45,No_Prazo
OP-04034,4,Flange,Fresadora-01,Manhã,3839,86.0,181.11,Baixa,Não,2,2.79,0,34,Atrasado
OP-04035,6,Suporte,CNC-01,Manhã,4628,84.0,67.74,Média,Sim,6,5.7,4,8,Atrasado
OP-04036,1,Flange,Fresadora-01,Tarde,2450,96.0,39.83,Urgente,Sim,1,4.28,3,5,No_Prazo
OP-04037,9,Flange,CNC-02,Noite,4668,113.0,152.52,Média,Sim,3,4.8,3,42,No_Prazo
OP-04038,8,Suporte,CNC-02,Tarde,3343,163.0,78.89,Média,Sim,1,3.71,0,32,No_Prazo
OP-04039,4,Carcaça,Torno-03,Manhã,2653,91.0,121.57,Média,Sim,3,5.94,0,40,Adiantado
OP-04040,5,Flange,Fresadora-01,Noite,1823,168.0,70.2,Média,Não,5,0.62,4,3,Atrasado
OP-04041,4,Flange,Fresadora-01,Noite,1500,80.0,23.83,Baixa,Sim,3,0.51,2,9,No_Prazo
OP-04042,8,Carcaça,CNC-01,Tarde,3123,69.0,140.0,Alta,Sim,3,5.62,1,37,Adiantado
OP-04043,10,Eixo,Torno-03,Manhã,3710,64.0,132.42,Média,Sim,6,0.7,0,39,Adiantado
OP-04044,2,Carcaça,CNC-02,Tarde,226,18.0,6.72,Média,Sim,3,3.03,0,14,Adiantado
OP-04045,5,Flange,CNC-02,Noite,2088,155.0,42.31,Alta,Sim,4,3.25,4,45,Adiantado
OP-04046,1,Carcaça,Mandrilhadora-A,Noite,275,28.0,9.9,Média,Sim,4,5.1,4,9,No_Prazo
OP-04047,6,Flange,CNC-01,Tarde,2013,70.0,92.48,Baixa,Não,5,6.29,1,16,Atrasado
OP-04048,3,Suporte,Torno-03,Tarde,4004,56.0,46.2,Alta,Sim,4,6.66,1,8,No_Prazo
OP-04049,5,Eixo,Torno-03,Noite,3469,138.0,86.75,Baixa,Sim,5,2.6,1,27,No_Prazo
OP-04050,6,Suporte,CNC-02,Manhã,666,169.0,31.59,Baixa,Sim,6,1.72,2,21,Adiantado
OP-04051,4,Eixo,Fresadora-01,Manhã,3598,150.0,91.09,Urgente,Sim,6,7.86,5,28,No_Prazo
OP-04052,5,Suporte,Torno-03,Noite,119,68.0,1.36,Alta,Sim,3,0.83,2,15,Adiantado
OP-04053,10,Suporte,Fresadora-01,Manhã,111,90.0,1.56,Baixa,Sim,2,6.6,4,25,No_Prazo
OP-04054,10,Flange,CNC-02,Manhã,4566,56.0,171.82,Alta,Sim,2,0.65,4,23,No_Prazo
OP-04055,1,Flange,Mandrilhadora-A,Manhã,211,167.0,8.02,Baixa,Sim,5,4.14,3,15,No_Prazo
OP-04056,5,Eixo,Fresadora-01,Manhã,1364,35.0,19.92,Alta,Sim,6,5.31,1,39,Adiantado
OP-04057,11,Suporte,CNC-02,Manhã,703,172.0,13.19,Média,Sim,2,4.08,5,39,No_Prazo
OP-04058,7,Flange,Mandrilhadora-A,Tarde,2932,149.0,95.45,Média,Sim,3,4.74,3,7,Atrasado
OP-04059,3,Flange,Mandrilhadora-A,Tarde,2635,132.0,98.71,Alta,Sim,1,0.69,4,15,No_Prazo
OP-04060,8,Engrenagem,Torno-03,Tarde,4202,143.0,68.37,Baixa,Sim,4,1.66,5,14,Atrasado
OP-04061,2,Engrenagem,CNC-01,Manhã,4936,71.0,139.47,Urgente,Sim,5,4.65,3,14,No_Prazo
OP-04062,1,Engrenagem,Torno-03,Noite,3742,64.0,121.55,Baixa,Não,1,6.71,3,7,Atrasado
OP-04063,8,Carcaça,Fresadora-01,Tarde,2360,78.0,28.29,Urgente,Sim,6,4.61,4,19,Adiantado
OP-04064,7,Carcaça,CNC-02,Noite,280,45.0,5.31,Baixa,Sim,6,4.25,0,30,Adiantado
OP-04065,10,Engrenagem,CNC-01,Manhã,4615,138.0,215.78,Baixa,Sim,6,7.91,5,19,Atrasado
OP-04066,5,Engrenagem,Torno-03,Manhã,2826,93.0,127.73,Baixa,Sim,6,3.42,1,29,No_Prazo
OP-04067,11,Suporte,Mandrilhadora-A,Noite,1126,161.0,25.78,Média,Sim,1,3.39,5,6,No_Prazo
OP-04068,6,Flange,CNC-02,Noite,2731,160.0,122.13,Média,Sim,3,1.06,3,39,No_Prazo
OP-04069,9,Eixo,Torno-03,Manhã,1989,41.0,70.22,Alta,Sim,3,6.37,5,25,Adiantado
OP-04070,2,Suporte,CNC-01,Tarde,1782,51.0,87.79,Alta,Sim,1,1.01,1,34,Adiantado
OP-04071,2,Eixo,Fresadora-01,Tarde,2293,83.0,111.55,Média,Sim,6,1.52,4,24,No_Prazo
OP-04072,10,Engrenagem,Mandrilhadora-A,Manhã,3780,35.0,131.08,Média,Sim,1,0.93,3,33,No_Prazo
OP-04073,11,Eixo,Fresadora-01,Tarde,860,129.0,24.69,Média,Não,5,1.94,3,27,No_Prazo
OP-04074,12,Carcaça,Torno-03,Manhã,4821,137.0,75.65,Alta,Sim,2,3.79,3,9,Atrasado
OP-04075,4,Suporte,CNC-01,Manhã,358,134.0,11.17,Urgente,Sim,4,0.81,5,12,Adiantado
OP-04076,1,Engrenagem,Torno-03,Noite,778,93.0,20.18,Média,Sim,3,3.59,4,38,Adiantado
OP-04077,12,Flange,Mandrilhadora-A,Tarde,3397,154.0,121.7,Média,Sim,2,4.11,1,17,Atrasado
OP-04078,8,Carcaça,CNC-01,Noite,768,115.0,10.43,Média,Sim,3,1.33,3,3,No_Prazo
OP-04079,3,Carcaça,CNC-02,Tarde,3899,179.0,169.2,Média,Sim,5,0.91,2,25,No_Prazo
OP-04080,10,Suporte,Mandrilhadora-A,Noite,3686,150.0,179.45,Média,Sim,4,2.86,4,33,No_Prazo
OP-04081,11,Engrenagem,Torno-03,Tarde,2177,134.0,40.0,Baixa,Sim,2,5.38,2,39,No_Prazo
OP-04082,4,Eixo,CNC-01,Tarde,2299,35.0,81.18,Alta,Sim,2,5.05,1,38,Adiantado
OP-04083,10,Eixo,CNC-01,Manhã,4999,152.0,210.35,Baixa,Sim,5,1.45,1,43,No_Prazo
OP-04084,10,Engrenagem,Torno-03,Tarde,3986,65.0,128.26,Baixa,Sim,2,1.19,2,12,Atrasado
OP-04085,7,Engrenagem,Torno-03,Tarde,3178,84.0,150.69,Baixa,Sim,4,1.9,2,33,No_Prazo
OP-04086,8,Eixo,Mandrilhadora-A,Tarde,748,91.0,22.8,Média,Sim,6,7.06,4,16,Adiantado
OP-04087,4,Flange,Mandrilhadora-A,Manhã,2968,70.0,61.8,Alta,Não,4,7.49,3,40,Atrasado
OP-04088,12,Eixo,Torno-03,Manhã,247,33.0,7.13,Urgente,Sim,2,4.41,4,13,Adiantado
OP-04089,12,Flange,Torno-03,Noite,1296,48.0,38.25,Média,Sim,5,7.27,0,33,Adiantado
OP-04090,12,Eixo,Mandrilhadora-A,Noite,3504,148.0,70.6,Média,Sim,6,1.49,1,38,Adiantado
OP-04091,9,Engrenagem,Fresadora-01,Manhã,2067,123.0,85.74,Alta,Sim,4,5.43,0,28,Adiantado
OP-04092,1,Carcaça,CNC-02,Tarde,4973,171.0,172.61,Alta,Sim,4,5.37,0,21,No_Prazo
OP-04093,5,Flange,Fresadora-01,Tarde,4699,150.0,116.6,Alta,Não,4,3.87,0,23,Atrasado
OP-04094,6,Eixo,Fresadora-01,Noite,519,81.0,13.94,Média,Sim,1,6.03,3,18,No_Prazo
OP-04095,12,Carcaça,CNC-02,Manhã,4422,145.0,109.97,Média,Não,1,4.06,2,7,Atrasado
OP-04096,7,Carcaça,Mandrilhadora-A,Tarde,4328,110.0,120.82,Baixa,Não,4,6.92,2,24,Atrasado
OP-04097,7,Carcaça,CNC-02,Manhã,575,62.0,17.9,Média,Sim,3,1.52,4,29,No_Prazo
OP-04098,2,Engrenagem,Torno-03,Manhã,1957,176.0,45.47,Urgente,Sim,6,0.63,2,34,Adiantado
OP-04099,10,Suporte,Torno-03,Noite,4745,168.0,202.74,Baixa,Sim,3,3.34,0,5,Atrasado
OP-04100,5,Carcaça,Fresadora-01,Manhã,133,34.0,6.27,Média,Não,6,1.46,0,31,No_Prazo
OP-04101,2,Carcaça,Mandrilhadora-A,Manhã,340,154.0,10.51,Média,Não,4,1.84,1,15,Atrasado
OP-04102,12,Eixo,CNC-02,Manhã,2574,28.0,98.98,Baixa,Sim,2,0.86,2,33,Adiantado
OP-04103,3,Carcaça,CNC-02,Tarde,4767,168.0,225.11,Urgente,Sim,6,3.73,5,24,No_Prazo
OP-04104,1,Flange,Fresadora-01,Tarde,1430,118.0,25.28,Baixa,Sim,1,6.03,1,43,Adiantado
OP-04105,1,Flange,Mandrilhadora-A,Manhã,3875,42.0,68.16,Média,Sim,5,4.68,4,7,Atrasado
OP-04106,6,Flange,Mandrilhadora-A,Tarde,3482,150.0,44.93,Alta,Sim,3,3.18,0,13,No_Prazo
OP-04107,2,Suporte,Fresadora-01,Noite,772,100.0,21.37,Baixa,Sim,5,0.59,0,33,Adiantado
OP-04108,11,Engrenagem,Fresadora-01,Manhã,1474,25.0,34.26,Baixa,Não,1,4.32,2,11,Atrasado
OP-04109,7,Flange,Fresadora-01,Noite,3139,147.0,101.77,Média,Sim,2,2.96,3,13,Atrasado
OP-04110,4,Carcaça,Mandrilhadora-A,Manhã,2434,145.0,68.26,Baixa,Sim,2,2.29,4,30,No_Prazo
OP-04111,1,Flange,CNC-01,Tarde,1224,95.0,21.55,Baixa,Sim,4,3.89,4,25,No_Prazo
OP-04112,6,Eixo,Torno-03,Manhã,1042,136.0,26.72,Média,Sim,6,1.78,5,9,No_Prazo
OP-04113,2,Engrenagem,CNC-01,Manhã,2808,22.0,31.33,Baixa,Sim,6,2.91,2,17,No_Prazo
OP-04114,12,Flange,Torno-03,Manhã,4149,67.0,130.67,Alta,Sim,4,7.45,1,30,No_Prazo
OP-04115,4,Suporte,CNC-02,Manhã,2094,126.0,43.64,Urgente,Sim,1,5.08,2,5,Atrasado
OP-04116,6,Flange,CNC-02,Noite,4630,53.0,67.11,Média,Não,5,7.92,1,44,Atrasado
OP-04117,1,Carcaça,Mandrilhadora-A,Tarde,3352,89.0,42.35,Média,Sim,6,5.21,2,20,No_Prazo
OP-04118,2,Suporte,Fresadora-01,Noite,2046,169.0,78.93,Baixa,Sim,4,1.23,0,22,No_Prazo
OP-04119,3,Flange,Torno-03,Tarde,3549,151.0,70.6,Baixa,Sim,1,5.49,4,31,Atrasado
OP-04120,1,Engrenagem,Mandrilhadora-A,Tarde,2271,107.0,82.56,Média,Sim,2,6.99,5,12,Atrasado
OP-04121,9,Flange,CNC-01,Manhã,3795,110.0,161.74,Média,Sim,5,7.35,0,27,No_Prazo
OP-04122,12,Engrenagem,Fresadora-01,Tarde,4914,161.0,147.42,Baixa,Sim,1,4.66,0,45,No_Prazo
OP-04123,12,Suporte,CNC-01,Manhã,3950,157.0,60.52,Média,Sim,3,1.4,4,44,No_Prazo
OP-04124,4,Engrenagem,CNC-02,Noite,753,30.0,26.04,Baixa,Sim,5,5.32,5,19,No_Prazo
OP-04125,10,Carcaça,CNC-01,Noite,404,92.0,5.2,Alta,Sim,1,1.57,0,45,Adiantado
OP-04126,7,Eixo,Torno-03,Manhã,4052,46.0,172.96,Média,Não,3,0.92,3,7,Atrasado
OP-04127,1,Flange,Fresadora-01,Tarde,4243,29.0,171.68,Alta,Sim,5,2.09,2,41,Adiantado
OP-04128,2,Engrenagem,Fresadora-01,Tarde,2858,63.0,74.55,Média,Não,3,1.23,4,20,Atrasado
OP-04129,7,Eixo,Torno-03,Tarde,1262,116.0,26.2,Média,Sim,6,3.84,3,16,Adiantado
OP-04130,6,Carcaça,Mandrilhadora-A,Manhã,4409,146.0,169.23,Alta,Sim,2,7.58,1,6,Atrasado
OP-04131,1,Eixo,CNC-02,Tarde,2269,166.0,74.17,Baixa,Sim,4,5.45,1,29,No_Prazo
OP-04132,12,Flange,CNC-01,Noite,1497,85.0,23.66,Alta,Não,3,5.71,3,6,Atrasado
OP-04133,9,Carcaça,CNC-01,Manhã,1862,85.0,75.16,Média,Sim,4,6.53,1,34,Adiantado
OP-04134,7,Suporte,CNC-01,Tarde,1515,40.0,35.39,Média,Não,1,2.29,0,5,Atrasado
OP-04135,12,Engrenagem,Torno-03,Manhã,1447,47.0,66.21,Média,Sim,5,4.79,3,25,Adiantado
OP-04136,12,Eixo,Torno-03,Noite,1662,32.0,71.76,Média,Sim,2,5.85,3,22,No_Prazo
OP-04137,12,Eixo,Mandrilhadora-A,Manhã,3387,176.0,71.24,Alta,Sim,5,2.78,4,45,Adiantado
OP-04138,4,Eixo,CNC-01,Manhã,132,36.0,2.67,Baixa,Sim,6,3.41,3,22,Adiantado
OP-04139,11,Eixo,CNC-02,Manhã,1846,140.0,47.84,Média,Sim,3,5.76,2,16,No_Prazo
OP-04140,7,Flange,Mandrilhadora-A,Noite,890,67.0,37.54,Baixa,Sim,5,6.56,4,34,Adiantado
OP-04141,9,Eixo,CNC-01,Tarde,3258,104.0,49.61,Média,Não,4,3.21,2,40,Atrasado
OP-04142,11,Eixo,Torno-03,Manhã,4973,159.0,112.6,Baixa,Sim,6,5.19,3,26,No_Prazo
OP-04143,2,Flange,CNC-01,Manhã,3949,169.0,143.6,Média,Sim,6,5.48,5,35,No_Prazo
OP-04144,6,Eixo,Torno-03,Noite,1282,55.0,14.54,Alta,Sim,6,7.47,5,39,Adiantado
OP-04145,2,Eixo,Mandrilhadora-A,Tarde,2590,165.0,31.69,Alta,Sim,2,6.41,2,22,No_Prazo
OP-04146,4,Flange,CNC-02,Manhã,148,57.0,5.99,Média,Sim,4,1.96,2,40,Adiantado
OP-04147,5,Carcaça,CNC-02,Noite,2093,148.0,64.66,Alta,Sim,1,5.19,5,37,No_Prazo
OP-04148,11,Flange,Torno-03,Manhã,1428,18.0,46.13,Alta,Sim,2,7.68,3,10,No_Prazo
OP-04149,11,Flange,Fresadora-01,Tarde,2533,103.0,50.54,Baixa,Sim,3,3.34,4,21,No_Prazo
OP-04150,5,Carcaça,Mandrilhadora-A,Manhã,2071,135.0,64.76,Alta,Sim,3,6.24,0,4,No_Prazo
OP-04151,4,Suporte,CNC-01,Tarde,3429,153.0,109.04,Média,Sim,5,4.54,4,35,No_Prazo
OP-04152,7,Eixo,Torno-03,Noite,2761,154.0,73.31,Média,Sim,1,3.78,0,33,No_Prazo
OP-04153,11,Eixo,Fresadora-01,Manhã,4697,64.0,228.17,Urgente,Sim,3,4.78,2,4,Atrasado
OP-04154,12,Flange,CNC-01,Tarde,389,156.0,4.66,Média,Sim,5,3.69,1,3,Adiantado
OP-04155,3,Flange,Mandrilhadora-A,Noite,4725,68.0,125.67,Urgente,Sim,2,2.89,5,29,No_Prazo
OP-04156,3,Engrenagem,CNC-02,Noite,3962,54.0,175.51,Alta,Sim,5,6.21,0,19,No_Prazo
OP-04157,9,Engrenagem,Torno-03,Tarde,3578,15.0,65.3,Alta,Sim,1,4.5,3,4,Atrasado
OP-04158,4,Eixo,Mandrilhadora-A,Tarde,4136,54.0,196.05,Média,Sim,4,7.51,0,5,Atrasado
OP-04159,3,Carcaça,Fresadora-01,Noite,299,35.0,8.08,Média,Sim,6,0.57,0,40,Adiantado
OP-04160,1,Suporte,Mandrilhadora-A,Manhã,1105,126.0,17.97,Média,Sim,3,6.27,1,22,Adiantado
OP-04161,5,Carcaça,Fresadora-01,Manhã,53,39.0,0.73,Média,Não,4,1.68,0,35,No_Prazo
OP-04162,5,Engrenagem,CNC-02,Manhã,4002,112.0,92.38,Alta,Não,2,6.21,1,22,Atrasado
OP-04163,7,Flange,Fresadora-01,Noite,1805,36.0,84.45,Média,Sim,3,7.03,0,42,Adiantado
OP-04164,3,Flange,Fresadora-01,Manhã,1839,131.0,87.47,Média,Sim,1,6.38,4,39,Adiantado
OP-04165,9,Flange,CNC-02,Manhã,3072,62.0,99.93,Urgente,Sim,1,4.95,1,41,Adiantado
OP-04166,9,Flange,CNC-01,Tarde,2144,66.0,31.58,Média,Sim,2,1.42,2,30,Adiantado
OP-04167,6,Eixo,Fresadora-01,Manhã,3204,121.0,90.56,Alta,Sim,6,7.7,0,3,No_Prazo
OP-04168,3,Engrenagem,Torno-03,Manhã,4685,170.0,125.14,Média,Sim,6,2.95,5,20,Atrasado
OP-04169,7,Carcaça,Fresadora-01,Tarde,1693,179.0,32.58,Baixa,Não,1,0.71,2,7,Atrasado
OP-04170,9,Carcaça,CNC-01,Manhã,4464,74.0,58.22,Média,Sim,1,0.51,2,24,No_Prazo
OP-04171,5,Engrenagem,Torno-03,Noite,2685,171.0,67.83,Média,Sim,5,6.04,1,23,No_Prazo
OP-04172,4,Flange,Mandrilhadora-A,Manhã,1906,116.0,47.41,Alta,Sim,6,6.75,0,26,Adiantado
OP-04173,7,Flange,Mandrilhadora-A,Noite,4599,165.0,175.49,Baixa,Sim,4,6.52,1,43,No_Prazo
OP-04174,5,Suporte,Mandrilhadora-A,Tarde,2466,20.0,63.55,Baixa,Sim,4,4.69,5,12,No_Prazo
OP-04175,5,Carcaça,CNC-02,Manhã,682,20.0,7.18,Alta,Sim,4,5.24,2,40,Adiantado
OP-04176,5,Flange,CNC-01,Manhã,1468,27.0,15.86,Média,Sim,3,7.3,5,36,Adiantado
OP-04177,4,Suporte,Torno-03,Tarde,4235,148.0,158.82,Média,Sim,5,5.48,1,22,No_Prazo
OP-04178,9,Carcaça,Torno-03,Manhã,2601,38.0,94.76,Média,Sim,1,3.13,2,23,No_Prazo
OP-04179,6,Carcaça,CNC-02,Manhã,2822,44.0,46.32,Urgente,Sim,1,7.63,3,19,No_Prazo
OP-04180,6,Eixo,CNC-01,Noite,3425,112.0,152.92,Urgente,Sim,1,7.74,0,30,No_Prazo
OP-04181,8,Carcaça,CNC-01,Tarde,1012,173.0,36.94,Média,Sim,2,5.21,2,36,Adiantado
OP-04182,5,Flange,CNC-02,Noite,508,109.0,8.21,Média,Sim,4,4.75,5,4,No_Prazo
OP-04183,2,Engrenagem,Fresadora-01,Manhã,2229,136.0,47.93,Urgente,Não,2,7.53,2,45,Atrasado
OP-04184,11,Suporte,CNC-01,Manhã,4603,46.0,225.3,Alta,Sim,4,6.34,5,7,Atrasado
OP-04185,1,Carcaça,CNC-01,Tarde,679,166.0,17.86,Média,Sim,1,1.39,0,9,No_Prazo
OP-04186,7,Eixo,CNC-02,Manhã,3608,24.0,70.25,Alta,Sim,3,7.69,5,28,No_Prazo
OP-04187,4,Flange,Mandrilhadora-A,Manhã,4897,62.0,151.64,Média,Não,1,5.93,5,7,Atrasado
OP-04188,3,Eixo,Mandrilhadora-A,Manhã,528,90.0,9.62,Média,Sim,2,6.04,2,35,Adiantado
OP-04189,1,Engrenagem,Torno-03,Manhã,709,52.0,29.54,Alta,Sim,4,3.51,3,12,No_Prazo
OP-04190,11,Carcaça,CNC-01,Noite,4351,125.0,181.75,Alta,Sim,1,0.56,0,16,Atrasado
OP-04191,6,Engrenagem,CNC-01,Manhã,587,127.0,24.67,Média,Sim,5,2.54,0,28,Adiantado
OP-04192,5,Flange,Mandrilhadora-A,Noite,3731,50.0,129.43,Alta,Sim,2,2.98,2,43,Adiantado
OP-04193,9,Engrenagem,Torno-03,Manhã,3996,16.0,150.9,Média,Sim,6,3.92,1,11,No_Prazo
OP-04194,1,Suporte,CNC-01,Manhã,1599,27.0,36.55,Alta,Sim,5,5.76,3,39,Adiantado
OP-04195,7,Carcaça,Mandrilhadora-A,Manhã,1493,15.0,67.42,Média,Sim,6,3.88,5,31,Adiantado
OP-04196,6,Suporte,Torno-03,Tarde,2631,164.0,41.48,Urgente,Sim,4,3.29,0,25,Adiantado
OP-04197,7,Suporte,CNC-02,Noite,2557,118.0,51.6,Média,Sim,3,2.36,5,40,Adiantado
OP-04198,2,Carcaça,Torno-03,Noite,4307,38.0,214.09,Baixa,Sim,1,6.26,1,30,No_Prazo
OP-04199,12,Carcaça,CNC-02,Manhã,2982,30.0,144.38,Alta,Sim,1,6.41,3,37,No_Prazo
OP-04200,3,Carcaça,Mandrilhadora-A,Tarde,4842,150.0,146.74,Baixa,Sim,5,3.22,5,28,Atrasado
OP-04201,9,Eixo,Fresadora-01,Noite,1237,149.0,37.07,Baixa,Sim,4,2.13,4,23,No_Prazo
OP-04202,9,Flange,CNC-01,Manhã,1441,168.0,21.14,Alta,Sim,1,2.15,0,16,No_Prazo
OP-04203,5,Carcaça,Fresadora-01,Tarde,1243,41.0,45.23,Média,Sim,1,5.47,3,14,No_Prazo
OP-04204,2,Eixo,CNC-01,Manhã,3270,101.0,36.76,Alta,Sim,5,6.29,0,5,No_Prazo
OP-04205,4,Suporte,Torno-03,Tarde,215,35.0,4.85,Baixa,Sim,1,6.39,1,15,No_Prazo
OP-04206,10,Engrenagem,Fresadora-01,Tarde,4308,146.0,115.18,Média,Sim,4,7.03,3,37,No_Prazo
OP-04207,11,Carcaça,CNC-01,Manhã,3870,83.0,177.09,Média,Sim,2,6.16,3,15,Atrasado
OP-04208,12,Suporte,Fresadora-01,Noite,4941,130.0,240.81,Média,Sim,5,4.14,5,22,Atrasado
OP-04209,3,Suporte,CNC-02,Tarde,4794,20.0,234.71,Média,Sim,1,2.51,1,19,Atrasado
OP-04210,8,Carcaça,Fresadora-01,Noite,400,143.0,16.78,Média,Sim,1,3.3,5,39,Adiantado
OP-04211,2,Eixo,Torno-03,Tarde,3751,53.0,81.02,Média,Sim,1,2.63,2,27,No_Prazo
OP-04212,9,Flange,CNC-01,Manhã,2542,154.0,30.03,Baixa,Sim,5,1.25,1,19,No_Prazo
OP-04213,5,Carcaça,Fresadora-01,Tarde,3690,46.0,99.72,Alta,Sim,5,1.58,3,43,Adiantado
OP-04214,9,Engrenagem,CNC-02,Manhã,4374,145.0,95.77,Média,Não,5,0.6,3,3,Atrasado
OP-04215,9,Carcaça,Mandrilhadora-A,Noite,2936,37.0,106.31,Média,Sim,4,1.98,5,8,No_Prazo
OP-04216,12,Eixo,Mandrilhadora-A,Manhã,65,124.0,1.61,Média,Sim,2,6.76,5,8,Atrasado
OP-04217,6,Flange,CNC-01,Noite,4330,144.0,197.58,Alta,Não,2,4.53,3,7,Atrasado
OP-04218,5,Flange,Fresadora-01,Tarde,2214,79.0,55.26,Média,Sim,1,3.42,3,9,Atrasado
OP-04219,7,Suporte,CNC-02,Tarde,2320,55.0,58.28,Urgente,Sim,1,2.28,1,32,Adiantado
OP-04220,2,Carcaça,Fresadora-01,Tarde,2941,72.0,118.71,Média,Sim,5,4.92,1,34,Adiantado
OP-04221,2,Eixo,Torno-03,Tarde,4562,64.0,153.29,Urgente,Sim,3,7.8,3,6,Atrasado
OP-04222,7,Engrenagem,CNC-02,Tarde,2656,119.0,53.68,Média,Sim,3,3.11,4,4,No_Prazo
OP-04223,10,Flange,Fresadora-01,Tarde,1077,22.0,39.92,Média,Não,1,6.86,2,41,Atrasado
OP-04224,7,Suporte,CNC-02,Manhã,3677,22.0,119.58,Média,Sim,4,7.54,3,38,No_Prazo
OP-04225,10,Suporte,Mandrilhadora-A,Tarde,3183,62.0,45.08,Urgente,Sim,5,6.4,3,36,Adiantado
OP-04226,3,Suporte,Mandrilhadora-A,Manhã,374,61.0,10.73,Média,Não,1,4.94,2,32,Atrasado
OP-04227,6,Eixo,CNC-01,Tarde,2686,44.0,125.57,Alta,Sim,6,2.77,0,20,Adiantado
OP-04228,8,Carcaça,Fresadora-01,Tarde,3937,133.0,72.72,Baixa,Não,2,0.75,2,16,Atrasado
OP-04229,5,Engrenagem,Mandrilhadora-A,Manhã,4426,19.0,117.66,Média,Sim,6,6.02,1,17,No_Prazo
OP-04230,1,Engrenagem,CNC-01,Tarde,1451,167.0,30.53,Alta,Sim,5,7.67,0,25,Adiantado
OP-04231,1,Engrenagem,Fresadora-01,Tarde,2636,140.0,82.97,Média,Sim,6,5.67,2,5,No_Prazo
OP-04232,12,Carcaça,Mandrilhadora-A,Tarde,4129,81.0,202.34,Alta,Sim,2,0.77,4,43,Adiantado
OP-04233,8,Engrenagem,CNC-02,Tarde,2939,157.0,65.82,Alta,Não,4,1.55,4,44,Atrasado
OP-04234,4,Suporte,Torno-03,Tarde,2126,117.0,92.08,Média,Sim,1,3.45,2,5,Atrasado
OP-04235,4,Carcaça,Fresadora-01,Tarde,962,109.0,41.88,Média,Sim,3,7.92,3,25,Adiantado
OP-04236,1,Suporte,CNC-02,Manhã,262,67.0,5.34,Média,Não,2,1.14,1,18,Atrasado
OP-04237,12,Carcaça,CNC-02,Manhã,3465,124.0,141.73,Alta,Sim,1,2.88,1,19,No_Prazo
OP-04238,2,Engrenagem,CNC-02,Tarde,4821,38.0,238.76,Média,Não,5,4.64,2,19,Atrasado
OP-04239,10,Flange,CNC-02,Manhã,3024,102.0,145.64,Alta,Sim,5,1.34,2,25,Adiantado
OP-04240,3,Flange,Fresadora-01,Manhã,3913,34.0,133.94,Baixa,Sim,3,1.38,3,44,Adiantado
OP-04241,5,Suporte,CNC-02,Manhã,3401,88.0,54.65,Urgente,Não,3,1.02,4,34,Atrasado
OP-04242,4,Suporte,CNC-02,Manhã,1771,117.0,26.16,Alta,Sim,4,4.27,3,44,Adiantado
OP-04243,10,Flange,Mandrilhadora-A,Noite,2637,41.0,54.51,Média,Sim,4,2.65,0,14,No_Prazo
OP-04244,1,Eixo,Torno-03,Manhã,1386,52.0,47.2,Alta,Sim,4,0.8,4,39,Adiantado
OP-04245,5,Engrenagem,Mandrilhadora-A,Manhã,1154,149.0,29.37,Alta,Sim,2,4.26,2,20,No_Prazo
OP-04246,4,Flange,Fresadora-01,Noite,2965,57.0,112.55,Baixa,Sim,3,5.98,5,19,Atrasado
OP-04247,4,Eixo,Mandrilhadora-A,Noite,3247,31.0,134.79,Média,Sim,6,5.52,1,5,No_Prazo
OP-04248,3,Flange,CNC-01,Manhã,4937,70.0,85.0,Média,Não,1,5.63,3,41,Atrasado
OP-04249,11,Suporte,Mandrilhadora-A,Noite,1219,169.0,56.33,Média,Sim,3,4.63,1,7,No_Prazo
OP-04250,5,Flange,Mandrilhadora-A,Manhã,1486,129.0,18.46,Média,Sim,2,6.36,3,23,No_Prazo
OP-04251,6,Flange,CNC-01,Noite,872,110.0,17.96,Média,Sim,2,0.97,5,44,Adiantado
OP-04252,5,Engrenagem,CNC-02,Manhã,4743,154.0,202.01,Baixa,Sim,1,1.93,3,30,Atrasado
OP-04253,12,Suporte,Torno-03,Tarde,3918,124.0,67.97,Baixa,Não,1,5.77,5,8,Atrasado
OP-04254,5,Flange,Torno-03,Manhã,1685,149.0,31.69,Média,Não,6,3.02,2,42,No_Prazo
OP-04255,5,Engrenagem,Fresadora-01,Tarde,4846,123.0,237.58,Baixa,Sim,6,2.29,0,28,Adiantado
OP-04256,4,Eixo,Fresadora-01,Manhã,3535,158.0,164.36,Média,Sim,5,0.7,2,13,No_Prazo
OP-04257,4,Suporte,CNC-02,Tarde,2408,118.0,102.36,Baixa,Sim,6,7.01,4,14,No_Prazo
OP-04258,2,Carcaça,Fresadora-01,Tarde,1939,59.0,32.87,Baixa,Não,5,6.78,3,40,Atrasado
OP-04259,8,Flange,Mandrilhadora-A,Manhã,2867,22.0,57.93,Alta,Sim,1,0.95,3,28,Adiantado
OP-04260,1,Carcaça,Torno-03,Noite,471,32.0,9.14,Média,Sim,5,2.78,4,20,Adiantado
OP-04261,3,Engrenagem,Mandrilhadora-A,Manhã,901,100.0,15.83,Alta,Sim,5,2.11,1,15,Adiantado
OP-04262,3,Eixo,Fresadora-01,Manhã,4684,175.0,228.66,Urgente,Sim,1,2.05,4,40,No_Prazo
OP-04263,4,Carcaça,Mandrilhadora-A,Manhã,1072,140.0,17.84,Média,Sim,6,2.44,5,18,Adiantado
OP-04264,10,Engrenagem,Mandrilhadora-A,Manhã,861,143.0,34.33,Alta,Sim,5,2.73,1,26,Adiantado
OP-04265,8,Suporte,CNC-01,Manhã,4306,125.0,51.85,Baixa,Não,6,5.8,1,6,Atrasado
OP-04266,12,Eixo,Mandrilhadora-A,Tarde,4726,164.0,150.06,Alta,Sim,3,7.77,5,13,Atrasado
OP-04267,5,Eixo,CNC-01,Tarde,4099,136.0,52.61,Média,Não,5,0.84,5,36,Atrasado
OP-04268,12,Flange,Mandrilhadora-A,Tarde,561,58.0,7.0,Alta,Sim,5,2.92,5,35,Adiantado
OP-04269,1,Eixo,Mandrilhadora-A,Tarde,4202,97.0,80.72,Baixa,Sim,4,5.51,5,45,No_Prazo
OP-04270,7,Carcaça,CNC-02,Noite,1371,82.0,64.47,Urgente,Não,6,2.79,1,7,Atrasado
OP-04271,10,Carcaça,CNC-01,Manhã,104,42.0,3.7,Média,Sim,1,1.93,3,25,Adiantado
OP-04272,7,Flange,Torno-03,Tarde,4608,52.0,166.15,Alta,Sim,3,1.76,5,9,Atrasado
OP-04273,12,Flange,CNC-02,Noite,1374,62.0,30.1,Urgente,Sim,1,4.98,4,35,Adiantado
OP-04274,4,Engrenagem,Torno-03,Manhã,3309,44.0,128.87,Alta,Sim,4,1.63,3,9,No_Prazo
OP-04275,1,Eixo,CNC-01,Tarde,415,51.0,15.46,Média,Sim,1,1.22,3,8,No_Prazo
OP-04276,10,Engrenagem,CNC-01,Noite,987,166.0,28.1,Média,Não,2,6.12,1,39,Atrasado
OP-04277,1,Carcaça,Torno-03,Tarde,4409,72.0,164.47,Alta,Não,5,3.08,2,8,Atrasado
OP-04278,10,Eixo,Fresadora-01,Noite,2980,152.0,133.16,Média,Sim,6,7.21,4,40,Adiantado
OP-04279,9,Eixo,CNC-02,Manhã,4993,26.0,241.74,Média,Sim,2,4.22,5,35,No_Prazo
OP-04280,11,Carcaça,CNC-02,Tarde,942,177.0,46.97,Alta,Sim,2,1.49,0,27,Adiantado
OP-04281,6,Suporte,CNC-01,Manhã,4459,141.0,131.69,Urgente,Sim,1,1.95,2,9,Atrasado
OP-04282,11,Suporte,CNC-02,Manhã,4378,165.0,49.52,Média,Sim,3,7.11,4,15,Atrasado
OP-04283,3,Engrenagem,CNC-02,Noite,4624,102.0,88.63,Baixa,Sim,5,1.44,2,11,Atrasado
OP-04284,6,Flange,CNC-02,Manhã,296,120.0,5.29,Alta,Sim,6,2.87,5,19,Adiantado
OP-04285,2,Flange,CNC-02,Noite,567,75.0,12.49,Média,Sim,3,2.78,3,11,No_Prazo
OP-04286,10,Eixo,CNC-02,Tarde,2672,86.0,65.25,Urgente,Sim,1,7.91,2,10,Atrasado
OP-04287,9,Suporte,Fresadora-01,Noite,622,139.0,22.86,Alta,Sim,2,7.81,4,17,No_Prazo
OP-04288,10,Carcaça,CNC-02,Noite,364,23.0,11.29,Média,Sim,3,5.69,2,3,No_Prazo
OP-04289,10,Eixo,Fresadora-01,Tarde,4066,21.0,146.33,Alta,Sim,4,2.27,2,42,Adiantado
OP-04290,4,Eixo,Fresadora-01,Noite,3490,159.0,170.57,Alta,Sim,4,1.84,1,39,Adiantado
OP-04291,1,Eixo,Fresadora-01,Noite,4227,33.0,50.57,Média,Sim,5,0.95,5,14,No_Prazo
OP-04292,12,Carcaça,Torno-03,Tarde,4682,134.0,49.52,Baixa,Sim,4,0.96,2,11,Atrasado
OP-04293,6,Engrenagem,Mandrilhadora-A,Tarde,755,48.0,27.65,Alta,Sim,3,7.56,5,40,Adiantado
OP-04294,2,Carcaça,CNC-02,Manhã,4163,75.0,132.59,Baixa,Sim,1,5.03,3,6,Atrasado
OP-04295,12,Suporte,Mandrilhadora-A,Manhã,266,63.0,7.8,Urgente,Sim,6,1.99,0,35,Adiantado
OP-04296,12,Flange,CNC-02,Manhã,1890,96.0,83.41,Baixa,Não,1,6.36,4,8,Atrasado
OP-04297,6,Flange,CNC-01,Tarde,1522,151.0,24.89,Média,Sim,2,1.07,1,6,No_Prazo
OP-04298,10,Carcaça,Mandrilhadora-A,Manhã,1222,159.0,40.26,Urgente,Sim,3,4.42,5,42,Adiantado
OP-04299,1,Suporte,Mandrilhadora-A,Tarde,3606,52.0,170.48,Baixa,Sim,6,1.97,5,26,Atrasado
OP-04300,2,Eixo,CNC-01,Tarde,649,71.0,18.06,Baixa,Sim,3,3.86,3,18,No_Prazo
OP-04301,4,Engrenagem,Torno-03,Tarde,4055,153.0,134.61,Baixa,Sim,3,2.22,2,4,Atrasado
OP-04302,8,Suporte,Torno-03,Noite,4374,30.0,55.99,Urgente,Sim,6,1.52,2,30,Adiantado
OP-04303,2,Engrenagem,CNC-02,Noite,3345,34.0,80.17,Urgente,Sim,3,7.45,4,27,No_Prazo
OP-04304,1,Engrenagem,Torno-03,Noite,451,94.0,5.26,Média,Sim,5,7.4,2,4,No_Prazo
OP-04305,9,Carcaça,Fresadora-01,Tarde,3003,145.0,98.78,Alta,Não,1,4.2,0,33,Atrasado
OP-04306,10,Flange,Torno-03,Manhã,3162,70.0,106.3,Alta,Sim,4,6.4,3,25,No_Prazo
OP-04307,9,Suporte,Torno-03,Noite,1896,26.0,91.07,Baixa,Sim,5,2.01,4,39,Adiantado
OP-04308,10,Eixo,Mandrilhadora-A,Manhã,1867,175.0,66.35,Média,Sim,2,3.48,0,35,Adiantado
OP-04309,10,Engrenagem,CNC-02,Manhã,2372,170.0,24.0,Alta,Sim,5,2.19,2,28,Adiantado
OP-04310,8,Engrenagem,Fresadora-01,Manhã,4979,123.0,215.74,Baixa,Sim,6,1.13,2,5,Atrasado
OP-04311,7,Eixo,CNC-02,Tarde,68,128.0,1.58,Média,Sim,1,3.68,3,11,Adiantado
OP-04312,11,Engrenagem,Mandrilhadora-A,Tarde,2568,169.0,99.05,Média,Sim,2,6.09,3,15,Atrasado
OP-04313,5,Flange,CNC-02,Manhã,1618,121.0,33.27,Média,Sim,1,6.09,4,43,Adiantado
OP-04314,2,Eixo,Mandrilhadora-A,Noite,2766,145.0,111.77,Baixa,Sim,6,3.83,3,16,Atrasado
OP-04315,10,Flange,Fresadora-01,Manhã,69,91.0,3.25,Média,Não,2,3.85,4,25,Atrasado
OP-04316,4,Flange,CNC-02,Manhã,4593,53.0,60.5,Baixa,Sim,6,5.02,0,41,Adiantado
OP-04317,12,Eixo,Fresadora-01,Manhã,2312,152.0,73.46,Urgente,Sim,3,7.5,5,4,No_Prazo
OP-04318,5,Flange,CNC-02,Manhã,4849,128.0,153.31,Baixa,Sim,6,1.63,2,31,No_Prazo
OP-04319,11,Engrenagem,CNC-02,Noite,813,63.0,17.44,Média,Não,4,3.54,2,41,No_Prazo
OP-04320,1,Eixo,CNC-02,Manhã,2939,118.0,69.56,Média,Sim,2,7.29,4,40,No_Prazo
OP-04321,8,Carcaça,Fresadora-01,Manhã,3415,150.0,126.51,Média,Sim,4,4.62,2,24,Atrasado
OP-04322,6,Carcaça,CNC-02,Manhã,3991,60.0,86.62,Alta,Sim,1,6.45,4,19,Atrasado
OP-04323,6,Flange,Torno-03,Noite,94,142.0,1.06,Média,Sim,2,3.97,4,10,No_Prazo
OP-04324,4,Carcaça,Torno-03,Noite,3192,27.0,130.13,Alta,Sim,4,7.41,3,28,No_Prazo
OP-04325,12,Flange,CNC-01,Tarde,781,118.0,27.34,Média,Sim,5,7.18,3,41,Adiantado
OP-04326,5,Engrenagem,CNC-02,Tarde,2165,180.0,43.34,Alta,Sim,3,3.84,5,25,No_Prazo
OP-04327,11,Carcaça,CNC-02,Noite,314,158.0,15.22,Alta,Sim,6,0.54,4,31,Adiantado
OP-04328,6,Flange,CNC-02,Manhã,333,159.0,15.3,Média,Sim,3,4.75,4,14,No_Prazo
OP-04329,1,Suporte,Mandrilhadora-A,Manhã,3843,127.0,186.67,Alta,Sim,3,2.03,4,34,No_Prazo
OP-04330,11,Suporte,CNC-02,Tarde,3602,91.0,109.82,Alta,Sim,4,2.3,4,21,No_Prazo
OP-04331,3,Eixo,Torno-03,Manhã,4481,127.0,86.96,Urgente,Sim,3,3.72,4,18,No_Prazo
OP-04332,4,Suporte,Fresadora-01,Tarde,3516,68.0,59.61,Urgente,Sim,5,3.87,4,13,No_Prazo
OP-04333,11,Flange,Fresadora-01,Tarde,2999,106.0,143.77,Alta,Não,6,6.95,2,31,Atrasado
OP-04334,11,Eixo,Fresadora-01,Manhã,627,104.0,28.61,Média,Não,2,0.73,4,3,Atrasado
OP-04335,12,Eixo,Torno-03,Tarde,3837,105.0,152.09,Média,Sim,3,2.71,3,42,Adiantado
OP-04336,6,Suporte,Mandrilhadora-A,Manhã,1188,83.0,36.14,Alta,Sim,3,5.24,5,44,Adiantado
OP-04337,10,Eixo,Mandrilhadora-A,Manhã,577,73.0,14.64,Urgente,Não,4,5.16,2,44,No_Prazo
OP-04338,4,Engrenagem,CNC-02,Noite,3674,70.0,140.12,Baixa,Sim,4,2.88,0,44,Adiantado
OP-04339,9,Carcaça,CNC-01,Tarde,2960,52.0,30.73,Média,Sim,3,1.83,4,39,No_Prazo
OP-04340,7,Eixo,CNC-02,Manhã,791,87.0,24.5,Baixa,Sim,1,2.58,3,38,No_Prazo
OP-04341,1,Suporte,Mandrilhadora-A,Manhã,2768,34.0,102.82,Média,Não,6,7.19,0,21,Atrasado
OP-04342,6,Suporte,Mandrilhadora-A,Manhã,3470,164.0,139.32,Média,Sim,5,2.47,4,10,Atrasado
OP-04343,6,Carcaça,Fresadora-01,Manhã,2519,26.0,70.64,Média,Sim,5,4.19,0,3,No_Prazo
OP-04344,4,Suporte,Fresadora-01,Manhã,3603,153.0,143.42,Alta,Sim,5,7.57,0,3,No_Prazo
OP-04345,5,Suporte,CNC-02,Manhã,2547,55.0,35.23,Baixa,Sim,1,1.39,4,33,No_Prazo
OP-04346,7,Carcaça,Torno-03,Noite,1799,156.0,34.78,Alta,Sim,6,7.03,0,11,No_Prazo
OP-04347,1,Carcaça,CNC-01,Noite,1155,134.0,18.23,Média,Sim,1,6.08,1,9,Atrasado
OP-04348,2,Engrenagem,Torno-03,Noite,1328,167.0,31.33,Alta,Sim,5,4.14,2,40,Adiantado
OP-04349,10,Suporte,CNC-01,Tarde,4055,159.0,96.38,Baixa,Não,6,7.62,5,9,Atrasado
OP-04350,5,Engrenagem,CNC-01,Tarde,1896,131.0,47.32,Média,Não,4,1.06,3,9,Atrasado
OP-04351,8,Carcaça,Mandrilhadora-A,Tarde,3595,40.0,102.94,Alta,Sim,5,6.91,5,23,No_Prazo
OP-04352,7,Engrenagem,Mandrilhadora-A,Noite,1828,106.0,50.18,Alta,Sim,6,1.98,4,13,No_Prazo
OP-04353,7,Eixo,Fresadora-01,Tarde,2651,71.0,78.52,Média,Sim,4,3.16,1,6,Atrasado
OP-04354,5,Engrenagem,Fresadora-01,Tarde,3054,161.0,122.48,Média,Sim,3,1.42,3,32,Adiantado
OP-04355,6,Suporte,CNC-02,Noite,2414,159.0,37.85,Urgente,Sim,5,4.21,2,25,No_Prazo
OP-04356,10,Engrenagem,Torno-03,Tarde,3732,67.0,89.67,Média,Sim,5,1.77,1,23,Adiantado
OP-04357,12,Engrenagem,Fresadora-01,Manhã,4624,126.0,46.26,Baixa,Sim,1,2.41,3,13,Atrasado
OP-04358,4,Flange,Torno-03,Manhã,4315,71.0,48.02,Urgente,Sim,1,0.95,5,31,No_Prazo
OP-04359,9,Carcaça,CNC-02,Tarde,4611,127.0,157.96,Alta,Não,5,2.79,4,27,Atrasado
OP-04360,12,Flange,CNC-02,Manhã,198,116.0,8.92,Média,Sim,5,1.73,1,27,Adiantado
OP-04361,1,Flange,Mandrilhadora-A,Manhã,3808,99.0,84.68,Alta,Sim,5,5.64,1,43,Adiantado
OP-04362,10,Suporte,CNC-02,Manhã,3646,160.0,95.07,Média,Sim,1,5.29,5,27,Atrasado
OP-04363,6,Flange,Mandrilhadora-A,Manhã,2091,56.0,38.46,Alta,Sim,1,5.49,3,42,No_Prazo
OP-04364,12,Eixo,Fresadora-01,Noite,1605,147.0,25.22,Alta,Não,1,5.57,2,40,Atrasado
OP-04365,7,Flange,Mandrilhadora-A,Manhã,313,129.0,14.2,Média,Sim,2,1.27,4,7,No_Prazo
OP-04366,11,Engrenagem,Torno-03,Manhã,4201,61.0,138.15,Urgente,Sim,4,2.1,0,12,Adiantado
OP-04367,2,Eixo,CNC-02,Tarde,4208,85.0,160.72,Alta,Sim,3,6.03,4,32,No_Prazo
OP-04368,2,Suporte,CNC-01,Manhã,424,26.0,19.2,Baixa,Sim,1,4.12,2,8,No_Prazo
OP-04369,12,Eixo,Torno-03,Tarde,2931,114.0,98.29,Alta,Sim,4,5.23,2,34,Adiantado
OP-04370,7,Engrenagem,CNC-02,Tarde,2778,162.0,47.81,Alta,Não,2,0.92,3,20,Atrasado
OP-04371,7,Engrenagem,CNC-01,Manhã,903,34.0,34.8,Média,Não,2,3.4,1,16,Atrasado
OP-04372,3,Carcaça,Mandrilhadora-A,Tarde,2765,37.0,110.36,Média,Sim,5,3.79,5,25,No_Prazo
OP-04373,3,Eixo,Mandrilhadora-A,Manhã,4068,93.0,108.04,Média,Não,2,5.69,0,15,Atrasado
OP-04374,10,Engrenagem,CNC-02,Tarde,1666,61.0,57.76,Urgente,Não,4,7.34,3,24,Atrasado
OP-04375,4,Suporte,Fresadora-01,Noite,3642,61.0,107.01,Média,Sim,1,4.81,2,35,No_Prazo
OP-04376,8,Flange,Torno-03,Noite,4853,120.0,113.17,Média,Sim,5,6.21,5,26,Atrasado
OP-04377,4,Flange,Torno-03,Manhã,2301,83.0,84.9,Média,Sim,4,5.33,3,45,Adiantado
OP-04378,4,Carcaça,Fresadora-01,Tarde,579,154.0,11.52,Baixa,Sim,5,7.32,2,23,Adiantado
OP-04379,2,Eixo,Torno-03,Noite,1521,86.0,35.13,Baixa,Sim,2,6.58,2,38,No_Prazo
OP-04380,12,Flange,Mandrilhadora-A,Noite,725,117.0,19.01,Baixa,Sim,3,2.35,1,25,Adiantado
OP-04381,12,Suporte,CNC-01,Manhã,1796,81.0,62.11,Baixa,Sim,3,2.17,0,39,Adiantado
OP-04382,2,Suporte,Fresadora-01,Tarde,3239,57.0,142.8,Alta,Sim,6,7.34,2,43,Adiantado
OP-04383,5,Eixo,Mandrilhadora-A,Manhã,1053,93.0,36.43,Baixa,Sim,1,4.98,0,40,Adiantado
OP-04384,7,Suporte,Mandrilhadora-A,Manhã,2595,134.0,101.32,Média,Não,2,3.87,3,5,Atrasado
OP-04385,5,Suporte,CNC-01,Tarde,4990,172.0,108.31,Média,Sim,6,5.75,5,9,Atrasado
OP-04386,9,Engrenagem,CNC-01,Tarde,1359,22.0,45.52,Alta,Sim,1,2.61,0,43,Adiantado
OP-04387,4,Engrenagem,Fresadora-01,Manhã,4405,103.0,62.35,Baixa,Sim,2,6.56,5,36,Atrasado
OP-04388,1,Suporte,Mandrilhadora-A,Noite,1556,120.0,44.39,Média,Sim,2,4.46,0,28,No_Prazo
OP-04389,5,Engrenagem,Mandrilhadora-A,Tarde,3089,29.0,116.13,Alta,Sim,5,7.03,2,30,Adiantado
OP-04390,8,Carcaça,Mandrilhadora-A,Noite,827,152.0,14.22,Média,Sim,5,5.33,3,5,No_Prazo
OP-04391,3,Engrenagem,CNC-01,Noite,1377,61.0,63.46,Média,Sim,6,2.45,3,24,Adiantado
OP-04392,10,Carcaça,Torno-03,Noite,4345,159.0,115.96,Baixa,Sim,1,7.74,2,5,Atrasado
OP-04393,1,Suporte,Fresadora-01,Noite,2969,106.0,109.39,Alta,Sim,2,3.52,0,30,No_Prazo
OP-04394,1,Flange,Fresadora-01,Manhã,2869,40.0,82.62,Média,Sim,3,6.24,4,27,No_Prazo
OP-04395,7,Eixo,Fresadora-01,Manhã,2578,137.0,101.29,Alta,Sim,5,2.42,2,30,Adiantado
OP-04396,7,Eixo,CNC-02,Noite,1261,41.0,42.08,Urgente,Sim,4,3.63,1,32,Adiantado
OP-04397,4,Suporte,Torno-03,Manhã,4649,134.0,69.28,Alta,Sim,4,6.04,2,45,No_Prazo
OP-04398,4,Suporte,Torno-03,Manhã,1997,148.0,93.84,Baixa,Sim,5,5.72,2,25,No_Prazo
OP-04399,1,Eixo,Mandrilhadora-A,Tarde,106,110.0,3.86,Alta,Não,2,7.54,3,37,Atrasado
OP-04400,8,Flange,CNC-02,Manhã,4538,60.0,131.07,Média,Sim,6,6.48,3,22,No_Prazo
OP-04401,5,Carcaça,CNC-02,Manhã,280,87.0,10.38,Baixa,Sim,4,2.93,3,35,Adiantado
OP-04402,2,Eixo,CNC-01,Tarde,4439,102.0,90.71,Média,Sim,2,6.97,5,14,Atrasado
OP-04403,5,Suporte,CNC-01,Manhã,1366,125.0,55.68,Baixa,Sim,3,7.41,5,21,No_Prazo
OP-04404,12,Engrenagem,Mandrilhadora-A,Tarde,392,120.0,10.37,Urgente,Sim,2,7.66,0,29,Adiantado
OP-04405,4,Carcaça,Mandrilhadora-A,Manhã,1140,81.0,48.11,Alta,Sim,2,7.25,3,44,Adiantado
OP-04406,11,Engrenagem,CNC-02,Tarde,3287,140.0,68.9,Alta,Não,5,5.72,1,41,Atrasado
OP-04407,4,Eixo,Fresadora-01,Manhã,2751,142.0,114.47,Alta,Sim,2,6.47,0,14,No_Prazo
OP-04408,3,Flange,Torno-03,Tarde,807,130.0,37.34,Alta,Não,6,5.36,0,21,Atrasado
OP-04409,4,Eixo,Mandrilhadora-A,Manhã,1535,60.0,75.57,Alta,Sim,1,2.9,3,6,No_Prazo
OP-04410,4,Engrenagem,CNC-02,Manhã,1093,92.0,44.89,Média,Sim,2,6.62,5,32,No_Prazo
OP-04411,2,Suporte,Mandrilhadora-A,Noite,3283,86.0,125.28,Média,Sim,6,2.21,4,5,Atrasado
OP-04412,8,Engrenagem,CNC-02,Manhã,4327,150.0,133.26,Média,Sim,5,3.73,0,3,Atrasado
OP-04413,5,Carcaça,Fresadora-01,Tarde,1312,148.0,18.67,Alta,Sim,3,3.08,1,34,Adiantado
OP-04414,9,Engrenagem,CNC-02,Manhã,4481,158.0,145.16,Alta,Não,2,1.79,4,22,Atrasado
OP-04415,6,Eixo,Fresadora-01,Manhã,2070,53.0,67.34,Urgente,Sim,2,6.49,3,10,No_Prazo
OP-04416,6,Carcaça,CNC-02,Manhã,459,138.0,5.78,Alta,Sim,2,4.04,3,35,Adiantado
OP-04417,6,Engrenagem,Mandrilhadora-A,Noite,1645,159.0,61.89,Média,Sim,6,4.45,1,36,Adiantado
OP-04418,2,Engrenagem,Fresadora-01,Manhã,4375,42.0,69.81,Média,Sim,3,4.27,4,39,No_Prazo
OP-04419,9,Suporte,CNC-02,Manhã,4052,22.0,137.22,Média,Não,6,5.67,5,38,Atrasado
OP-04420,2,Engrenagem,Mandrilhadora-A,Tarde,3656,32.0,105.68,Alta,Sim,5,1.82,1,26,Adiantado
OP-04421,9,Carcaça,Fresadora-01,Manhã,2023,115.0,91.04,Média,Sim,3,4.26,5,43,Adiantado
OP-04422,12,Flange,Torno-03,Noite,3889,85.0,75.02,Baixa,Sim,5,2.45,2,27,No_Prazo
OP-04423,10,Carcaça,CNC-01,Noite,3565,47.0,60.06,Média,Sim,3,7.79,0,32,No_Prazo
OP-04424,6,Eixo,Mandrilhadora-A,Tarde,3969,102.0,127.19,Alta,Sim,3,0.95,5,8,Atrasado
OP-04425,4,Engrenagem,Fresadora-01,Tarde,2810,145.0,79.83,Média,Sim,5,7.46,1,26,No_Prazo
OP-04426,11,Carcaça,Fresadora-01,Manhã,2560,156.0,42.12,Alta,Sim,5,0.95,0,15,Adiantado
OP-04427,4,Suporte,Mandrilhadora-A,Noite,4835,139.0,167.04,Média,Não,2,1.32,2,37,Atrasado
OP-04428,6,Carcaça,Fresadora-01,Tarde,4737,161.0,219.0,Média,Não,3,7.3,3,31,Atrasado
OP-04429,10,Eixo,CNC-02,Manhã,2704,115.0,107.11,Alta,Sim,6,5.36,3,33,Adiantado
OP-04430,12,Flange,CNC-02,Noite,1041,153.0,19.14,Média,Sim,2,2.93,5,35,No_Prazo
OP-04431,12,Flange,CNC-01,Noite,2074,84.0,40.52,Alta,Sim,5,4.91,2,29,Adiantado
OP-04432,2,Flange,CNC-01,Tarde,2549,156.0,82.34,Alta,Sim,6,1.75,0,6,Adiantado
OP-04433,11,Eixo,Fresadora-01,Manhã,3401,163.0,126.18,Média,Sim,4,0.99,2,12,Atrasado
OP-04434,2,Eixo,Mandrilhadora-A,Tarde,1626,128.0,79.93,Alta,Sim,1,0.87,5,44,Adiantado
OP-04435,8,Suporte,CNC-01,Noite,274,86.0,3.89,Alta,Sim,6,2.53,0,32,Adiantado
OP-04436,12,Engrenagem,Torno-03,Tarde,4121,61.0,131.27,Média,Não,6,1.85,1,44,Atrasado
OP-04437,8,Eixo,CNC-01,Manhã,4747,69.0,234.95,Baixa,Sim,4,3.52,4,5,Atrasado
OP-04438,12,Eixo,Torno-03,Manhã,459,37.0,6.63,Média,Não,5,7.08,1,11,Atrasado
OP-04439,5,Engrenagem,Fresadora-01,Manhã,1626,23.0,79.52,Média,Sim,1,3.34,2,31,Adiantado
OP-04440,4,Engrenagem,Mandrilhadora-A,Manhã,2196,83.0,62.56,Média,Sim,5,3.49,0,4,No_Prazo
OP-04441,4,Flange,Mandrilhadora-A,Noite,3814,22.0,147.58,Alta,Não,5,1.41,0,5,Atrasado
OP-04442,5,Engrenagem,CNC-02,Manhã,3878,160.0,104.75,Urgente,Sim,4,7.92,4,17,No_Prazo
OP-04443,9,Eixo,Mandrilhadora-A,Manhã,1749,122.0,76.33,Baixa,Sim,4,1.59,4,32,Adiantado
OP-04444,6,Flange,Fresadora-01,Noite,1596,154.0,73.96,Alta,Sim,5,3.04,0,44,Adiantado
OP-04445,9,Carcaça,CNC-02,Tarde,2055,88.0,34.25,Alta,Não,4,7.59,3,44,Atrasado
OP-04446,5,Engrenagem,CNC-02,Manhã,1240,52.0,49.46,Alta,Sim,1,3.91,2,22,Adiantado
OP-04447,4,Flange,CNC-01,Noite,2210,63.0,23.93,Alta,Não,2,3.04,2,34,Atrasado
OP-04448,3,Engrenagem,Mandrilhadora-A,Manhã,1349,156.0,28.43,Média,Sim,4,5.86,4,16,No_Prazo
OP-04449,7,Flange,CNC-02,Noite,348,35.0,11.17,Média,Sim,4,0.75,3,33,Adiantado
OP-04450,11,Flange,CNC-02,Manhã,3582,130.0,122.25,Média,Não,2,2.91,0,41,Atrasado
OP-04451,11,Suporte,Torno-03,Tarde,3946,52.0,97.11,Média,Sim,1,4.85,5,30,Atrasado
OP-04452,4,Flange,CNC-01,Tarde,1469,73.0,30.58,Média,Sim,4,7.93,1,8,No_Prazo
OP-04453,6,Carcaça,Mandrilhadora-A,Manhã,2034,16.0,34.31,Baixa,Sim,2,7.76,3,15,No_Prazo
OP-04454,9,Engrenagem,Fresadora-01,Tarde,2043,94.0,40.02,Média,Sim,5,5.2,0,43,Adiantado
OP-04455,8,Engrenagem,CNC-01,Manhã,159,36.0,2.42,Baixa,Sim,4,3.05,3,36,Adiantado
OP-04456,1,Engrenagem,CNC-01,Tarde,2751,157.0,56.25,Baixa,Sim,2,4.63,0,37,No_Prazo
OP-04457,8,Eixo,CNC-01,Manhã,2319,31.0,99.37,Média,Sim,5,7.5,1,5,No_Prazo
OP-04458,1,Engrenagem,Mandrilhadora-A,Noite,4706,56.0,101.18,Baixa,Sim,1,5.5,2,19,Atrasado
OP-04459,2,Engrenagem,Torno-03,Tarde,1890,17.0,87.52,Baixa,Não,3,1.62,0,25,Atrasado
OP-04460,8,Eixo,Fresadora-01,Tarde,3982,179.0,78.88,Alta,Sim,4,7.79,2,36,No_Prazo
OP-04461,2,Carcaça,CNC-01,Manhã,1983,121.0,58.85,Alta,Sim,6,7.27,3,7,No_Prazo
OP-04462,5,Carcaça,CNC-02,Tarde,967,121.0,16.15,Urgente,Sim,6,2.13,5,35,Adiantado
OP-04463,8,Engrenagem,Torno-03,Tarde,1775,101.0,18.96,Urgente,Sim,5,5.43,2,29,Adiantado
OP-04464,8,Carcaça,CNC-02,Manhã,4421,158.0,154.83,Alta,Sim,4,7.09,4,27,No_Prazo
OP-04465,6,Eixo,Fresadora-01,Tarde,1318,39.0,30.99,Alta,Sim,4,2.15,1,40,Adiantado
OP-04466,2,Flange,Mandrilhadora-A,Manhã,4231,146.0,100.71,Média,Sim,3,7.43,5,36,No_Prazo
OP-04467,10,Eixo,CNC-02,Manhã,3344,148.0,87.98,Baixa,Sim,4,1.85,5,33,No_Prazo
OP-04468,12,Flange,Fresadora-01,Tarde,3738,21.0,153.67,Urgente,Sim,6,3.18,4,24,Adiantado
OP-04469,11,Suporte,Mandrilhadora-A,Manhã,3774,37.0,98.08,Urgente,Sim,4,7.57,1,44,Adiantado
OP-04470,9,Suporte,Mandrilhadora-A,Manhã,2608,105.0,35.09,Média,Não,5,7.6,5,39,Atrasado
OP-04471,5,Flange,CNC-01,Tarde,3029,30.0,64.06,Média,Sim,4,0.67,2,15,No_Prazo
OP-04472,11,Suporte,CNC-01,Tarde,395,62.0,13.05,Baixa,Sim,5,7.0,1,37,Adiantado
OP-04473,6,Suporte,Mandrilhadora-A,Manhã,3510,82.0,174.59,Baixa,Sim,6,5.7,2,27,No_Prazo
OP-04474,2,Engrenagem,Mandrilhadora-A,Manhã,3571,41.0,56.16,Média,Sim,3,7.04,1,41,No_Prazo
OP-04475,11,Eixo,CNC-02,Tarde,563,131.0,12.91,Baixa,Sim,4,3.96,2,19,No_Prazo
OP-04476,4,Engrenagem,Torno-03,Tarde,2615,97.0,76.94,Média,Sim,3,7.86,2,37,No_Prazo
OP-04477,12,Suporte,Torno-03,Tarde,2569,121.0,122.76,Alta,Sim,4,6.11,5,14,No_Prazo
OP-04478,5,Flange,Fresadora-01,Tarde,1583,93.0,22.7,Alta,Sim,2,6.2,2,42,Adiantado
OP-04479,11,Suporte,Fresadora-01,Noite,377,83.0,15.74,Alta,Sim,6,3.7,4,10,Adiantado
OP-04480,7,Flange,CNC-02,Noite,99,96.0,3.85,Média,Sim,5,3.44,4,10,No_Prazo
OP-04481,6,Eixo,Mandrilhadora-A,Manhã,1082,163.0,24.08,Média,Sim,6,2.04,5,45,Adiantado
OP-04482,4,Engrenagem,CNC-01,Manhã,1193,80.0,48.85,Alta,Sim,2,0.94,3,14,Adiantado
OP-04483,11,Carcaça,CNC-01,Manhã,1099,121.0,36.26,Média,Sim,6,7.26,3,25,Adiantado
OP-04484,1,Eixo,Mandrilhadora-A,Manhã,3048,153.0,51.37,Urgente,Não,5,4.93,5,22,Atrasado
OP-04485,6,Engrenagem,CNC-01,Manhã,2134,117.0,45.73,Média,Sim,3,4.69,4,36,Adiantado
OP-04486,5,Eixo,Mandrilhadora-A,Noite,605,52.0,14.0,Baixa,Sim,6,3.04,1,13,Adiantado
OP-04487,7,Carcaça,CNC-02,Manhã,465,35.0,10.66,Média,Sim,4,6.05,3,17,Adiantado
OP-04488,4,Eixo,CNC-02,Manhã,3294,112.0,131.28,Média,Sim,4,3.55,3,41,Adiantado
OP-04489,8,Carcaça,CNC-01,Tarde,4676,135.0,170.26,Média,Sim,5,6.57,3,42,No_Prazo
OP-04490,5,Flange,Mandrilhadora-A,Noite,4107,142.0,175.76,Média,Sim,1,1.1,3,10,Atrasado
OP-04491,3,Carcaça,CNC-02,Manhã,3800,129.0,115.64,Média,Sim,3,2.36,2,23,No_Prazo
OP-04492,3,Suporte,CNC-01,Noite,1624,16.0,39.01,Média,Sim,1,2.63,0,22,No_Prazo
OP-04493,9,Engrenagem,Torno-03,Noite,3534,143.0,44.92,Alta,Sim,3,0.67,2,25,No_Prazo
OP-04494,4,Flange,CNC-01,Tarde,455,115.0,19.01,Baixa,Sim,5,5.48,4,25,No_Prazo
OP-04495,4,Flange,Fresadora-01,Tarde,898,178.0,11.67,Alta,Sim,6,5.76,5,5,No_Prazo
OP-04496,8,Eixo,CNC-01,Tarde,741,141.0,16.35,Alta,Sim,2,3.6,3,40,Adiantado
OP-04497,4,Flange,Torno-03,Manhã,959,86.0,35.25,Baixa,Sim,6,6.47,4,13,No_Prazo
OP-04498,5,Engrenagem,CNC-02,Tarde,1821,127.0,73.87,Baixa,Sim,1,7.65,1,14,Atrasado
OP-04499,3,Suporte,CNC-01,Manhã,266,117.0,3.39,Baixa,Sim,1,6.03,4,37,Adiantado
OP-04500,5,Carcaça,CNC-01,Tarde,4076,71.0,139.83,Baixa,Sim,3,5.55,2,44,No_Prazo
OP-04501,9,Engrenagem,Torno-03,Noite,3589,103.0,55.58,Alta,Sim,2,3.87,4,41,No_Prazo
OP-04502,7,Flange,CNC-02,Manhã,3189,49.0,128.48,Urgente,Sim,4,4.65,3,15,No_Prazo
OP-04503,12,Suporte,CNC-01,Tarde,918,29.0,35.98,Baixa,Sim,2,2.66,4,35,Adiantado
OP-04504,10,Engrenagem,CNC-01,Manhã,4346,136.0,173.5,Média,Sim,4,2.33,4,10,Atrasado
OP-04505,1,Eixo,Mandrilhadora-A,Manhã,81,78.0,1.02,Alta,Sim,6,0.7,3,20,Adiantado
OP-04506,5,Eixo,Fresadora-01,Tarde,4972,140.0,160.98,Média,Sim,2,4.11,2,13,Atrasado
OP-04507,4,Engrenagem,Fresadora-01,Manhã,3647,96.0,71.61,Média,Sim,3,2.19,4,12,Atrasado
OP-04508,8,Carcaça,Mandrilhadora-A,Noite,1052,149.0,31.38,Média,Sim,4,4.01,4,40,Adiantado
OP-04509,4,Flange,CNC-01,Manhã,1024,137.0,50.77,Baixa,Sim,3,6.59,0,41,Adiantado
OP-04510,12,Suporte,Fresadora-01,Noite,3489,141.0,47.52,Média,Sim,3,3.25,1,9,Atrasado
OP-04511,4,Flange,Fresadora-01,Manhã,4050,86.0,136.74,Urgente,Sim,1,2.91,1,18,No_Prazo
OP-04512,7,Carcaça,CNC-02,Manhã,2359,174.0,39.16,Alta,Sim,3,3.85,1,4,Atrasado
OP-04513,2,Carcaça,Torno-03,Noite,347,82.0,10.55,Média,Sim,6,4.22,4,38,Adiantado
OP-04514,11,Suporte,Fresadora-01,Tarde,2492,146.0,76.84,Urgente,Sim,6,2.55,0,15,Adiantado
OP-04515,11,Eixo,Fresadora-01,Manhã,2423,96.0,68.45,Média,Sim,5,5.0,1,28,Adiantado
OP-04516,10,Flange,CNC-02,Noite,1661,54.0,59.11,Baixa,Sim,1,0.72,2,26,No_Prazo
OP-04517,5,Carcaça,Fresadora-01,Manhã,4519,119.0,221.29,Urgente,Sim,1,4.15,1,11,Atrasado
OP-04518,1,Flange,Fresadora-01,Manhã,1745,92.0,73.65,Alta,Sim,4,5.37,1,18,Adiantado
OP-04519,9,Flange,CNC-01,Tarde,1255,59.0,60.67,Alta,Não,2,4.0,2,7,Atrasado
OP-04520,6,Engrenagem,Torno-03,Tarde,3397,78.0,59.71,Baixa,Sim,2,7.84,3,9,Atrasado
OP-04521,12,Carcaça,Torno-03,Tarde,3110,41.0,154.66,Média,Não,2,1.66,2,39,Atrasado
OP-04522,9,Suporte,CNC-02,Noite,3122,178.0,69.33,Urgente,Sim,2,3.9,5,18,Atrasado
OP-04523,7,Eixo,CNC-01,Tarde,2545,121.0,28.93,Baixa,Sim,1,2.69,2,22,No_Prazo
OP-04524,12,Flange,CNC-01,Manhã,1626,44.0,44.63,Alta,Sim,4,7.27,5,32,Adiantado
OP-04525,10,Flange,Fresadora-01,Manhã,1325,141.0,26.3,Alta,Não,3,1.85,3,40,No_Prazo
OP-04526,6,Engrenagem,Mandrilhadora-A,Manhã,636,114.0,25.75,Média,Sim,5,4.41,2,21,Adiantado
OP-04527,1,Carcaça,Torno-03,Tarde,969,134.0,13.06,Alta,Sim,2,3.68,0,40,Adiantado
OP-04528,2,Carcaça,Mandrilhadora-A,Manhã,2912,111.0,92.95,Urgente,Sim,4,7.38,4,27,No_Prazo
OP-04529,6,Carcaça,Mandrilhadora-A,Tarde,2060,25.0,44.45,Alta,Não,2,4.68,3,5,Atrasado
OP-04530,7,Eixo,Fresadora-01,Tarde,3710,49.0,67.78,Média,Sim,6,3.99,5,43,Adiantado
OP-04531,1,Eixo,Torno-03,Noite,4031,142.0,181.5,Média,Sim,2,4.9,5,14,Atrasado
OP-04532,2,Engrenagem,Mandrilhadora-A,Manhã,2815,139.0,86.2,Média,Sim,5,5.84,3,35,Adiantado
OP-04533,9,Suporte,Fresadora-01,Manhã,568,139.0,13.07,Baixa,Não,5,0.74,1,40,No_Prazo
OP-04534,10,Eixo,Mandrilhadora-A,Noite,68,18.0,2.71,Urgente,Sim,2,2.35,2,37,Adiantado
OP-04535,1,Carcaça,Mandrilhadora-A,Tarde,1180,148.0,52.07,Urgente,Sim,1,2.27,0,29,Adiantado
OP-04536,7,Carcaça,CNC-01,Tarde,1447,87.0,40.06,Baixa,Sim,4,3.62,0,15,No_Prazo
OP-04537,1,Engrenagem,Fresadora-01,Tarde,414,129.0,7.16,Alta,Sim,1,4.82,2,30,Adiantado
OP-04538,9,Carcaça,Fresadora-01,Noite,3903,60.0,194.27,Urgente,Sim,4,7.37,1,24,No_Prazo
OP-04539,11,Engrenagem,Mandrilhadora-A,Manhã,1867,142.0,45.48,Alta,Sim,5,4.74,5,31,Adiantado
OP-04540,11,Flange,CNC-02,Noite,3725,177.0,67.87,Baixa,Sim,4,1.86,5,17,Atrasado
OP-04541,8,Flange,Mandrilhadora-A,Manhã,1083,57.0,15.31,Baixa,Sim,6,4.44,1,32,Adiantado
OP-04542,8,Carcaça,Torno-03,Noite,101,144.0,1.51,Média,Sim,3,3.71,1,23,Adiantado
OP-04543,12,Suporte,CNC-02,Manhã,728,115.0,34.74,Urgente,Sim,4,5.34,4,44,Adiantado
OP-04544,8,Carcaça,CNC-01,Manhã,2377,60.0,113.78,Média,Sim,6,5.28,1,7,No_Prazo
OP-04545,6,Flange,CNC-02,Manhã,2424,64.0,73.49,Média,Sim,6,5.45,1,34,Adiantado
OP-04546,10,Carcaça,Mandrilhadora-A,Noite,2214,136.0,83.44,Alta,Sim,3,7.98,4,25,No_Prazo
OP-04547,8,Carcaça,Fresadora-01,Noite,4799,62.0,207.82,Alta,Sim,3,0.71,2,27,Adiantado
OP-04548,11,Carcaça,Fresadora-01,Manhã,3278,23.0,105.87,Urgente,Sim,5,6.22,5,25,No_Prazo
OP-04549,7,Flange,Mandrilhadora-A,Manhã,3673,159.0,134.72,Alta,Sim,4,6.91,3,8,Atrasado
OP-04550,11,Eixo,CNC-02,Manhã,668,112.0,32.52,Média,Sim,3,2.34,1,27,Adiantado
OP-04551,1,Carcaça,Fresadora-01,Manhã,2354,140.0,39.79,Urgente,Sim,5,6.18,0,21,Adiantado
OP-04552,1,Suporte,CNC-02,Noite,3126,115.0,48.61,Alta,Sim,5,1.29,4,13,No_Prazo
OP-04553,2,Carcaça,Mandrilhadora-A,Manhã,2944,100.0,118.12,Alta,Sim,3,4.57,2,42,Adiantado
OP-04554,7,Flange,Torno-03,Noite,4737,142.0,180.64,Baixa,Sim,3,2.92,2,12,Atrasado
OP-04555,9,Carcaça,Mandrilhadora-A,Noite,2404,20.0,41.92,Média,Sim,5,2.21,4,21,No_Prazo
OP-04556,3,Suporte,Fresadora-01,Manhã,1890,66.0,41.76,Baixa,Sim,1,5.35,1,18,No_Prazo
OP-04557,2,Suporte,Fresadora-01,Tarde,4724,119.0,176.73,Alta,Sim,5,3.52,5,22,No_Prazo
OP-04558,11,Engrenagem,Mandrilhadora-A,Noite,1719,171.0,51.18,Baixa,Sim,3,1.75,3,26,No_Prazo
OP-04559,10,Flange,Fresadora-01,Noite,2872,80.0,131.36,Média,Sim,6,5.05,5,30,No_Prazo
OP-04560,8,Suporte,CNC-02,Tarde,189,176.0,8.22,Urgente,Sim,4,4.3,4,17,Adiantado
OP-04561,6,Suporte,Torno-03,Manhã,869,140.0,25.62,Alta,Sim,3,0.82,3,17,Adiantado
OP-04562,6,Carcaça,Torno-03,Manhã,334,95.0,12.25,Alta,Sim,1,6.66,0,33,Adiantado
OP-04563,1,Eixo,CNC-01,Noite,2118,86.0,75.69,Alta,Sim,1,7.9,4,32,No_Prazo
OP-04564,3,Eixo,Torno-03,Manhã,4661,36.0,63.78,Baixa,Sim,4,3.07,0,28,No_Prazo
OP-04565,11,Carcaça,Torno-03,Tarde,402,117.0,10.86,Média,Sim,2,7.9,4,25,Adiantado
OP-04566,5,Carcaça,CNC-02,Tarde,4878,24.0,134.61,Alta,Sim,6,7.97,5,7,Atrasado
OP-04567,9,Engrenagem,CNC-01,Tarde,4351,86.0,199.69,Alta,Sim,3,3.98,3,27,No_Prazo
OP-04568,9,Eixo,Torno-03,Manhã,77,54.0,3.5,Média,Não,6,7.41,5,12,Atrasado
OP-04569,4,Carcaça,Torno-03,Manhã,126,173.0,1.55,Média,Sim,3,6.37,3,6,No_Prazo
OP-04570,3,Engrenagem,CNC-01,Noite,4508,75.0,197.48,Média,Sim,3,6.76,3,28,Atrasado
OP-04571,9,Suporte,Fresadora-01,Manhã,2947,96.0,101.58,Média,Sim,1,1.42,3,25,No_Prazo
OP-04572,2,Engrenagem,CNC-01,Manhã,911,77.0,9.7,Média,Não,3,6.35,0,25,Atrasado
OP-04573,6,Engrenagem,CNC-01,Noite,4771,38.0,120.54,Baixa,Não,5,2.27,0,34,Atrasado
OP-04574,11,Suporte,Torno-03,Tarde,2828,73.0,128.74,Média,Não,6,6.11,0,17,Atrasado
OP-04575,9,Suporte,CNC-02,Tarde,3194,144.0,77.71,Média,Sim,3,2.27,5,17,No_Prazo
OP-04576,10,Flange,Mandrilhadora-A,Noite,3406,117.0,126.22,Alta,Não,6,6.38,0,10,Atrasado
OP-04577,1,Carcaça,CNC-01,Tarde,1048,87.0,34.19,Média,Sim,1,7.2,3,6,No_Prazo
OP-04578,3,Eixo,CNC-02,Noite,1827,150.0,61.38,Média,Sim,1,4.26,1,42,No_Prazo
OP-04579,4,Flange,Fresadora-01,Noite,686,16.0,20.05,Média,Sim,1,3.75,2,15,No_Prazo
OP-04580,4,Suporte,CNC-02,Manhã,2668,151.0,78.16,Alta,Sim,1,1.59,4,22,No_Prazo
OP-04581,3,Suporte,Mandrilhadora-A,Manhã,4937,25.0,227.62,Média,Sim,1,2.27,5,42,No_Prazo
OP-04582,12,Eixo,Fresadora-01,Manhã,3156,159.0,83.8,Urgente,Sim,1,7.94,0,12,Atrasado
OP-04583,2,Suporte,Mandrilhadora-A,Tarde,3475,171.0,61.36,Média,Não,5,5.98,3,10,Atrasado
OP-04584,9,Flange,Mandrilhadora-A,Tarde,1009,150.0,27.03,Alta,Sim,3,6.27,0,33,Adiantado
OP-04585,8,Flange,CNC-01,Tarde,2732,18.0,107.41,Média,Sim,5,6.61,1,18,No_Prazo
OP-04586,8,Carcaça,Torno-03,Noite,4971,102.0,144.21,Alta,Sim,5,4.88,4,14,No_Prazo
OP-04587,3,Eixo,Fresadora-01,Tarde,486,152.0,19.09,Alta,Sim,5,3.81,0,36,Adiantado
OP-04588,4,Suporte,CNC-01,Noite,1059,105.0,20.75,Baixa,Sim,1,3.11,1,14,No_Prazo
OP-04589,8,Carcaça,Torno-03,Tarde,3613,74.0,120.35,Média,Sim,1,0.7,3,3,Atrasado
OP-04590,4,Suporte,Fresadora-01,Tarde,101,93.0,4.5,Baixa,Sim,5,6.57,1,38,Adiantado
OP-04591,9,Carcaça,Fresadora-01,Manhã,1072,28.0,33.42,Média,Não,6,6.99,2,44,No_Prazo
OP-04592,1,Flange,Torno-03,Tarde,4724,97.0,167.57,Urgente,Sim,2,3.07,3,42,Adiantado
OP-04593,1,Eixo,Mandrilhadora-A,Tarde,144,20.0,5.35,Média,Sim,4,4.36,5,7,No_Prazo
OP-04594,9,Carcaça,Fresadora-01,Manhã,2174,121.0,86.06,Alta,Sim,1,4.84,0,23,No_Prazo
OP-04595,8,Suporte,CNC-01,Noite,1683,79.0,40.41,Média,Sim,2,5.43,3,41,No_Prazo
OP-04596,1,Eixo,CNC-02,Tarde,2023,47.0,70.95,Média,Sim,4,5.37,3,30,Adiantado
OP-04597,11,Eixo,Mandrilhadora-A,Manhã,1327,18.0,35.36,Alta,Sim,4,1.98,2,15,Adiantado
OP-04598,1,Eixo,CNC-01,Noite,1414,167.0,36.25,Baixa,Não,4,5.65,0,18,Atrasado
OP-04599,12,Carcaça,CNC-01,Manhã,3815,107.0,110.67,Baixa,Sim,3,6.14,4,16,Atrasado
OP-04600,9,Engrenagem,CNC-02,Tarde,177,122.0,4.66,Média,Não,2,0.63,1,30,No_Prazo
OP-04601,12,Suporte,Mandrilhadora-A,Tarde,691,144.0,7.63,Média,Sim,5,5.13,0,31,Adiantado
OP-04602,12,Flange,Fresadora-01,Manhã,1359,118.0,53.92,Urgente,Sim,2,3.63,2,34,Adiantado
OP-04603,4,Engrenagem,CNC-01,Tarde,4141,83.0,138.2,Baixa,Sim,5,7.14,1,14,Atrasado
OP-04604,10,Suporte,CNC-02,Manhã,1996,119.0,30.94,Baixa,Sim,3,7.58,3,34,No_Prazo
OP-04605,3,Suporte,Mandrilhadora-A,Manhã,222,57.0,4.54,Baixa,Sim,4,4.88,3,21,Adiantado
OP-04606,6,Suporte,CNC-02,Tarde,2625,108.0,90.41,Média,Sim,6,3.5,1,4,No_Prazo
OP-04607,3,Flange,Torno-03,Manhã,3155,49.0,96.92,Média,Sim,3,7.54,5,36,No_Prazo
OP-04608,6,Eixo,Torno-03,Noite,2315,166.0,90.14,Baixa,Sim,6,2.52,5,7,Atrasado
OP-04609,11,Engrenagem,Fresadora-01,Manhã,488,99.0,14.43,Baixa,Sim,1,4.19,1,3,No_Prazo
OP-04610,6,Engrenagem,Fresadora-01,Manhã,4401,54.0,192.7,Baixa,Sim,4,3.15,5,33,No_Prazo
OP-04611,2,Eixo,Mandrilhadora-A,Noite,4298,121.0,56.3,Alta,Não,4,1.65,1,6,Atrasado
OP-04612,4,Suporte,CNC-01,Tarde,4561,30.0,157.48,Média,Não,6,7.21,2,25,Atrasado
OP-04613,10,Engrenagem,Torno-03,Tarde,4821,87.0,119.86,Alta,Sim,2,2.38,3,17,Atrasado
OP-04614,7,Carcaça,Fresadora-01,Tarde,1619,158.0,36.06,Baixa,Sim,4,6.47,1,43,Adiantado
OP-04615,7,Flange,Torno-03,Noite,2137,142.0,102.03,Média,Não,4,6.15,3,16,Atrasado
OP-04616,6,Eixo,Fresadora-01,Manhã,4799,131.0,213.81,Urgente,Sim,1,5.5,0,7,Atrasado
OP-04617,4,Carcaça,Fresadora-01,Manhã,2276,93.0,39.49,Baixa,Não,6,1.32,3,8,Atrasado
OP-04618,8,Engrenagem,CNC-02,Noite,4331,89.0,53.26,Média,Sim,3,3.5,5,45,Adiantado
OP-04619,8,Carcaça,CNC-01,Manhã,3256,17.0,145.51,Média,Não,3,7.45,1,44,Atrasado
OP-04620,11,Eixo,Mandrilhadora-A,Tarde,4641,114.0,77.84,Baixa,Sim,6,3.24,0,8,No_Prazo
OP-04621,8,Eixo,Mandrilhadora-A,Tarde,101,110.0,4.76,Média,Sim,1,0.65,3,17,Adiantado
OP-04622,12,Flange,Mandrilhadora-A,Tarde,3546,16.0,74.8,Média,Sim,4,5.94,1,4,No_Prazo
OP-04623,10,Carcaça,CNC-02,Noite,4014,38.0,106.24,Média,Sim,1,5.66,4,38,Atrasado
OP-04624,1,Eixo,CNC-02,Noite,1031,17.0,12.17,Média,Sim,6,4.85,1,41,Adiantado
OP-04625,5,Carcaça,CNC-02,Manhã,3690,57.0,116.24,Média,Sim,5,3.22,0,33,Adiantado
OP-04626,5,Eixo,CNC-01,Tarde,1016,16.0,17.83,Média,Sim,4,2.92,1,24,Adiantado
OP-04627,1,Eixo,CNC-01,Tarde,4528,84.0,123.36,Alta,Sim,3,2.22,4,18,No_Prazo
OP-04628,3,Suporte,CNC-02,Manhã,4547,94.0,212.69,Alta,Sim,6,4.94,0,15,Adiantado
OP-04629,10,Suporte,Mandrilhadora-A,Noite,68,87.0,1.37,Média,Sim,2,7.97,5,33,No_Prazo
OP-04630,5,Eixo,CNC-02,Tarde,2559,48.0,90.58,Média,Sim,5,6.38,1,27,No_Prazo
OP-04631,2,Engrenagem,Torno-03,Manhã,1943,101.0,35.13,Alta,Não,3,5.41,1,23,Atrasado
OP-04632,4,Eixo,Torno-03,Noite,4457,149.0,153.29,Média,Sim,5,4.77,4,19,Atrasado
OP-04633,4,Flange,CNC-02,Noite,1635,63.0,35.26,Urgente,Sim,5,5.79,5,34,Adiantado
OP-04634,3,Engrenagem,Mandrilhadora-A,Manhã,3616,67.0,134.74,Alta,Não,6,4.26,1,45,No_Prazo
OP-04635,2,Engrenagem,CNC-01,Noite,627,105.0,25.6,Média,Não,4,6.86,5,8,Atrasado
OP-04636,10,Carcaça,Mandrilhadora-A,Manhã,1101,54.0,49.79,Alta,Sim,2,4.86,4,36,Adiantado
OP-04637,10,Engrenagem,Fresadora-01,Manhã,4926,71.0,230.26,Baixa,Sim,6,2.36,0,22,No_Prazo
OP-04638,6,Flange,CNC-02,Manhã,1954,90.0,38.4,Baixa,Sim,4,4.72,2,31,Adiantado
OP-04639,8,Suporte,Fresadora-01,Noite,3840,79.0,58.21,Urgente,Sim,5,2.34,1,37,Adiantado
OP-04640,12,Eixo,Torno-03,Manhã,4840,150.0,57.79,Alta,Não,2,4.52,0,16,Atrasado
OP-04641,11,Flange,Mandrilhadora-A,Manhã,4827,155.0,187.36,Média,Não,4,6.53,5,11,Atrasado
OP-04642,1,Engrenagem,CNC-01,Tarde,146,81.0,2.55,Alta,Sim,6,5.96,4,4,Adiantado
OP-04643,12,Suporte,CNC-01,Tarde,1201,89.0,50.45,Baixa,Sim,3,2.53,5,44,Adiantado
OP-04644,1,Suporte,Torno-03,Manhã,3587,173.0,174.3,Alta,Não,4,5.97,3,37,Atrasado
OP-04645,1,Carcaça,Mandrilhadora-A,Manhã,4637,98.0,73.81,Urgente,Não,2,1.43,4,33,Atrasado
OP-04646,5,Carcaça,CNC-01,Noite,4894,179.0,104.4,Alta,Sim,2,5.34,3,5,Atrasado
OP-04647,9,Eixo,Fresadora-01,Tarde,3615,141.0,111.93,Média,Sim,5,2.86,0,42,Adiantado
OP-04648,1,Engrenagem,Mandrilhadora-A,Noite,565,59.0,15.38,Média,Sim,3,5.13,0,7,No_Prazo
OP-04649,4,Eixo,Torno-03,Manhã,3725,53.0,100.72,Alta,Sim,2,6.97,5,15,Atrasado
OP-04650,4,Engrenagem,Mandrilhadora-A,Tarde,1396,41.0,26.08,Média,Sim,2,1.5,3,28,Adiantado
OP-04651,5,Flange,Fresadora-01,Noite,4052,148.0,184.64,Urgente,Sim,1,5.72,1,3,Atrasado
OP-04652,12,Engrenagem,CNC-02,Manhã,2757,66.0,102.74,Média,Sim,3,5.62,4,35,No_Prazo
OP-04653,4,Carcaça,Mandrilhadora-A,Manhã,960,127.0,15.51,Baixa,Sim,2,6.18,3,42,Adiantado
OP-04654,3,Suporte,Fresadora-01,Manhã,4226,104.0,43.01,Média,Sim,1,7.77,5,20,Atrasado
OP-04655,2,Eixo,CNC-01,Manhã,4944,151.0,200.27,Média,Sim,3,4.12,2,8,Atrasado
OP-04656,3,Carcaça,Torno-03,Manhã,2557,139.0,27.19,Baixa,Sim,6,1.52,4,28,Adiantado
OP-04657,2,Suporte,Fresadora-01,Noite,4072,26.0,184.12,Média,Sim,6,5.72,5,36,No_Prazo
OP-04658,7,Flange,Mandrilhadora-A,Tarde,345,71.0,10.76,Urgente,Não,4,4.59,2,44,Adiantado
OP-04659,6,Engrenagem,Fresadora-01,Tarde,1392,101.0,65.71,Baixa,Sim,4,6.59,5,14,No_Prazo
OP-04660,6,Eixo,Torno-03,Manhã,679,148.0,27.75,Alta,Sim,6,6.45,4,15,Adiantado
OP-04661,10,Flange,CNC-02,Tarde,1455,133.0,66.6,Média,Sim,5,6.0,0,6,No_Prazo
OP-04662,7,Suporte,CNC-01,Tarde,1910,106.0,75.93,Alta,Sim,2,3.48,0,4,No_Prazo
OP-04663,2,Eixo,CNC-01,Noite,2185,148.0,72.25,Média,Sim,4,4.07,0,34,Adiantado
OP-04664,5,Suporte,Fresadora-01,Tarde,1646,87.0,27.85,Alta,Sim,3,7.37,2,12,No_Prazo
OP-04665,4,Eixo,Mandrilhadora-A,Noite,2746,24.0,107.38,Média,Não,1,3.77,4,16,Atrasado
OP-04666,10,Eixo,CNC-01,Manhã,1137,159.0,38.31,Média,Sim,6,4.9,4,22,Adiantado
OP-04667,4,Flange,Fresadora-01,Tarde,1771,102.0,49.92,Baixa,Não,4,5.63,4,6,Atrasado
OP-04668,2,Engrenagem,Torno-03,Noite,4208,148.0,136.1,Média,Sim,5,1.37,2,36,No_Prazo
OP-04669,9,Flange,CNC-01,Tarde,2833,80.0,54.65,Baixa,Sim,5,6.27,0,27,No_Prazo
OP-04670,6,Eixo,CNC-02,Tarde,183,112.0,4.79,Média,Não,1,0.61,0,21,Atrasado
OP-04671,2,Eixo,CNC-02,Noite,1674,70.0,25.06,Média,Sim,2,7.87,0,13,No_Prazo
OP-04672,9,Suporte,Fresadora-01,Noite,4155,83.0,109.65,Alta,Sim,6,4.76,0,28,Adiantado
OP-04673,3,Eixo,CNC-02,Manhã,941,39.0,26.99,Média,Sim,2,1.76,5,33,Adiantado
OP-04674,11,Suporte,Mandrilhadora-A,Manhã,4612,137.0,204.36,Alta,Sim,2,6.38,1,27,Atrasado
OP-04675,10,Suporte,CNC-02,Tarde,1514,61.0,47.07,Baixa,Sim,4,6.83,1,35,Adiantado
OP-04676,5,Suporte,CNC-01,Noite,3169,65.0,146.9,Alta,Não,2,2.04,4,23,Atrasado
OP-04677,7,Eixo,CNC-01,Tarde,2401,73.0,116.97,Urgente,Sim,5,0.81,1,8,Adiantado
OP-04678,7,Carcaça,Torno-03,Manhã,3145,86.0,37.61,Média,Não,5,4.43,4,9,Atrasado
OP-04679,8,Eixo,Torno-03,Tarde,3996,110.0,135.41,Baixa,Sim,5,5.3,2,37,No_Prazo
OP-04680,1,Eixo,Fresadora-01,Manhã,787,128.0,17.29,Alta,Sim,5,1.76,4,5,Adiantado
OP-04681,4,Carcaça,Torno-03,Manhã,1793,126.0,78.99,Baixa,Sim,1,4.71,1,22,Atrasado
OP-04682,3,Eixo,CNC-01,Manhã,2863,85.0,85.21,Média,Sim,4,4.45,5,11,Atrasado
OP-04683,9,Suporte,CNC-02,Manhã,1339,95.0,17.57,Baixa,Não,2,6.98,4,35,Atrasado
OP-04684,1,Engrenagem,Torno-03,Tarde,1907,38.0,35.47,Média,Sim,1,6.62,1,14,No_Prazo
OP-04685,7,Suporte,CNC-02,Manhã,4434,101.0,163.86,Alta,Sim,6,1.49,3,35,Adiantado
OP-04686,9,Carcaça,Fresadora-01,Manhã,1183,160.0,15.6,Baixa,Sim,2,5.8,4,11,No_Prazo
OP-04687,12,Suporte,Mandrilhadora-A,Tarde,989,91.0,24.89,Média,Sim,5,4.27,5,29,Adiantado
OP-04688,4,Flange,CNC-02,Manhã,2937,170.0,131.77,Média,Sim,3,4.0,2,11,Atrasado
OP-04689,1,Carcaça,Torno-03,Manhã,543,41.0,6.06,Média,Sim,5,1.72,5,23,Adiantado
OP-04690,9,Eixo,Mandrilhadora-A,Manhã,55,137.0,2.08,Alta,Sim,3,6.11,4,29,Adiantado
OP-04691,1,Eixo,CNC-02,Manhã,4354,132.0,161.18,Alta,Sim,3,7.01,2,9,Atrasado
OP-04692,1,Engrenagem,Torno-03,Tarde,1418,127.0,32.37,Alta,Não,1,2.04,4,22,Atrasado
OP-04693,12,Suporte,CNC-02,Manhã,646,124.0,9.37,Média,Sim,3,0.72,3,33,Adiantado
OP-04694,11,Suporte,Fresadora-01,Manhã,3297,19.0,46.48,Baixa,Não,5,5.07,5,13,Atrasado
OP-04695,9,Suporte,Fresadora-01,Manhã,2430,137.0,118.51,Média,Sim,5,7.86,0,5,Atrasado
OP-04696,11,Suporte,CNC-01,Manhã,2302,97.0,85.35,Média,Sim,6,5.59,4,13,No_Prazo
OP-04697,1,Engrenagem,CNC-01,Manhã,2219,101.0,55.56,Alta,Sim,4,2.4,4,19,No_Prazo
OP-04698,2,Suporte,CNC-01,Manhã,770,23.0,33.37,Alta,Sim,6,7.05,0,9,Adiantado
OP-04699,4,Suporte,CNC-01,Manhã,4299,46.0,60.76,Alta,Não,4,4.54,3,37,Atrasado
OP-04700,1,Eixo,CNC-01,Manhã,56,165.0,0.84,Baixa,Sim,5,4.32,4,32,Adiantado
OP-04701,11,Flange,Fresadora-01,Noite,2441,67.0,43.7,Urgente,Sim,1,0.93,5,24,No_Prazo
OP-04702,1,Carcaça,Mandrilhadora-A,Manhã,1388,80.0,56.27,Urgente,Sim,2,0.96,0,23,Adiantado
OP-04703,7,Flange,Torno-03,Manhã,3226,46.0,85.02,Baixa,Sim,4,4.84,1,37,Adiantado
OP-04704,11,Suporte,Mandrilhadora-A,Tarde,2767,119.0,98.79,Média,Sim,4,6.55,3,31,No_Prazo
OP-04705,9,Flange,Fresadora-01,Manhã,1955,137.0,37.73,Alta,Sim,3,6.15,3,32,Adiantado
OP-04706,3,Suporte,Mandrilhadora-A,Noite,2696,167.0,110.78,Média,Não,6,7.56,0,19,Atrasado
OP-04707,6,Suporte,Fresadora-01,Manhã,1173,108.0,49.34,Baixa,Sim,3,4.27,4,3,Atrasado
OP-04708,7,Suporte,CNC-01,Tarde,698,60.0,18.52,Média,Sim,1,5.16,2,6,No_Prazo
OP-04709,10,Suporte,Torno-03,Noite,4531,27.0,83.24,Média,Não,4,5.2,2,34,Atrasado
OP-04710,6,Carcaça,Torno-03,Manhã,3087,59.0,108.67,Alta,Sim,2,3.35,4,38,No_Prazo
OP-04711,4,Eixo,Fresadora-01,Manhã,3286,117.0,66.53,Alta,Sim,1,0.52,3,7,Atrasado
OP-04712,10,Carcaça,Fresadora-01,Tarde,4994,176.0,79.56,Urgente,Sim,2,6.79,1,4,Atrasado
OP-04713,11,Suporte,CNC-01,Noite,4525,28.0,156.71,Média,Sim,1,1.0,2,13,Atrasado
OP-04714,6,Flange,Fresadora-01,Manhã,2945,79.0,89.87,Alta,Sim,4,7.69,0,18,No_Prazo
OP-04715,1,Eixo,Mandrilhadora-A,Tarde,3972,125.0,164.2,Baixa,Sim,3,6.83,5,10,Atrasado
OP-04716,7,Flange,CNC-01,Manhã,2661,110.0,57.72,Média,Sim,6,1.28,1,28,Adiantado
OP-04717,11,Suporte,Torno-03,Tarde,1227,123.0,23.33,Urgente,Sim,1,1.42,2,41,Adiantado
OP-04718,12,Eixo,Mandrilhadora-A,Manhã,3132,91.0,111.56,Alta,Sim,3,6.03,1,31,No_Prazo
OP-04719,5,Eixo,CNC-01,Tarde,4569,59.0,173.82,Alta,Sim,6,4.58,2,17,No_Prazo
OP-04720,2,Carcaça,CNC-01,Manhã,4404,95.0,116.86,Baixa,Sim,4,5.37,1,23,No_Prazo
OP-04721,7,Flange,Mandrilhadora-A,Tarde,2550,78.0,70.62,Baixa,Sim,3,2.67,0,43,Adiantado
OP-04722,10,Suporte,CNC-01,Manhã,4732,132.0,70.7,Alta,Sim,4,7.13,4,37,No_Prazo
OP-04723,12,Engrenagem,Fresadora-01,Tarde,1027,43.0,29.55,Média,Sim,2,4.57,2,9,Atrasado
OP-04724,1,Engrenagem,Mandrilhadora-A,Tarde,253,97.0,12.26,Média,Sim,6,4.74,4,23,Adiantado
OP-04725,4,Carcaça,Torno-03,Noite,2046,173.0,29.77,Alta,Sim,4,7.93,1,6,Atrasado
OP-04726,6,Engrenagem,Torno-03,Noite,1064,103.0,34.81,Baixa,Sim,2,6.29,3,38,Adiantado
OP-04727,2,Suporte,Torno-03,Tarde,4790,54.0,51.42,Média,Sim,1,5.67,1,32,No_Prazo
OP-04728,11,Carcaça,CNC-02,Tarde,623,169.0,14.34,Média,Sim,4,7.0,1,13,No_Prazo
OP-04729,2,Flange,CNC-02,Manhã,2696,55.0,109.04,Baixa,Sim,6,7.93,5,35,No_Prazo
OP-04730,8,Carcaça,Torno-03,Noite,3873,139.0,126.59,Média,Sim,6,6.59,3,23,No_Prazo
OP-04731,12,Flange,Mandrilhadora-A,Tarde,598,33.0,7.92,Baixa,Sim,4,6.55,0,37,Adiantado
OP-04732,9,Carcaça,Mandrilhadora-A,Tarde,275,156.0,7.72,Média,Sim,6,1.94,5,4,No_Prazo
OP-04733,10,Eixo,Mandrilhadora-A,Tarde,2790,45.0,36.72,Média,Sim,5,7.05,4,21,No_Prazo
OP-04734,4,Flange,CNC-01,Noite,4518,80.0,112.68,Média,Não,3,7.11,2,27,Atrasado
OP-04735,10,Eixo,CNC-02,Noite,130,174.0,5.3,Alta,Sim,6,4.98,1,7,Adiantado
OP-04736,6,Suporte,Fresadora-01,Noite,151,111.0,3.07,Média,Não,1,5.38,2,20,Atrasado
OP-04737,1,Engrenagem,Torno-03,Tarde,4631,59.0,130.3,Alta,Sim,6,5.18,4,34,No_Prazo
OP-04738,5,Carcaça,CNC-02,Manhã,3032,15.0,91.0,Alta,Não,6,4.59,2,32,No_Prazo
OP-04739,5,Engrenagem,CNC-02,Noite,3521,16.0,155.39,Média,Sim,4,1.88,1,7,No_Prazo
OP-04740,7,Eixo,CNC-01,Tarde,1414,60.0,21.01,Média,Sim,6,5.43,1,34,Adiantado
OP-04741,4,Flange,CNC-02,Tarde,1596,102.0,51.1,Urgente,Sim,1,3.35,5,34,No_Prazo
OP-04742,6,Engrenagem,Torno-03,Tarde,2379,95.0,26.72,Média,Sim,1,4.52,1,21,No_Prazo
OP-04743,6,Flange,Torno-03,Tarde,1109,167.0,15.23,Média,Sim,3,7.26,3,38,Adiantado
OP-04744,4,Carcaça,Torno-03,Tarde,2237,141.0,42.12,Média,Sim,1,1.32,4,29,No_Prazo
OP-04745,9,Carcaça,CNC-02,Tarde,4772,168.0,185.1,Alta,Sim,2,7.67,0,45,No_Prazo
OP-04746,4,Engrenagem,CNC-02,Noite,3757,99.0,43.75,Média,Sim,2,4.76,0,34,No_Prazo
OP-04747,10,Flange,Mandrilhadora-A,Noite,4351,89.0,207.99,Média,Sim,3,7.62,1,45,No_Prazo
OP-04748,4,Flange,Torno-03,Tarde,2508,108.0,67.98,Média,Sim,4,2.0,3,38,Adiantado
OP-04749,11,Engrenagem,CNC-02,Manhã,3948,76.0,171.92,Alta,Sim,2,0.91,5,17,No_Prazo
OP-04750,5,Suporte,Fresadora-01,Tarde,2135,50.0,40.3,Média,Não,2,5.16,2,7,Atrasado
OP-04751,1,Flange,Torno-03,Tarde,3106,153.0,73.03,Urgente,Sim,5,4.45,1,30,Adiantado
OP-04752,2,Suporte,Torno-03,Tarde,3664,127.0,143.19,Alta,Sim,2,6.01,1,26,No_Prazo
OP-04753,10,Eixo,CNC-02,Noite,4133,69.0,104.02,Baixa,Sim,3,5.01,4,45,No_Prazo
OP-04754,11,Eixo,Fresadora-01,Manhã,4632,89.0,140.35,Média,Sim,5,4.36,3,42,No_Prazo
OP-04755,3,Suporte,CNC-01,Manhã,572,52.0,24.24,Urgente,Sim,3,7.27,3,3,No_Prazo
OP-04756,8,Suporte,Mandrilhadora-A,Noite,3979,108.0,143.42,Média,Sim,2,2.93,1,15,No_Prazo
OP-04757,7,Engrenagem,Torno-03,Noite,3562,74.0,154.72,Média,Sim,5,2.54,3,25,No_Prazo
OP-04758,2,Eixo,Torno-03,Tarde,3696,159.0,49.75,Média,Sim,6,6.53,1,30,No_Prazo
OP-04759,6,Flange,CNC-02,Manhã,122,102.0,4.19,Baixa,Sim,6,3.14,5,20,Adiantado
OP-04760,9,Carcaça,Torno-03,Tarde,2464,83.0,83.89,Média,Sim,3,4.72,3,15,Atrasado
OP-04761,12,Eixo,Fresadora-01,Tarde,4806,139.0,164.77,Alta,Não,1,5.11,0,22,Atrasado
OP-04762,11,Eixo,Torno-03,Tarde,4506,164.0,151.19,Alta,Sim,3,2.71,3,37,No_Prazo
OP-04763,2,Carcaça,CNC-01,Manhã,1192,150.0,46.43,Baixa,Sim,5,3.17,0,43,Adiantado
OP-04764,3,Suporte,Torno-03,Manhã,2457,97.0,107.52,Média,Sim,6,0.81,5,34,Adiantado
OP-04765,6,Carcaça,CNC-02,Tarde,4326,74.0,82.99,Média,Sim,1,2.6,2,9,Atrasado
OP-04766,2,Suporte,CNC-01,Tarde,4654,124.0,66.01,Alta,Não,1,2.95,4,43,Atrasado
OP-04767,7,Carcaça,Mandrilhadora-A,Tarde,1689,150.0,21.89,Média,Sim,2,0.63,5,25,No_Prazo
OP-04768,1,Engrenagem,CNC-02,Manhã,4024,176.0,65.74,Urgente,Sim,1,6.67,2,33,No_Prazo
OP-04769,2,Eixo,Torno-03,Manhã,4182,90.0,151.55,Alta,Não,2,7.14,0,32,Atrasado
OP-04770,1,Eixo,CNC-01,Manhã,793,125.0,21.14,Alta,Sim,3,1.83,0,24,Adiantado
OP-04771,4,Engrenagem,CNC-02,Noite,208,63.0,4.99,Média,Sim,2,5.04,1,25,Adiantado
OP-04772,10,Suporte,CNC-02,Manhã,282,29.0,13.08,Média,Sim,4,3.81,1,26,Adiantado
OP-04773,3,Suporte,CNC-01,Tarde,769,57.0,35.38,Média,Sim,6,1.46,4,8,Adiantado
OP-04774,12,Engrenagem,Mandrilhadora-A,Tarde,3717,17.0,117.29,Alta,Sim,4,0.69,0,36,Adiantado
OP-04775,4,Engrenagem,CNC-02,Noite,1978,99.0,56.06,Urgente,Sim,4,5.48,4,16,No_Prazo
OP-04776,1,Engrenagem,Torno-03,Manhã,3444,77.0,71.7,Urgente,Sim,6,1.1,1,34,Adiantado
OP-04777,5,Flange,Torno-03,Tarde,494,127.0,14.03,Média,Sim,4,7.18,0,4,No_Prazo
OP-04778,9,Flange,Torno-03,Noite,3030,117.0,80.1,Alta,Não,6,6.42,0,8,Atrasado
OP-04779,2,Eixo,Torno-03,Manhã,3738,43.0,38.42,Média,Sim,6,5.93,4,14,No_Prazo
OP-04780,1,Carcaça,Torno-03,Tarde,4882,126.0,196.95,Baixa,Sim,1,6.82,4,15,Atrasado
OP-04781,11,Eixo,CNC-01,Manhã,1630,46.0,44.89,Alta,Sim,6,1.3,5,7,No_Prazo
OP-04782,8,Flange,Fresadora-01,Noite,2749,16.0,51.99,Urgente,Sim,1,5.2,3,32,No_Prazo
OP-04783,5,Flange,CNC-01,Tarde,2441,175.0,89.46,Alta,Sim,2,2.05,3,5,No_Prazo
OP-04784,10,Eixo,Torno-03,Manhã,1772,19.0,49.45,Alta,Não,4,4.4,0,7,Atrasado
OP-04785,11,Carcaça,CNC-02,Noite,3216,71.0,72.52,Média,Sim,5,3.19,0,29,No_Prazo
OP-04786,5,Carcaça,Torno-03,Tarde,2846,120.0,54.74,Alta,Sim,6,1.42,3,31,Adiantado
OP-04787,7,Engrenagem,CNC-01,Tarde,4173,76.0,51.6,Alta,Não,3,6.01,3,31,Atrasado
OP-04788,1,Flange,Fresadora-01,Manhã,190,78.0,5.72,Média,Sim,2,2.76,4,40,Adiantado
OP-04789,4,Engrenagem,Torno-03,Manhã,1148,134.0,28.72,Baixa,Sim,3,1.42,3,36,Adiantado
OP-04790,8,Flange,CNC-01,Tarde,2917,114.0,33.88,Média,Não,3,7.1,0,18,Atrasado
OP-04791,3,Suporte,CNC-01,Tarde,2890,101.0,122.81,Média,Sim,2,1.51,3,30,No_Prazo
OP-04792,12,Flange,Torno-03,Noite,4517,161.0,191.21,Alta,Sim,2,2.04,0,12,Atrasado
OP-04793,12,Eixo,Fresadora-01,Manhã,3390,33.0,100.35,Urgente,Não,5,0.68,5,38,Atrasado
OP-04794,4,Eixo,Torno-03,Tarde,71,93.0,3.09,Alta,Não,6,4.39,2,39,No_Prazo
OP-04795,5,Eixo,Fresadora-01,Manhã,2471,54.0,72.25,Média,Não,4,6.69,2,26,Atrasado
OP-04796,3,Eixo,Fresadora-01,Tarde,4234,21.0,70.95,Média,Sim,1,6.88,0,23,No_Prazo
OP-04797,7,Eixo,Mandrilhadora-A,Manhã,4372,177.0,134.24,Média,Não,5,6.08,1,29,Atrasado
OP-04798,2,Suporte,Mandrilhadora-A,Manhã,4019,136.0,90.44,Alta,Sim,4,4.04,0,38,Adiantado
OP-04799,5,Engrenagem,Mandrilhadora-A,Manhã,2413,51.0,67.79,Baixa,Sim,3,7.17,0,42,Adiantado
OP-04800,7,Engrenagem,Fresadora-01,Tarde,575,81.0,28.08,Média,Sim,1,6.25,3,6,No_Prazo
OP-04801,8,Flange,Torno-03,Manhã,1105,52.0,26.76,Alta,Sim,5,7.17,2,28,Adiantado
OP-04802,8,Suporte,Torno-03,Noite,4241,128.0,79.03,Baixa,Sim,4,2.3,3,12,Atrasado
OP-04803,3,Eixo,Fresadora-01,Manhã,1736,73.0,26.29,Alta,Não,2,5.01,4,5,Atrasado
OP-04804,10,Eixo,CNC-01,Tarde,3829,167.0,173.67,Alta,Sim,3,0.66,4,3,Atrasado
OP-04805,9,Suporte,Fresadora-01,Tarde,229,49.0,2.43,Alta,Sim,4,4.41,5,7,No_Prazo
OP-04806,10,Eixo,Torno-03,Manhã,2480,73.0,114.82,Urgente,Sim,4,7.08,0,22,Adiantado
OP-04807,6,Suporte,Torno-03,Manhã,4754,169.0,59.29,Alta,Sim,4,6.04,0,39,Adiantado
OP-04808,11,Engrenagem,Mandrilhadora-A,Manhã,1263,161.0,50.65,Média,Sim,1,6.32,5,40,No_Prazo
OP-04809,5,Engrenagem,Fresadora-01,Tarde,201,63.0,4.37,Média,Sim,4,2.88,5,36,Adiantado
OP-04810,10,Flange,Mandrilhadora-A,Noite,1476,95.0,29.51,Baixa,Sim,1,3.49,0,30,No_Prazo
OP-04811,3,Eixo,Mandrilhadora-A,Manhã,362,161.0,6.23,Baixa,Sim,1,7.9,0,29,Adiantado
OP-04812,3,Suporte,Mandrilhadora-A,Tarde,3080,126.0,47.37,Alta,Sim,1,2.5,1,3,Atrasado
OP-04813,7,Flange,CNC-02,Tarde,999,120.0,12.64,Média,Sim,4,1.15,3,38,Adiantado
OP-04814,7,Eixo,CNC-01,Tarde,1269,124.0,20.56,Média,Sim,6,3.42,0,4,No_Prazo
OP-04815,9,Engrenagem,CNC-02,Tarde,2959,167.0,99.24,Alta,Sim,6,6.25,2,36,Adiantado
OP-04816,4,Engrenagem,Fresadora-01,Noite,1660,100.0,54.43,Baixa,Sim,5,4.43,1,33,Adiantado
OP-04817,11,Suporte,Mandrilhadora-A,Tarde,3270,45.0,69.46,Média,Sim,5,0.83,5,14,No_Prazo
OP-04818,4,Eixo,Mandrilhadora-A,Noite,4657,93.0,173.22,Alta,Sim,1,5.49,4,6,Atrasado
OP-04819,7,Flange,Fresadora-01,Manhã,4659,135.0,190.02,Baixa,Sim,1,6.02,3,40,Atrasado
OP-04820,12,Carcaça,Fresadora-01,Noite,3660,96.0,180.1,Média,Sim,2,5.02,0,12,Atrasado
OP-04821,7,Carcaça,Mandrilhadora-A,Noite,4845,67.0,133.68,Baixa,Sim,3,1.79,1,25,No_Prazo
OP-04822,9,Eixo,Fresadora-01,Noite,3693,125.0,92.26,Alta,Sim,3,1.93,1,33,No_Prazo
OP-04823,11,Engrenagem,CNC-01,Manhã,385,89.0,18.84,Alta,Sim,4,3.56,5,22,Adiantado
OP-04824,12,Suporte,Torno-03,Noite,4781,174.0,227.99,Alta,Sim,1,3.19,3,13,Atrasado
OP-04825,6,Suporte,CNC-02,Manhã,2855,73.0,134.41,Média,Sim,1,1.26,2,24,No_Prazo
OP-04826,6,Eixo,Fresadora-01,Tarde,78,133.0,2.68,Alta,Sim,6,6.95,0,24,Adiantado
OP-04827,3,Flange,Fresadora-01,Manhã,3121,107.0,108.33,Média,Sim,4,7.43,4,22,Atrasado
OP-04828,7,Engrenagem,CNC-02,Tarde,1260,28.0,59.37,Média,Não,3,1.58,3,19,Atrasado
OP-04829,12,Suporte,CNC-02,Tarde,2695,93.0,78.67,Baixa,Sim,5,4.72,1,5,No_Prazo
OP-04830,6,Suporte,CNC-01,Manhã,3306,20.0,61.29,Baixa,Sim,5,3.72,5,17,No_Prazo
OP-04831,5,Eixo,CNC-02,Manhã,187,145.0,9.24,Baixa,Não,6,3.57,4,18,Atrasado
OP-04832,2,Flange,Mandrilhadora-A,Manhã,2219,136.0,96.93,Média,Sim,4,4.85,0,13,No_Prazo
OP-04833,5,Eixo,Fresadora-01,Tarde,324,23.0,3.97,Baixa,Sim,4,3.91,0,7,Adiantado
OP-04834,3,Engrenagem,Mandrilhadora-A,Noite,608,97.0,8.82,Baixa,Sim,6,3.89,0,20,Adiantado
OP-04835,12,Engrenagem,Mandrilhadora-A,Tarde,1096,174.0,49.63,Alta,Sim,6,1.58,1,42,Adiantado
OP-04836,7,Carcaça,Mandrilhadora-A,Noite,3917,62.0,86.34,Média,Sim,5,5.83,2,10,Atrasado
OP-04837,2,Flange,CNC-01,Noite,2094,164.0,79.27,Alta,Sim,4,4.85,5,32,No_Prazo
OP-04838,1,Engrenagem,CNC-02,Manhã,283,40.0,4.16,Média,Não,1,0.92,5,44,Atrasado
OP-04839,11,Engrenagem,CNC-01,Tarde,3748,16.0,63.05,Baixa,Sim,6,3.32,5,44,Adiantado
OP-04840,12,Eixo,CNC-01,Tarde,2742,103.0,109.39,Urgente,Sim,1,2.13,5,16,No_Prazo
OP-04841,10,Carcaça,CNC-02,Manhã,750,54.0,36.88,Baixa,Sim,1,3.42,0,8,No_Prazo
OP-04842,2,Eixo,CNC-02,Tarde,2834,160.0,85.27,Alta,Não,3,1.39,4,34,Atrasado
OP-04843,2,Carcaça,CNC-01,Tarde,1281,126.0,15.01,Alta,Sim,1,5.08,5,16,No_Prazo
OP-04844,3,Flange,Mandrilhadora-A,Tarde,3198,128.0,61.95,Média,Sim,1,4.86,3,15,Atrasado
OP-04845,10,Suporte,Torno-03,Tarde,4740,126.0,87.73,Alta,Sim,3,4.95,5,34,No_Prazo
OP-04846,10,Suporte,Fresadora-01,Manhã,1612,127.0,76.43,Alta,Sim,3,3.25,2,14,No_Prazo
OP-04847,11,Engrenagem,Fresadora-01,Noite,3739,138.0,100.08,Alta,Sim,1,5.92,4,25,Atrasado
OP-04848,2,Engrenagem,Mandrilhadora-A,Manhã,166,126.0,7.95,Média,Sim,6,6.82,4,23,Adiantado
OP-04849,2,Carcaça,CNC-01,Noite,2065,153.0,91.65,Média,Sim,2,3.62,1,39,Adiantado
OP-04850,11,Carcaça,CNC-02,Manhã,4450,107.0,124.74,Média,Sim,2,3.75,4,34,No_Prazo
OP-04851,12,Engrenagem,CNC-02,Tarde,419,73.0,4.61,Baixa,Sim,5,7.24,2,18,No_Prazo
OP-04852,9,Suporte,Torno-03,Tarde,4649,92.0,227.42,Média,Não,5,5.04,1,3,Atrasado
OP-04853,2,Carcaça,Torno-03,Manhã,513,88.0,5.34,Alta,Sim,3,4.32,0,13,Adiantado
OP-04854,1,Carcaça,Fresadora-01,Manhã,2435,70.0,107.74,Média,Não,2,6.03,4,10,Atrasado
OP-04855,1,Eixo,Torno-03,Manhã,946,84.0,25.1,Alta,Não,6,2.83,4,36,No_Prazo
OP-04856,9,Carcaça,CNC-02,Tarde,152,79.0,3.35,Urgente,Sim,1,0.75,4,36,Adiantado
OP-04857,11,Suporte,Torno-03,Noite,1778,33.0,46.82,Baixa,Sim,4,5.76,5,4,No_Prazo
OP-04858,8,Carcaça,Mandrilhadora-A,Manhã,2925,152.0,71.01,Média,Sim,1,5.35,5,18,Atrasado
OP-04859,4,Engrenagem,Torno-03,Tarde,3625,140.0,136.17,Média,Sim,1,3.71,1,9,Atrasado
OP-04860,10,Suporte,Torno-03,Noite,1613,71.0,53.08,Baixa,Sim,1,0.84,4,39,No_Prazo
OP-04861,1,Engrenagem,CNC-01,Tarde,2487,171.0,50.43,Baixa,Não,4,7.55,1,34,Atrasado
OP-04862,10,Eixo,CNC-01,Noite,953,172.0,29.64,Urgente,Sim,2,5.98,4,8,No_Prazo
OP-04863,11,Engrenagem,CNC-02,Tarde,3661,156.0,95.91,Baixa,Não,5,3.39,2,32,Atrasado
OP-04864,9,Flange,CNC-01,Tarde,886,20.0,41.49,Média,Sim,6,2.01,5,37,Adiantado
OP-04865,11,Carcaça,Torno-03,Manhã,4312,76.0,197.04,Média,Não,1,4.67,0,5,Atrasado
OP-04866,8,Suporte,Mandrilhadora-A,Manhã,937,90.0,32.51,Baixa,Sim,4,0.66,1,29,Adiantado
OP-04867,6,Eixo,Torno-03,Tarde,3337,134.0,162.23,Alta,Sim,6,3.93,3,25,Adiantado
OP-04868,4,Flange,Fresadora-01,Noite,1687,120.0,42.18,Alta,Não,1,7.91,3,10,Atrasado
OP-04869,12,Eixo,Mandrilhadora-A,Manhã,4982,127.0,67.35,Média,Sim,3,6.04,5,42,No_Prazo
OP-04870,9,Suporte,Fresadora-01,Noite,1439,142.0,17.13,Média,Sim,1,7.89,5,3,Atrasado
OP-04871,3,Eixo,Fresadora-01,Manhã,4746,171.0,205.68,Alta,Sim,1,3.47,1,24,No_Prazo
OP-04872,12,Engrenagem,Fresadora-01,Tarde,4190,106.0,106.17,Alta,Não,6,1.15,3,40,Atrasado
OP-04873,1,Flange,CNC-02,Noite,2366,164.0,105.08,Média,Sim,2,7.74,4,16,Atrasado
OP-04874,8,Carcaça,Torno-03,Noite,2501,149.0,70.9,Média,Sim,2,6.99,5,15,Atrasado
OP-04875,3,Flange,CNC-02,Tarde,1801,71.0,18.81,Média,Sim,6,4.72,2,34,Adiantado
OP-04876,8,Eixo,Fresadora-01,Manhã,2166,149.0,67.46,Média,Sim,2,2.22,0,13,No_Prazo
OP-04877,5,Engrenagem,Torno-03,Manhã,2356,34.0,79.59,Média,Sim,2,6.04,2,24,No_Prazo
OP-04878,6,Carcaça,Mandrilhadora-A,Manhã,771,41.0,21.63,Alta,Sim,6,0.64,1,10,Adiantado
OP-04879,9,Suporte,CNC-01,Noite,1648,179.0,71.72,Média,Sim,5,7.36,0,5,No_Prazo
OP-04880,10,Engrenagem,CNC-01,Manhã,4385,86.0,156.81,Alta,Sim,4,5.73,1,18,No_Prazo
OP-04881,5,Engrenagem,Fresadora-01,Tarde,4895,91.0,120.37,Alta,Sim,6,1.82,1,9,No_Prazo
OP-04882,12,Engrenagem,Fresadora-01,Manhã,321,172.0,12.44,Alta,Sim,2,1.73,0,25,Adiantado
OP-04883,6,Eixo,Fresadora-01,Tarde,3675,75.0,83.73,Média,Sim,5,0.93,4,24,No_Prazo
OP-04884,2,Carcaça,CNC-02,Manhã,1235,54.0,53.77,Baixa,Sim,4,6.28,3,23,No_Prazo
OP-04885,1,Engrenagem,CNC-01,Tarde,3286,28.0,69.68,Alta,Sim,4,1.46,0,44,Adiantado
OP-04886,3,Carcaça,CNC-02,Tarde,3126,101.0,114.61,Alta,Sim,3,4.4,2,39,Adiantado
OP-04887,9,Engrenagem,Torno-03,Noite,4400,48.0,117.06,Baixa,Não,1,3.19,5,21,Atrasado
OP-04888,7,Suporte,Torno-03,Noite,3526,26.0,49.53,Alta,Sim,4,4.62,1,11,Atrasado
OP-04889,5,Eixo,Mandrilhadora-A,Tarde,4126,149.0,145.19,Urgente,Não,5,5.71,1,11,Atrasado
OP-04890,6,Carcaça,Mandrilhadora-A,Manhã,4015,69.0,101.67,Alta,Sim,1,2.07,4,35,No_Prazo
OP-04891,11,Flange,Fresadora-01,Noite,3254,111.0,115.1,Baixa,Sim,1,2.0,2,39,No_Prazo
OP-04892,7,Eixo,CNC-01,Noite,2080,32.0,65.72,Alta,Sim,6,3.03,4,42,Adiantado
OP-04893,1,Eixo,CNC-01,Noite,1718,98.0,20.04,Média,Sim,6,7.51,1,42,Adiantado
OP-04894,1,Carcaça,Torno-03,Tarde,1766,119.0,32.14,Média,Não,4,3.83,0,4,Atrasado
OP-04895,6,Flange,Fresadora-01,Manhã,1825,89.0,69.38,Baixa,Sim,3,2.43,3,38,Adiantado
OP-04896,5,Eixo,Fresadora-01,Noite,1478,71.0,42.43,Alta,Sim,1,4.4,2,35,Adiantado
OP-04897,11,Suporte,CNC-02,Manhã,1588,66.0,45.51,Média,Sim,6,1.85,5,10,No_Prazo
OP-04898,7,Flange,CNC-01,Manhã,2862,33.0,28.89,Média,Sim,4,6.24,4,14,No_Prazo
OP-04899,10,Suporte,CNC-02,Manhã,1387,34.0,30.67,Média,Sim,1,2.89,2,44,Adiantado
OP-04900,8,Flange,Fresadora-01,Tarde,1775,97.0,65.28,Média,Sim,3,7.87,0,22,No_Prazo
OP-04901,5,Engrenagem,Mandrilhadora-A,Manhã,3559,38.0,161.86,Média,Não,6,5.22,3,32,Atrasado
OP-04902,8,Engrenagem,Mandrilhadora-A,Tarde,1674,52.0,55.18,Média,Sim,6,5.09,4,5,No_Prazo
OP-04903,8,Engrenagem,Torno-03,Tarde,577,42.0,18.25,Baixa,Sim,4,2.68,1,30,Adiantado
OP-04904,9,Flange,CNC-01,Tarde,133,147.0,3.83,Média,Sim,1,1.84,3,15,No_Prazo
OP-04905,3,Flange,Mandrilhadora-A,Manhã,3837,89.0,142.5,Baixa,Não,1,1.08,0,36,Atrasado
OP-04906,8,Suporte,CNC-01,Noite,4744,106.0,198.89,Alta,Não,3,6.92,4,7,Atrasado
OP-04907,4,Carcaça,CNC-02,Tarde,3428,111.0,64.54,Média,Não,5,7.85,5,45,Atrasado
OP-04908,10,Engrenagem,Mandrilhadora-A,Tarde,349,80.0,13.46,Alta,Sim,5,2.11,1,13,Adiantado
OP-04909,10,Carcaça,Torno-03,Tarde,2838,64.0,56.06,Média,Sim,5,7.95,4,20,Atrasado
OP-04910,8,Carcaça,CNC-01,Manhã,1390,78.0,15.67,Baixa,Não,2,5.12,4,4,Atrasado
OP-04911,12,Suporte,Torno-03,Tarde,1637,103.0,21.26,Média,Sim,2,6.4,1,7,No_Prazo
OP-04912,7,Flange,CNC-01,Manhã,4611,74.0,54.69,Média,Sim,2,7.91,1,43,No_Prazo
OP-04913,1,Engrenagem,CNC-02,Noite,4130,38.0,87.58,Média,Não,5,7.81,2,33,Atrasado
OP-04914,8,Engrenagem,Mandrilhadora-A,Manhã,3689,166.0,55.66,Alta,Sim,5,4.76,5,41,Adiantado
OP-04915,10,Engrenagem,CNC-02,Noite,2529,136.0,33.91,Baixa,Sim,1,4.45,2,39,No_Prazo
OP-04916,2,Suporte,Mandrilhadora-A,Tarde,2911,26.0,46.3,Média,Sim,5,5.57,1,30,No_Prazo
OP-04917,2,Flange,Torno-03,Manhã,4583,164.0,52.83,Baixa,Sim,3,2.15,1,30,No_Prazo
OP-04918,4,Engrenagem,Fresadora-01,Tarde,3321,43.0,78.85,Média,Não,3,3.42,1,16,Atrasado
OP-04919,11,Engrenagem,Fresadora-01,Manhã,2916,31.0,125.13,Média,Sim,4,6.71,3,33,Adiantado
OP-04920,7,Engrenagem,Torno-03,Noite,530,44.0,17.04,Baixa,Sim,3,1.32,4,43,Adiantado
OP-04921,12,Suporte,CNC-01,Noite,4982,169.0,62.77,Baixa,Sim,6,3.94,1,13,Atrasado
OP-04922,11,Suporte,Mandrilhadora-A,Tarde,4052,52.0,101.29,Alta,Sim,4,2.87,2,44,Adiantado
OP-04923,7,Suporte,Torno-03,Tarde,1855,145.0,50.44,Média,Sim,5,4.87,2,25,Adiantado
OP-04924,9,Engrenagem,Fresadora-01,Noite,1288,121.0,21.76,Média,Sim,6,1.92,1,37,Adiantado
OP-04925,4,Engrenagem,Torno-03,Tarde,4840,101.0,120.62,Alta,Sim,6,7.46,2,18,No_Prazo
OP-04926,2,Engrenagem,Fresadora-01,Tarde,4783,75.0,112.26,Baixa,Sim,4,6.44,0,32,Atrasado
OP-04927,5,Suporte,CNC-02,Manhã,2130,30.0,63.37,Alta,Sim,6,1.11,2,26,Adiantado
OP-04928,8,Suporte,Mandrilhadora-A,Manhã,1195,132.0,45.28,Alta,Sim,4,2.94,4,17,No_Prazo
OP-04929,3,Eixo,CNC-02,Tarde,3999,80.0,116.58,Média,Não,3,0.82,2,4,Atrasado
OP-04930,3,Engrenagem,Fresadora-01,Tarde,3145,103.0,40.75,Média,Não,5,1.42,2,40,Atrasado
OP-04931,1,Eixo,Torno-03,Noite,4505,24.0,55.0,Média,Sim,6,3.68,3,32,No_Prazo
OP-04932,9,Carcaça,Torno-03,Tarde,2749,143.0,125.13,Alta,Não,2,2.97,2,24,Atrasado
OP-04933,11,Engrenagem,CNC-01,Tarde,2781,129.0,105.1,Baixa,Não,6,4.4,2,26,Atrasado
OP-04934,10,Suporte,CNC-02,Tarde,758,102.0,27.51,Alta,Sim,3,2.68,1,30,Adiantado
OP-04935,5,Flange,CNC-01,Noite,3035,97.0,141.21,Média,Sim,2,2.99,4,4,Atrasado
OP-04936,8,Engrenagem,Torno-03,Tarde,1846,71.0,58.44,Alta,Não,5,7.69,3,10,Atrasado
OP-04937,12,Carcaça,Fresadora-01,Noite,1067,71.0,13.82,Urgente,Sim,2,7.06,0,45,Adiantado
OP-04938,8,Flange,Torno-03,Manhã,3917,26.0,151.1,Média,Sim,3,0.6,3,3,Atrasado
OP-04939,4,Suporte,Fresadora-01,Tarde,1761,128.0,29.04,Média,Não,4,5.02,2,7,Atrasado
OP-04940,5,Engrenagem,CNC-02,Noite,1102,22.0,40.39,Média,Sim,3,1.57,0,45,Adiantado
OP-04941,9,Eixo,CNC-02,Noite,4804,15.0,125.04,Média,Sim,1,6.42,3,36,Atrasado
OP-04942,6,Suporte,Torno-03,Manhã,4816,20.0,53.6,Baixa,Sim,1,6.77,0,29,Atrasado
OP-04943,11,Suporte,CNC-02,Tarde,2498,49.0,30.53,Média,Sim,1,5.45,1,42,No_Prazo
OP-04944,11,Engrenagem,Mandrilhadora-A,Manhã,1512,109.0,38.87,Alta,Não,4,5.55,3,32,Atrasado
OP-04945,1,Suporte,Mandrilhadora-A,Manhã,850,127.0,28.71,Urgente,Sim,6,6.89,3,6,No_Prazo
OP-04946,9,Carcaça,Torno-03,Noite,3152,84.0,53.07,Alta,Sim,4,1.26,1,5,No_Prazo
OP-04947,5,Suporte,Fresadora-01,Noite,3073,82.0,43.85,Alta,Sim,4,5.81,5,40,No_Prazo
OP-04948,7,Eixo,CNC-01,Manhã,3113,110.0,77.98,Média,Não,6,1.4,5,21,Atrasado
OP-04949,4,Carcaça,CNC-01,Noite,3850,113.0,162.34,Baixa,Sim,1,0.82,0,18,Atrasado
OP-04950,5,Suporte,CNC-02,Tarde,2380,154.0,98.44,Alta,Não,1,5.29,1,15,Atrasado
OP-04951,4,Engrenagem,CNC-02,Noite,3432,150.0,128.24,Alta,Sim,6,2.54,0,37,Adiantado
OP-04952,1,Engrenagem,CNC-02,Noite,3294,151.0,88.99,Alta,Não,6,0.84,0,38,Atrasado
OP-04953,10,Carcaça,Torno-03,Noite,3988,154.0,110.38,Média,Sim,4,0.97,2,29,No_Prazo
OP-04954,2,Eixo,Fresadora-01,Noite,3730,160.0,71.01,Baixa,Não,1,7.85,0,23,Atrasado
OP-04955,5,Engrenagem,Torno-03,Noite,227,107.0,3.52,Média,Sim,2,2.17,5,28,No_Prazo
OP-04956,3,Flange,Torno-03,Tarde,3114,113.0,33.11,Média,Sim,5,3.56,4,19,No_Prazo
OP-04957,2,Flange,CNC-01,Manhã,4878,135.0,216.61,Média,Sim,2,2.5,0,18,Atrasado
OP-04958,5,Flange,CNC-02,Manhã,2821,48.0,84.2,Baixa,Sim,4,7.51,1,9,No_Prazo
OP-04959,12,Suporte,Mandrilhadora-A,Noite,2672,74.0,27.05,Baixa,Sim,5,1.05,4,23,No_Prazo
OP-04960,12,Carcaça,Mandrilhadora-A,Manhã,3052,166.0,95.12,Média,Sim,3,4.57,1,19,No_Prazo
OP-04961,5,Suporte,CNC-01,Noite,2821,101.0,57.36,Média,Sim,3,4.08,2,15,No_Prazo
OP-04962,7,Engrenagem,CNC-01,Manhã,2039,24.0,55.25,Urgente,Não,6,5.69,0,18,Atrasado
OP-04963,12,Engrenagem,Mandrilhadora-A,Noite,4970,82.0,183.38,Alta,Sim,6,7.24,5,33,Atrasado
OP-04964,3,Engrenagem,CNC-01,Tarde,400,42.0,16.96,Baixa,Sim,3,0.5,0,36,Adiantado
OP-04965,12,Eixo,Torno-03,Noite,4080,74.0,155.12,Alta,Sim,2,0.62,0,37,Adiantado
OP-04966,2,Eixo,Mandrilhadora-A,Noite,840,105.0,38.52,Média,Sim,1,3.33,1,39,Adiantado
OP-04967,3,Carcaça,Fresadora-01,Tarde,1072,98.0,20.79,Urgente,Sim,2,3.51,2,45,Adiantado
OP-04968,5,Eixo,Torno-03,Tarde,3053,96.0,111.3,Alta,Sim,4,7.18,2,19,No_Prazo
OP-04969,1,Engrenagem,CNC-02,Manhã,3207,18.0,146.22,Média,Não,6,2.59,4,41,Atrasado
OP-04970,10,Carcaça,Fresadora-01,Noite,4639,88.0,103.64,Baixa,Sim,4,6.86,3,20,Atrasado
OP-04971,11,Eixo,Fresadora-01,Noite,1506,20.0,63.22,Urgente,Sim,6,1.17,0,38,Adiantado
OP-04972,5,Carcaça,Mandrilhadora-A,Manhã,177,82.0,8.43,Urgente,Sim,5,1.08,0,44,Adiantado
OP-04973,11,Suporte,Torno-03,Manhã,1312,122.0,46.91,Média,Sim,1,6.09,1,36,Adiantado
OP-04974,10,Carcaça,Mandrilhadora-A,Tarde,2742,36.0,45.44,Média,Sim,3,6.22,2,19,No_Prazo
OP-04975,10,Carcaça,Fresadora-01,Manhã,1818,166.0,37.15,Média,Sim,4,1.21,4,19,No_Prazo
OP-04976,10,Engrenagem,CNC-01,Noite,1297,119.0,48.25,Alta,Sim,1,7.95,5,30,Atrasado
OP-04977,7,Suporte,CNC-02,Manhã,4574,51.0,204.22,Média,Sim,1,1.1,1,45,No_Prazo
OP-04978,2,Flange,Fresadora-01,Noite,2830,80.0,30.99,Baixa,Não,3,7.13,4,8,Atrasado
OP-04979,12,Suporte,CNC-01,Noite,3376,31.0,77.83,Média,Não,6,1.95,1,14,Atrasado
OP-04980,8,Suporte,Fresadora-01,Noite,3760,19.0,72.73,Média,Não,4,0.66,5,21,Atrasado
OP-04981,11,Flange,CNC-02,Tarde,2075,166.0,55.78,Média,Sim,4,6.91,3,37,Adiantado
OP-04982,12,Eixo,CNC-02,Manhã,3690,126.0,150.33,Alta,Sim,4,1.88,0,13,No_Prazo
OP-04983,3,Carcaça,Torno-03,Noite,4820,144.0,145.14,Urgente,Não,4,4.47,0,22,Atrasado
OP-04984,5,Suporte,Mandrilhadora-A,Tarde,3638,118.0,111.8,Média,Sim,6,6.7,2,13,No_Prazo
OP-04985,3,Carcaça,Mandrilhadora-A,Noite,1519,165.0,52.19,Alta,Sim,2,1.66,2,33,Adiantado
OP-04986,1,Eixo,Torno-03,Manhã,3905,163.0,119.6,Alta,Não,2,6.06,1,13,Atrasado
OP-04987,12,Carcaça,CNC-01,Manhã,1218,25.0,45.71,Média,Não,2,4.49,0,7,Atrasado
OP-04988,12,Eixo,Mandrilhadora-A,Noite,409,46.0,5.84,Baixa,Sim,4,2.42,5,23,Adiantado
OP-04989,12,Flange,Mandrilhadora-A,Noite,2248,80.0,24.53,Média,Sim,2,0.81,4,3,Atrasado
OP-04990,11,Carcaça,Fresadora-01,Manhã,2572,71.0,110.78,Urgente,Sim,6,2.47,5,15,No_Prazo
OP-04991,8,Eixo,Fresadora-01,Tarde,2375,102.0,69.25,Alta,Sim,5,3.69,1,44,Adiantado
OP-04992,7,Eixo,Torno-03,Manhã,1345,59.0,29.51,Média,Sim,2,3.26,3,38,No_Prazo
OP-04993,12,Carcaça,CNC-01,Tarde,1401,147.0,39.47,Baixa,Sim,2,5.88,3,30,No_Prazo
OP-04994,7,Carcaça,CNC-01,Manhã,4610,16.0,165.98,Média,Sim,3,3.57,1,22,No_Prazo
OP-04995,8,Eixo,CNC-01,Manhã,1493,146.0,22.2,Média,Sim,6,3.35,3,37,Adiantado
OP-04996,3,Eixo,Mandrilhadora-A,Manhã,3925,80.0,121.46,Alta,Não,6,6.59,3,5,Atrasado
OP-04997,9,Eixo,CNC-01,Manhã,1325,16.0,19.12,Alta,Sim,4,3.98,5,21,Adiantado
OP-04998,10,Engrenagem,Torno-03,Tarde,582,155.0,25.83,Média,Sim,1,7.89,5,21,No_Prazo
OP-04999,9,Flange,CNC-02,Manhã,362,89.0,11.76,Média,Não,1,4.81,5,3,Atrasado
OP-05000,6,Eixo,CNC-01,Tarde,1254,135.0,53.21,Média,Sim,4,7.53,3,7,Atrasado
OP-05001,3,Carcaça,Mandrilhadora-A,Tarde,4214,160.0,163.67,Baixa,Sim,4,7.12,0,21,Atrasado
OP-05002,1,Engrenagem,CNC-01,Tarde,2303,21.0,98.13,Baixa,Sim,3,3.61,4,9,Atrasado
OP-05003,8,Suporte,Mandrilhadora-A,Tarde,3490,58.0,82.62,Média,Sim,6,5.1,2,45,Adiantado
OP-05004,9,Flange,Fresadora-01,Manhã,4816,35.0,75.03,Alta,Sim,1,1.56,4,8,Atrasado
OP-05005,10,Suporte,Fresadora-01,Manhã,288,31.0,13.15,Média,Sim,2,4.45,4,4,No_Prazo
OP-05006,12,Engrenagem,CNC-01,Noite,592,171.0,26.87,Alta,Sim,5,3.68,0,37,Adiantado
OP-05007,6,Flange,Mandrilhadora-A,Noite,4604,148.0,208.7,Urgente,Sim,2,4.13,1,20,Atrasado
OP-05008,10,Suporte,Torno-03,Noite,2861,75.0,141.82,Baixa,Sim,2,1.88,4,21,Atrasado
OP-05009,9,Eixo,Torno-03,Noite,3108,128.0,105.2,Alta,Sim,5,7.0,3,14,No_Prazo
OP-05010,4,Carcaça,Fresadora-01,Tarde,1739,167.0,53.04,Baixa,Não,6,1.1,1,3,Atrasado
OP-05011,11,Flange,CNC-02,Noite,4142,51.0,173.52,Baixa,Não,2,6.36,5,33,Atrasado
OP-05012,1,Eixo,CNC-02,Tarde,3249,17.0,46.8,Média,Sim,3,7.58,5,25,No_Prazo
OP-05013,8,Engrenagem,CNC-02,Noite,1325,151.0,54.75,Baixa,Não,6,1.3,1,20,Atrasado
OP-05014,12,Engrenagem,Torno-03,Noite,3261,134.0,138.56,Alta,Sim,1,3.75,1,11,Atrasado
OP-05015,8,Flange,Fresadora-01,Noite,69,41.0,2.28,Alta,Sim,1,4.89,1,8,No_Prazo
OP-05016,12,Flange,CNC-02,Tarde,1240,96.0,31.64,Alta,Sim,2,7.94,3,33,No_Prazo
OP-05017,1,Carcaça,CNC-02,Manhã,1059,41.0,38.39,Média,Sim,3,6.99,4,5,No_Prazo
OP-05018,7,Suporte,Mandrilhadora-A,Manhã,3939,114.0,183.56,Alta,Sim,5,3.61,1,43,Adiantado
OP-05019,10,Engrenagem,Torno-03,Manhã,3688,122.0,60.18,Alta,Sim,3,7.76,0,26,No_Prazo
OP-05020,8,Flange,Mandrilhadora-A,Noite,501,61.0,11.24,Alta,Sim,3,2.98,0,10,No_Prazo
OP-05021,11,Flange,CNC-02,Tarde,4536,144.0,167.18,Alta,Sim,6,3.05,1,41,No_Prazo
OP-05022,6,Engrenagem,CNC-02,Manhã,4099,93.0,177.6,Média,Sim,2,4.3,4,14,Atrasado
OP-05023,9,Suporte,CNC-02,Tarde,2202,132.0,79.45,Média,Sim,3,6.35,2,15,No_Prazo
OP-05024,6,Flange,Torno-03,Manhã,1099,121.0,36.96,Média,Sim,2,1.94,4,33,Adiantado
OP-05025,11,Engrenagem,Fresadora-01,Tarde,2130,89.0,28.61,Baixa,Sim,1,6.07,5,8,Atrasado
OP-05026,2,Flange,Torno-03,Manhã,2968,63.0,81.17,Alta,Sim,4,0.52,5,30,Adiantado
OP-05027,4,Suporte,CNC-02,Tarde,3168,49.0,144.48,Urgente,Não,6,2.47,1,14,Atrasado
OP-05028,2,Eixo,Mandrilhadora-A,Tarde,1769,138.0,43.28,Urgente,Sim,2,7.81,3,38,Adiantado
OP-05029,9,Eixo,Torno-03,Tarde,552,121.0,13.93,Média,Sim,1,5.42,4,22,No_Prazo
OP-05030,3,Engrenagem,CNC-02,Noite,3068,61.0,74.56,Baixa,Sim,6,3.97,1,30,No_Prazo
OP-05031,4,Eixo,CNC-01,Manhã,3540,175.0,86.77,Baixa,Sim,1,5.99,4,22,Atrasado
OP-05032,11,Carcaça,Torno-03,Tarde,1373,149.0,35.96,Alta,Não,1,3.76,1,11,Atrasado
OP-05033,5,Suporte,Fresadora-01,Manhã,3215,36.0,131.6,Alta,Não,5,1.3,3,16,Atrasado
OP-05034,2,Engrenagem,Mandrilhadora-A,Tarde,2866,42.0,80.83,Alta,Sim,1,4.23,2,38,Adiantado
OP-05035,1,Flange,CNC-02,Tarde,2531,105.0,86.77,Urgente,Sim,6,7.67,2,24,Adiantado
OP-05036,3,Engrenagem,CNC-01,Tarde,90,32.0,2.49,Média,Sim,3,2.54,1,9,No_Prazo
OP-05037,11,Flange,Mandrilhadora-A,Noite,1571,174.0,70.62,Média,Sim,5,0.9,2,5,No_Prazo
OP-05038,7,Engrenagem,Torno-03,Manhã,1903,120.0,32.64,Alta,Não,2,6.06,2,6,Atrasado
OP-05039,12,Suporte,CNC-01,Noite,4177,26.0,62.3,Média,Sim,2,3.91,1,38,No_Prazo
OP-05040,3,Flange,CNC-01,Manhã,4140,88.0,108.92,Média,Sim,5,3.01,1,43,Adiantado
OP-05041,5,Suporte,Torno-03,Tarde,4375,52.0,214.25,Média,Sim,4,4.16,2,24,No_Prazo
OP-05042,2,Flange,Fresadora-01,Noite,2341,96.0,88.94,Média,Sim,6,7.47,5,28,No_Prazo
OP-05043,5,Eixo,CNC-02,Tarde,1668,56.0,57.8,Urgente,Não,6,2.38,3,25,No_Prazo
OP-05044,7,Eixo,CNC-02,Noite,2521,152.0,64.57,Baixa,Sim,4,2.0,0,17,No_Prazo
OP-05045,10,Eixo,Fresadora-01,Noite,3968,134.0,86.53,Média,Sim,5,4.5,0,36,No_Prazo
OP-05046,5,Flange,Mandrilhadora-A,Manhã,3126,165.0,150.87,Urgente,Sim,6,3.97,4,14,No_Prazo
OP-05047,10,Flange,Torno-03,Noite,3026,48.0,81.93,Média,Sim,4,1.62,3,34,Adiantado
OP-05048,8,Suporte,Torno-03,Noite,2199,79.0,84.54,Alta,Sim,5,4.85,3,6,No_Prazo
OP-05049,4,Engrenagem,CNC-02,Tarde,3497,148.0,148.33,Urgente,Sim,1,4.81,2,27,No_Prazo
OP-05050,11,Eixo,CNC-01,Manhã,4342,77.0,157.62,Média,Sim,1,5.04,3,27,Atrasado
OP-05051,6,Carcaça,CNC-01,Manhã,3356,78.0,64.79,Baixa,Sim,3,3.6,3,8,Atrasado
OP-05052,2,Carcaça,Mandrilhadora-A,Noite,2046,178.0,44.03,Baixa,Sim,1,2.68,3,40,No_Prazo
OP-05053,12,Carcaça,CNC-01,Noite,4207,142.0,45.94,Baixa,Não,3,2.96,5,11,Atrasado
OP-05054,11,Eixo,Mandrilhadora-A,Noite,4715,157.0,229.97,Média,Sim,4,6.76,5,32,Atrasado
OP-05055,1,Engrenagem,CNC-02,Manhã,3993,82.0,173.24,Baixa,Sim,3,5.19,5,23,No_Prazo
OP-05056,11,Engrenagem,Fresadora-01,Manhã,4390,112.0,114.84,Média,Sim,6,3.49,4,35,Adiantado
OP-05057,12,Engrenagem,Mandrilhadora-A,Tarde,1364,89.0,62.33,Alta,Não,6,5.1,4,21,Atrasado
OP-05058,10,Carcaça,Fresadora-01,Manhã,2134,89.0,34.46,Média,Sim,5,3.12,1,28,Adiantado
OP-05059,4,Carcaça,Fresadora-01,Manhã,1284,36.0,15.0,Média,Sim,5,6.97,5,34,Adiantado
OP-05060,8,Carcaça,CNC-02,Manhã,1860,154.0,28.67,Baixa,Sim,4,5.96,1,3,Atrasado
OP-05061,7,Suporte,Torno-03,Manhã,3680,79.0,166.84,Alta,Sim,4,1.26,0,12,No_Prazo
OP-05062,8,Eixo,Fresadora-01,Manhã,3399,111.0,55.81,Média,Sim,1,0.92,4,22,No_Prazo
OP-05063,8,Flange,Torno-03,Noite,65,156.0,0.83,Baixa,Sim,6,0.75,2,18,Adiantado
OP-05064,8,Carcaça,CNC-01,Manhã,3788,143.0,65.99,Urgente,Sim,5,0.71,2,4,No_Prazo
OP-05065,7,Carcaça,Mandrilhadora-A,Tarde,1000,48.0,26.6,Alta,Sim,2,4.23,3,30,Adiantado
OP-05066,9,Flange,CNC-01,Tarde,970,117.0,28.96,Alta,Não,5,1.86,4,6,Atrasado
OP-05067,7,Carcaça,Mandrilhadora-A,Noite,2740,97.0,53.26,Alta,Sim,3,5.56,0,35,Adiantado
OP-05068,1,Eixo,Mandrilhadora-A,Noite,1243,58.0,52.49,Média,Sim,6,4.12,2,10,Adiantado
OP-05069,1,Flange,CNC-01,Tarde,4816,22.0,233.06,Média,Não,4,1.2,4,28,Atrasado
OP-05070,12,Carcaça,Fresadora-01,Tarde,773,119.0,16.72,Média,Sim,5,0.54,4,41,Adiantado
OP-05071,11,Eixo,Fresadora-01,Tarde,800,144.0,37.79,Alta,Sim,2,0.78,3,18,Adiantado
OP-05072,8,Suporte,CNC-02,Tarde,3815,170.0,162.96,Urgente,Sim,1,4.5,2,12,Atrasado
OP-05073,3,Flange,Mandrilhadora-A,Tarde,1468,74.0,66.71,Alta,Sim,6,4.9,2,12,Adiantado
OP-05074,10,Eixo,CNC-01,Tarde,3586,81.0,44.42,Média,Sim,4,3.15,2,22,No_Prazo
OP-05075,2,Eixo,CNC-02,Tarde,3423,42.0,148.43,Alta,Sim,4,1.09,1,15,No_Prazo
OP-05076,5,Suporte,Mandrilhadora-A,Manhã,985,177.0,32.94,Alta,Sim,3,7.51,5,40,Adiantado
OP-05077,4,Flange,Fresadora-01,Manhã,2920,155.0,33.67,Média,Sim,4,3.54,1,39,Adiantado
OP-05078,1,Eixo,CNC-01,Manhã,2707,173.0,108.68,Média,Sim,3,3.72,2,32,No_Prazo
OP-05079,10,Suporte,CNC-01,Tarde,518,97.0,10.19,Baixa,Sim,4,3.36,4,17,No_Prazo
OP-05080,7,Engrenagem,CNC-02,Tarde,3832,50.0,160.5,Média,Sim,4,0.95,1,8,No_Prazo
OP-05081,4,Engrenagem,CNC-01,Tarde,4294,110.0,150.46,Alta,Sim,2,5.83,5,12,Atrasado
OP-05082,7,Carcaça,CNC-01,Manhã,4737,76.0,140.66,Média,Não,6,5.49,3,22,Atrasado
OP-05083,1,Suporte,Torno-03,Manhã,485,72.0,5.3,Alta,Sim,6,1.73,0,38,Adiantado
OP-05084,6,Flange,CNC-01,Manhã,933,29.0,42.53,Média,Sim,5,2.51,0,36,Adiantado
OP-05085,7,Engrenagem,CNC-02,Tarde,4134,27.0,65.74,Baixa,Sim,1,4.6,1,45,No_Prazo
OP-05086,5,Flange,CNC-02,Manhã,1556,78.0,67.2,Alta,Sim,1,3.33,1,22,Adiantado
OP-05087,10,Flange,Mandrilhadora-A,Manhã,3146,168.0,118.06,Média,Sim,5,7.98,0,26,No_Prazo
OP-05088,3,Flange,Mandrilhadora-A,Manhã,1774,134.0,22.68,Alta,Não,1,4.22,3,12,Atrasado
OP-05089,2,Engrenagem,Mandrilhadora-A,Tarde,1127,140.0,35.71,Alta,Sim,6,7.12,3,32,Adiantado
OP-05090,7,Flange,CNC-02,Manhã,3143,54.0,152.34,Alta,Sim,3,2.03,0,30,Adiantado
OP-05091,11,Flange,Torno-03,Tarde,1067,136.0,50.06,Baixa,Sim,2,4.67,4,5,No_Prazo
OP-05092,5,Eixo,Torno-03,Tarde,725,82.0,11.49,Alta,Sim,5,2.91,2,20,Adiantado
OP-05093,1,Engrenagem,Mandrilhadora-A,Noite,2675,25.0,45.28,Média,Sim,5,7.51,3,43,Adiantado
OP-05094,12,Carcaça,Fresadora-01,Tarde,1007,80.0,16.26,Alta,Sim,4,4.63,3,25,Adiantado
OP-05095,6,Suporte,Mandrilhadora-A,Manhã,1001,37.0,40.29,Média,Sim,5,5.4,5,21,Adiantado
OP-05096,3,Suporte,Torno-03,Manhã,3913,156.0,64.29,Baixa,Sim,4,1.07,1,8,No_Prazo
OP-05097,8,Suporte,Mandrilhadora-A,Noite,2667,154.0,33.56,Média,Sim,2,4.16,0,37,Adiantado
OP-05098,4,Suporte,Fresadora-01,Manhã,2733,62.0,70.0,Alta,Sim,3,4.85,1,41,Adiantado
OP-05099,12,Engrenagem,Fresadora-01,Noite,759,116.0,36.94,Média,Sim,4,2.68,4,41,Adiantado
OP-05100,4,Flange,Fresadora-01,Tarde,843,75.0,18.82,Alta,Sim,5,6.02,4,42,Adiantado
OP-05101,7,Carcaça,CNC-02,Manhã,1984,40.0,77.32,Alta,Sim,3,4.0,1,43,Adiantado
OP-05102,7,Eixo,Fresadora-01,Manhã,1972,122.0,31.08,Baixa,Não,1,4.71,5,16,Atrasado
OP-05103,3,Carcaça,CNC-02,Noite,2285,140.0,79.62,Média,Sim,3,3.21,4,35,No_Prazo
OP-05104,6,Engrenagem,Fresadora-01,Noite,715,143.0,23.77,Alta,Sim,4,5.57,1,15,Adiantado
OP-05105,2,Eixo,CNC-02,Noite,4497,40.0,207.61,Baixa,Sim,5,1.27,5,18,Atrasado
OP-05106,8,Eixo,Fresadora-01,Manhã,1845,100.0,71.33,Média,Sim,5,4.3,1,10,No_Prazo
OP-05107,10,Suporte,Torno-03,Noite,4090,19.0,60.66,Alta,Sim,5,7.22,0,4,Atrasado
OP-05108,12,Engrenagem,Fresadora-01,Manhã,2030,30.0,53.17,Média,Sim,2,2.26,5,28,No_Prazo
OP-05109,4,Eixo,CNC-02,Manhã,2387,28.0,23.92,Alta,Sim,1,7.01,2,6,No_Prazo
OP-05110,4,Suporte,Fresadora-01,Tarde,604,24.0,11.86,Alta,Sim,2,7.14,5,11,No_Prazo
OP-05111,7,Eixo,Mandrilhadora-A,Noite,3399,70.0,166.05,Média,Sim,1,2.23,5,11,Atrasado
OP-05112,9,Carcaça,CNC-01,Tarde,346,74.0,9.77,Média,Sim,5,1.11,5,29,Adiantado
OP-05113,12,Carcaça,CNC-02,Tarde,3751,130.0,167.68,Baixa,Sim,2,6.23,4,24,Atrasado
OP-05114,1,Eixo,Fresadora-01,Manhã,4413,69.0,48.32,Média,Sim,2,7.69,0,43,No_Prazo
OP-05115,3,Flange,Mandrilhadora-A,Tarde,1840,38.0,83.17,Baixa,Sim,4,2.42,3,31,Adiantado
OP-05116,4,Eixo,Fresadora-01,Manhã,4443,171.0,202.49,Urgente,Sim,3,7.35,5,10,Atrasado
OP-05117,4,Eixo,Torno-03,Noite,3509,159.0,126.81,Baixa,Sim,5,2.06,4,13,Atrasado
OP-05118,6,Suporte,CNC-02,Manhã,62,35.0,0.91,Baixa,Sim,6,3.19,5,12,Adiantado
OP-05119,11,Eixo,Mandrilhadora-A,Tarde,1054,75.0,47.47,Alta,Sim,1,7.14,4,22,No_Prazo
OP-05120,1,Engrenagem,Mandrilhadora-A,Manhã,3223,43.0,148.24,Baixa,Sim,1,2.78,1,6,Atrasado
OP-05121,10,Eixo,Mandrilhadora-A,Tarde,3523,173.0,63.56,Média,Sim,5,6.17,4,21,Atrasado
OP-05122,8,Carcaça,CNC-02,Manhã,513,74.0,24.42,Urgente,Sim,6,1.6,3,16,Adiantado
OP-05123,8,Eixo,Torno-03,Tarde,3438,31.0,155.54,Alta,Sim,3,3.34,3,7,No_Prazo
OP-05124,9,Eixo,CNC-02,Tarde,4060,135.0,73.87,Média,Não,2,7.56,1,40,Atrasado
OP-05125,2,Suporte,Mandrilhadora-A,Tarde,504,132.0,12.98,Média,Sim,2,2.2,0,17,No_Prazo
OP-05126,9,Engrenagem,Mandrilhadora-A,Noite,4403,55.0,103.33,Média,Sim,3,5.76,2,3,Atrasado
OP-05127,3,Eixo,CNC-01,Manhã,2688,68.0,80.45,Média,Sim,1,7.4,1,34,No_Prazo
OP-05128,7,Engrenagem,CNC-02,Tarde,3102,83.0,141.33,Baixa,Sim,1,6.39,3,30,Atrasado
OP-05129,9,Carcaça,Torno-03,Noite,300,59.0,13.49,Baixa,Sim,1,7.61,1,18,No_Prazo
OP-05130,8,Carcaça,Torno-03,Manhã,3085,63.0,52.53,Alta,Sim,5,7.58,0,19,No_Prazo
OP-05131,4,Suporte,Torno-03,Noite,2299,147.0,73.67,Média,Sim,3,1.35,0,11,No_Prazo
OP-05132,5,Eixo,CNC-02,Noite,1888,139.0,59.21,Alta,Sim,6,5.01,5,16,No_Prazo
OP-05133,6,Suporte,Fresadora-01,Noite,3912,129.0,109.6,Baixa,Não,3,3.7,0,10,Atrasado
OP-05134,1,Suporte,Mandrilhadora-A,Tarde,1284,128.0,49.55,Média,Sim,2,5.62,5,10,Atrasado
OP-05135,9,Carcaça,Mandrilhadora-A,Tarde,346,101.0,12.4,Média,Não,2,6.07,3,19,Atrasado
OP-05136,2,Engrenagem,Torno-03,Tarde,2521,73.0,52.95,Média,Não,6,2.34,5,38,Atrasado
OP-05137,6,Suporte,Mandrilhadora-A,Tarde,3731,134.0,89.27,Alta,Sim,2,6.5,5,10,Atrasado
OP-05138,8,Engrenagem,Fresadora-01,Noite,711,34.0,32.38,Baixa,Sim,5,3.57,0,38,Adiantado
OP-05139,1,Flange,CNC-01,Manhã,4924,38.0,113.4,Alta,Sim,6,5.43,3,38,No_Prazo
OP-05140,12,Carcaça,Fresadora-01,Noite,3377,36.0,93.76,Alta,Não,6,3.71,4,4,Atrasado
OP-05141,5,Engrenagem,CNC-02,Tarde,4673,136.0,228.58,Média,Sim,1,3.1,3,14,Atrasado
OP-05142,1,Engrenagem,Fresadora-01,Manhã,2376,113.0,105.24,Média,Sim,5,5.7,5,27,No_Prazo
OP-05143,8,Carcaça,Fresadora-01,Tarde,659,89.0,25.01,Urgente,Sim,5,4.56,1,9,Adiantado
OP-05144,7,Engrenagem,Mandrilhadora-A,Noite,929,94.0,20.59,Média,Não,5,6.9,0,20,Atrasado
OP-05145,8,Suporte,Mandrilhadora-A,Tarde,2528,152.0,88.86,Média,Sim,6,6.4,5,33,No_Prazo
OP-05146,10,Flange,Mandrilhadora-A,Noite,2962,35.0,105.69,Alta,Sim,6,7.01,3,3,Atrasado
OP-05147,6,Eixo,Torno-03,Manhã,3683,78.0,97.46,Baixa,Sim,6,6.24,5,30,No_Prazo
OP-05148,10,Carcaça,Torno-03,Noite,3986,140.0,45.62,Alta,Sim,5,7.38,1,16,Atrasado
OP-05149,5,Carcaça,Torno-03,Tarde,3825,124.0,94.33,Média,Sim,2,1.68,0,36,No_Prazo
OP-05150,7,Eixo,Mandrilhadora-A,Noite,2964,87.0,89.88,Alta,Sim,6,5.3,4,11,No_Prazo
OP-05151,2,Engrenagem,CNC-02,Manhã,139,52.0,6.67,Média,Sim,5,1.12,4,33,Adiantado
OP-05152,8,Engrenagem,Torno-03,Tarde,2671,171.0,104.44,Baixa,Não,2,4.25,3,35,Atrasado
OP-05153,4,Engrenagem,Fresadora-01,Noite,4106,82.0,58.79,Alta,Sim,4,6.96,0,21,No_Prazo
OP-05154,9,Carcaça,CNC-01,Manhã,4246,160.0,93.65,Média,Sim,2,5.94,5,22,Atrasado
OP-05155,10,Flange,Fresadora-01,Tarde,4180,143.0,129.03,Média,Sim,6,4.87,1,20,No_Prazo
OP-05156,11,Suporte,CNC-02,Noite,103,157.0,2.89,Alta,Sim,4,5.7,2,37,Adiantado
OP-05157,12,Eixo,CNC-02,Tarde,2204,18.0,22.49,Média,Sim,4,1.8,0,20,Adiantado
OP-05158,2,Carcaça,Fresadora-01,Noite,3102,94.0,147.05,Baixa,Sim,2,7.48,4,44,No_Prazo
OP-05159,2,Suporte,CNC-01,Tarde,1275,58.0,58.86,Alta,Sim,1,2.09,4,9,No_Prazo
OP-05160,12,Suporte,CNC-01,Noite,2077,60.0,97.51,Urgente,Sim,3,1.75,1,20,Adiantado
OP-05161,5,Flange,Torno-03,Tarde,531,60.0,14.41,Média,Sim,3,1.55,0,26,Adiantado
OP-05162,1,Suporte,Torno-03,Tarde,1008,79.0,43.68,Alta,Sim,6,7.52,3,26,Adiantado
OP-05163,4,Flange,CNC-01,Noite,78,83.0,2.99,Alta,Sim,6,3.96,3,22,Adiantado
OP-05164,11,Eixo,CNC-02,Tarde,4898,120.0,149.24,Baixa,Não,4,4.5,5,44,Atrasado
OP-05165,5,Flange,CNC-02,Manhã,4305,65.0,56.33,Alta,Sim,5,3.34,1,23,No_Prazo
OP-05166,1,Eixo,Torno-03,Manhã,2048,60.0,34.23,Média,Sim,6,0.7,4,10,No_Prazo
OP-05167,9,Carcaça,CNC-02,Tarde,71,75.0,1.39,Alta,Sim,5,1.0,5,19,Adiantado
OP-05168,3,Suporte,CNC-01,Noite,1709,128.0,78.33,Alta,Sim,3,0.62,5,5,No_Prazo
OP-05169,5,Suporte,Torno-03,Tarde,2198,15.0,80.48,Baixa,Sim,2,4.54,0,15,No_Prazo
OP-05170,1,Suporte,Mandrilhadora-A,Noite,886,138.0,43.7,Baixa,Sim,2,1.95,3,23,No_Prazo
OP-05171,8,Flange,Torno-03,Noite,3325,71.0,108.59,Média,Sim,2,3.52,2,6,Atrasado
OP-05172,6,Carcaça,CNC-02,Manhã,4988,110.0,66.78,Média,Sim,2,3.95,3,23,Atrasado
OP-05173,11,Eixo,Torno-03,Tarde,4227,141.0,123.05,Urgente,Sim,5,4.49,4,12,No_Prazo
OP-05174,5,Flange,CNC-01,Tarde,4287,99.0,62.04,Alta,Sim,6,7.2,5,42,No_Prazo
OP-05175,3,Engrenagem,CNC-02,Manhã,4163,122.0,191.73,Alta,Sim,2,0.82,2,8,No_Prazo
OP-05176,2,Eixo,Torno-03,Tarde,396,167.0,8.37,Média,Sim,3,4.21,1,22,Adiantado
OP-05177,3,Flange,Torno-03,Tarde,2779,20.0,49.72,Baixa,Sim,6,1.49,1,10,No_Prazo
OP-05178,6,Flange,Torno-03,Noite,2850,73.0,86.83,Alta,Sim,6,7.45,4,22,No_Prazo
OP-05179,2,Carcaça,Mandrilhadora-A,Tarde,549,168.0,23.21,Baixa,Sim,1,7.38,2,23,No_Prazo
OP-05180,5,Suporte,Fresadora-01,Manhã,779,153.0,23.69,Baixa,Sim,3,1.55,4,24,Adiantado
OP-05181,11,Flange,CNC-01,Tarde,2847,117.0,32.82,Média,Sim,3,1.38,1,23,No_Prazo
OP-05182,10,Flange,Torno-03,Noite,3593,53.0,142.71,Urgente,Sim,2,1.32,4,22,No_Prazo
OP-05183,8,Suporte,Torno-03,Tarde,1085,70.0,12.33,Alta,Sim,6,1.24,4,15,Adiantado
OP-05184,11,Suporte,CNC-01,Manhã,2446,157.0,83.59,Baixa,Não,5,1.69,2,41,Atrasado
OP-05185,10,Eixo,CNC-02,Noite,422,130.0,14.63,Urgente,Sim,1,1.67,5,30,Adiantado
OP-05186,8,Flange,Mandrilhadora-A,Manhã,596,62.0,10.93,Alta,Sim,4,1.73,2,29,Adiantado
OP-05187,11,Flange,CNC-02,Manhã,2922,37.0,81.42,Alta,Sim,4,1.61,3,20,Adiantado
OP-05188,2,Engrenagem,Torno-03,Tarde,2807,144.0,28.77,Baixa,Sim,4,3.33,0,37,No_Prazo
OP-05189,10,Carcaça,CNC-02,Tarde,3762,110.0,80.31,Média,Não,5,2.4,3,32,Atrasado
OP-05190,4,Flange,CNC-01,Noite,4557,174.0,158.47,Média,Sim,3,3.63,5,9,Atrasado
OP-05191,9,Eixo,CNC-02,Manhã,990,82.0,21.15,Alta,Sim,5,7.2,3,21,Adiantado
OP-05192,11,Suporte,Fresadora-01,Noite,1738,73.0,20.69,Média,Sim,3,3.14,2,40,Adiantado
OP-05193,6,Suporte,Mandrilhadora-A,Tarde,4286,63.0,158.46,Média,Sim,6,2.65,3,40,Adiantado
OP-05194,2,Carcaça,Fresadora-01,Noite,301,95.0,11.95,Média,Sim,6,7.36,3,44,Adiantado
OP-05195,5,Engrenagem,Mandrilhadora-A,Noite,4149,68.0,184.71,Média,Sim,1,2.91,1,35,No_Prazo
OP-05196,5,Flange,Fresadora-01,Noite,4728,27.0,212.86,Alta,Sim,1,1.42,1,44,No_Prazo
OP-05197,12,Engrenagem,Fresadora-01,Manhã,544,67.0,16.24,Baixa,Sim,3,5.14,5,13,No_Prazo
OP-05198,12,Flange,Torno-03,Manhã,751,51.0,19.75,Alta,Sim,1,2.61,3,45,Adiantado
OP-05199,7,Flange,CNC-01,Noite,3437,150.0,114.91,Urgente,Sim,1,4.4,5,43,No_Prazo
OP-05200,12,Flange,Torno-03,Tarde,2401,54.0,100.14,Alta,Sim,1,6.26,2,32,Adiantado
OP-05201,6,Carcaça,Mandrilhadora-A,Tarde,4938,91.0,143.27,Média,Sim,6,4.74,5,32,No_Prazo
OP-05202,5,Flange,Torno-03,Noite,2746,126.0,136.77,Alta,Sim,3,6.57,3,31,No_Prazo
OP-05203,11,Flange,Fresadora-01,Noite,3292,40.0,116.87,Alta,Sim,5,3.09,5,7,Atrasado
OP-05204,9,Engrenagem,CNC-01,Tarde,1223,103.0,27.3,Alta,Sim,5,1.77,4,5,No_Prazo
OP-05205,7,Eixo,CNC-02,Noite,1656,155.0,69.14,Baixa,Sim,1,3.46,5,13,Atrasado
OP-05206,6,Carcaça,CNC-02,Manhã,928,111.0,14.88,Baixa,Sim,5,3.59,3,15,Adiantado
OP-05207,9,Flange,CNC-02,Noite,777,95.0,36.85,Baixa,Sim,4,5.87,4,5,No_Prazo
OP-05208,10,Carcaça,Mandrilhadora-A,Noite,610,153.0,14.4,Baixa,Não,6,5.65,0,36,No_Prazo
OP-05209,6,Flange,Torno-03,Manhã,4469,171.0,167.15,Alta,Sim,6,2.82,3,4,Atrasado
OP-05210,1,Flange,Fresadora-01,Manhã,396,150.0,13.86,Média,Sim,4,7.47,4,18,Adiantado
OP-05211,2,Flange,Fresadora-01,Noite,2606,82.0,36.05,Alta,Sim,5,2.57,4,7,No_Prazo
OP-05212,2,Flange,Torno-03,Tarde,2565,116.0,99.69,Alta,Sim,4,7.97,3,29,No_Prazo
OP-05213,6,Engrenagem,Mandrilhadora-A,Manhã,326,102.0,7.33,Média,Não,4,0.75,5,43,No_Prazo
OP-05214,8,Engrenagem,CNC-02,Manhã,4218,65.0,106.49,Baixa,Sim,4,5.55,1,28,No_Prazo
OP-05215,10,Flange,CNC-01,Manhã,2528,87.0,35.04,Média,Sim,6,5.15,4,27,No_Prazo
OP-05216,3,Flange,Fresadora-01,Manhã,677,152.0,28.71,Baixa,Sim,6,4.89,1,27,Adiantado
OP-05217,10,Flange,Fresadora-01,Noite,687,65.0,30.51,Urgente,Não,2,6.34,1,14,Atrasado
OP-05218,8,Flange,CNC-02,Tarde,3518,162.0,54.07,Média,Sim,1,4.93,4,18,Atrasado
OP-05219,1,Eixo,Mandrilhadora-A,Tarde,3117,179.0,132.49,Baixa,Sim,2,5.07,4,16,Atrasado
OP-05220,5,Suporte,CNC-01,Manhã,2092,66.0,96.06,Baixa,Sim,3,7.08,5,41,Adiantado
OP-05221,4,Suporte,CNC-02,Tarde,2055,35.0,28.55,Alta,Sim,2,1.9,2,18,No_Prazo
OP-05222,11,Engrenagem,CNC-01,Manhã,224,173.0,11.18,Alta,Sim,3,4.48,4,13,No_Prazo
OP-05223,12,Flange,CNC-01,Noite,207,43.0,2.11,Urgente,Sim,3,5.84,4,24,Adiantado
OP-05224,10,Suporte,Fresadora-01,Noite,2703,142.0,118.11,Média,Sim,6,2.81,5,36,No_Prazo
OP-05225,7,Suporte,Fresadora-01,Tarde,1850,21.0,59.81,Baixa,Sim,3,2.15,1,19,Adiantado
OP-05226,6,Eixo,Fresadora-01,Noite,1297,54.0,62.63,Alta,Sim,2,1.47,2,4,No_Prazo
OP-05227,4,Carcaça,Mandrilhadora-A,Manhã,1926,58.0,45.31,Média,Sim,3,2.47,4,20,No_Prazo
OP-05228,10,Suporte,CNC-01,Manhã,3046,64.0,74.43,Média,Não,1,5.5,2,39,Atrasado
OP-05229,2,Flange,Fresadora-01,Noite,1501,167.0,65.47,Urgente,Sim,1,5.11,5,39,No_Prazo
OP-05230,4,Suporte,CNC-01,Manhã,1779,44.0,68.36,Média,Sim,4,1.79,4,35,Adiantado
OP-05231,2,Carcaça,Mandrilhadora-A,Noite,1449,44.0,49.3,Média,Sim,2,4.18,0,25,Adiantado
OP-05232,6,Eixo,Fresadora-01,Manhã,3348,129.0,119.78,Urgente,Sim,4,2.1,2,45,Adiantado
OP-05233,4,Engrenagem,Fresadora-01,Noite,321,172.0,11.98,Média,Não,1,7.52,3,7,Atrasado
OP-05234,3,Flange,Torno-03,Manhã,4596,79.0,54.76,Baixa,Sim,2,5.93,4,8,Atrasado
OP-05235,5,Engrenagem,CNC-02,Manhã,2794,143.0,41.1,Média,Sim,4,1.8,3,33,Adiantado
OP-05236,11,Carcaça,Fresadora-01,Tarde,1260,20.0,21.74,Baixa,Sim,4,2.67,3,37,Adiantado
OP-05237,7,Carcaça,Mandrilhadora-A,Noite,3809,151.0,65.03,Média,Sim,4,6.9,3,12,Atrasado
OP-05238,10,Suporte,CNC-01,Tarde,4702,134.0,205.55,Alta,Sim,4,4.68,0,16,No_Prazo
OP-05239,11,Carcaça,Mandrilhadora-A,Tarde,338,163.0,8.71,Urgente,Sim,2,3.17,2,12,No_Prazo
OP-05240,11,Engrenagem,Fresadora-01,Manhã,1061,120.0,31.38,Alta,Sim,3,4.99,1,13,No_Prazo
OP-05241,5,Suporte,CNC-01,Manhã,762,170.0,10.34,Urgente,Sim,3,3.42,2,3,No_Prazo
OP-05242,11,Flange,Mandrilhadora-A,Manhã,399,79.0,17.88,Média,Não,3,7.34,1,11,Atrasado
OP-05243,11,Eixo,CNC-01,Noite,3706,136.0,38.58,Média,Sim,5,7.05,5,32,No_Prazo
OP-05244,12,Eixo,Fresadora-01,Manhã,1003,135.0,13.37,Baixa,Não,1,1.7,0,33,Atrasado
OP-05245,5,Flange,CNC-01,Manhã,1948,59.0,82.76,Média,Sim,4,5.58,1,40,Adiantado
OP-05246,3,Suporte,CNC-01,Tarde,4083,167.0,62.16,Média,Não,5,6.78,2,43,Atrasado
OP-05247,8,Engrenagem,Fresadora-01,Tarde,3078,144.0,128.46,Baixa,Sim,3,2.08,3,12,Atrasado
OP-05248,12,Suporte,Fresadora-01,Tarde,3403,158.0,81.73,Urgente,Sim,3,7.04,1,31,No_Prazo
OP-05249,11,Carcaça,Fresadora-01,Manhã,533,75.0,21.88,Baixa,Sim,5,3.65,4,20,Adiantado
OP-05250,7,Engrenagem,CNC-02,Tarde,4855,154.0,58.33,Alta,Sim,4,2.81,0,14,No_Prazo
OP-05251,2,Carcaça,Mandrilhadora-A,Tarde,459,67.0,10.86,Baixa,Sim,4,7.88,0,32,Adiantado
OP-05252,6,Suporte,CNC-01,Manhã,3563,174.0,104.22,Média,Não,3,5.66,1,20,Atrasado
OP-05253,9,Eixo,Mandrilhadora-A,Tarde,3215,19.0,112.62,Alta,Sim,1,2.68,1,28,Adiantado
OP-05254,7,Suporte,CNC-02,Manhã,2092,117.0,90.89,Média,Sim,1,4.47,3,13,No_Prazo
OP-05255,5,Suporte,Fresadora-01,Noite,4198,34.0,83.03,Baixa,Não,3,5.33,4,21,Atrasado
OP-05256,5,Suporte,Mandrilhadora-A,Noite,4467,134.0,162.4,Média,Não,5,5.84,4,6,Atrasado
OP-05257,1,Engrenagem,CNC-02,Manhã,397,75.0,6.38,Alta,Sim,2,2.07,1,4,Adiantado
OP-05258,4,Engrenagem,Torno-03,Tarde,4792,159.0,200.34,Média,Sim,3,5.12,2,35,No_Prazo
OP-05259,9,Suporte,Mandrilhadora-A,Tarde,1243,159.0,58.83,Média,Não,2,6.85,1,41,Atrasado
OP-05260,3,Eixo,Mandrilhadora-A,Noite,3968,76.0,47.18,Baixa,Sim,2,6.53,3,7,Atrasado
OP-05261,12,Eixo,CNC-02,Tarde,4112,149.0,54.26,Média,Sim,6,2.71,1,31,No_Prazo
OP-05262,1,Flange,Torno-03,Tarde,2805,127.0,116.41,Alta,Sim,6,7.78,3,30,Adiantado
OP-05263,8,Suporte,CNC-02,Manhã,4323,85.0,195.44,Baixa,Sim,6,0.59,4,14,No_Prazo
OP-05264,6,Engrenagem,Torno-03,Manhã,4137,72.0,148.64,Média,Sim,6,6.34,3,21,No_Prazo
OP-05265,10,Carcaça,CNC-02,Tarde,2637,50.0,75.02,Alta,Não,3,2.88,0,15,Atrasado
OP-05266,11,Flange,CNC-01,Tarde,936,25.0,38.15,Alta,Sim,5,7.56,5,6,No_Prazo
OP-05267,7,Engrenagem,Mandrilhadora-A,Noite,2201,100.0,48.4,Baixa,Sim,2,6.96,2,38,No_Prazo
OP-05268,8,Engrenagem,Fresadora-01,Noite,4506,104.0,223.81,Média,Sim,4,7.11,3,15,Atrasado
OP-05269,9,Carcaça,Torno-03,Tarde,1053,88.0,46.25,Alta,Sim,2,2.39,4,25,Adiantado
OP-05270,7,Engrenagem,CNC-01,Tarde,4997,172.0,227.29,Baixa,Sim,4,6.47,3,6,Atrasado
OP-05271,3,Flange,CNC-01,Noite,949,17.0,41.94,Baixa,Sim,3,2.99,5,4,No_Prazo
OP-05272,6,Suporte,Torno-03,Noite,3342,155.0,158.13,Alta,Sim,3,3.85,5,30,No_Prazo
OP-05273,3,Flange,Fresadora-01,Noite,3222,147.0,40.53,Média,Sim,1,7.28,3,20,Atrasado
OP-05274,6,Eixo,CNC-02,Noite,1019,140.0,47.23,Baixa,Sim,2,5.9,3,31,No_Prazo
OP-05275,8,Engrenagem,Fresadora-01,Tarde,2387,102.0,47.61,Média,Sim,3,5.3,2,40,Adiantado
OP-05276,3,Suporte,CNC-02,Tarde,764,46.0,18.62,Média,Sim,4,1.47,2,41,Adiantado
OP-05277,3,Flange,CNC-01,Tarde,1855,157.0,46.05,Baixa,Sim,6,4.54,0,6,No_Prazo
OP-05278,10,Engrenagem,Torno-03,Manhã,4799,138.0,92.61,Média,Não,5,1.43,4,15,Atrasado
OP-05279,5,Engrenagem,CNC-01,Tarde,318,152.0,8.76,Média,Sim,4,1.06,0,11,Adiantado
OP-05280,3,Flange,CNC-01,Tarde,4363,54.0,131.85,Média,Sim,3,7.6,1,10,Atrasado
OP-05281,9,Engrenagem,CNC-01,Tarde,3403,106.0,54.27,Média,Não,3,4.94,3,22,Atrasado
OP-05282,9,Eixo,CNC-02,Manhã,3755,84.0,91.55,Baixa,Não,6,0.55,4,23,Atrasado
OP-05283,10,Engrenagem,Torno-03,Tarde,1446,121.0,34.6,Alta,Sim,6,4.02,0,44,Adiantado
OP-05284,10,Suporte,Mandrilhadora-A,Tarde,4748,139.0,175.61,Alta,Não,3,2.65,4,38,Atrasado
OP-05285,12,Suporte,CNC-02,Tarde,1304,44.0,43.33,Média,Não,4,1.65,0,5,Atrasado
OP-05286,7,Suporte,CNC-01,Manhã,2541,44.0,98.2,Baixa,Sim,3,6.64,3,27,No_Prazo
OP-05287,4,Engrenagem,CNC-01,Tarde,232,22.0,9.59,Baixa,Sim,4,1.65,4,12,Adiantado
OP-05288,11,Eixo,CNC-02,Manhã,4444,41.0,163.01,Urgente,Sim,3,1.75,1,43,Adiantado
OP-05289,4,Eixo,CNC-02,Manhã,3537,55.0,69.5,Baixa,Não,6,2.24,2,13,Atrasado
OP-05290,4,Suporte,CNC-02,Manhã,855,27.0,25.72,Média,Sim,5,5.84,3,6,Adiantado
OP-05291,10,Carcaça,Mandrilhadora-A,Noite,3327,74.0,95.36,Alta,Sim,2,1.93,3,43,Adiantado
OP-05292,11,Eixo,CNC-02,Tarde,954,126.0,12.37,Alta,Sim,1,2.91,4,33,Adiantado
OP-05293,5,Suporte,Fresadora-01,Tarde,2249,146.0,102.96,Urgente,Sim,6,7.27,5,33,Adiantado
OP-05294,9,Flange,Fresadora-01,Noite,2586,72.0,35.32,Média,Sim,3,4.74,2,31,Adiantado
OP-05295,12,Carcaça,CNC-01,Tarde,4659,29.0,228.56,Urgente,Sim,1,1.8,3,34,No_Prazo
OP-05296,10,Engrenagem,CNC-02,Noite,1695,140.0,19.1,Baixa,Sim,5,6.95,5,13,No_Prazo
OP-05297,1,Carcaça,Torno-03,Manhã,113,80.0,4.43,Alta,Não,3,4.34,3,31,Atrasado
OP-05298,8,Flange,Torno-03,Manhã,2190,56.0,47.09,Média,Não,4,6.76,0,11,Atrasado
OP-05299,3,Eixo,CNC-01,Manhã,4636,93.0,214.13,Urgente,Sim,4,1.09,1,41,Adiantado
OP-05300,11,Engrenagem,Fresadora-01,Tarde,4001,175.0,171.89,Alta,Não,2,1.71,3,19,Atrasado
OP-05301,1,Carcaça,CNC-02,Noite,342,76.0,3.76,Alta,Sim,4,1.19,5,43,Adiantado
OP-05302,12,Carcaça,CNC-02,Tarde,314,173.0,3.42,Alta,Sim,4,4.11,1,16,Adiantado
OP-05303,3,Engrenagem,Fresadora-01,Tarde,3796,57.0,129.55,Média,Não,4,3.41,1,11,Atrasado
OP-05304,6,Flange,Mandrilhadora-A,Manhã,3618,32.0,57.83,Média,Não,6,3.62,3,17,Atrasado
OP-05305,3,Suporte,Mandrilhadora-A,Noite,2808,41.0,29.67,Baixa,Sim,3,3.25,0,26,No_Prazo
OP-05306,10,Flange,Mandrilhadora-A,Tarde,486,143.0,23.67,Alta,Sim,4,3.68,5,34,Adiantado
OP-05307,5,Engrenagem,Torno-03,Manhã,1436,104.0,50.71,Baixa,Sim,5,3.36,5,4,No_Prazo
OP-05308,9,Eixo,CNC-01,Noite,4245,111.0,44.29,Média,Sim,5,1.7,3,6,Atrasado
OP-05309,1,Eixo,CNC-02,Tarde,740,175.0,21.92,Média,Sim,6,4.77,2,15,Adiantado
OP-05310,6,Eixo,CNC-02,Manhã,1049,98.0,17.1,Alta,Sim,2,7.02,2,35,Adiantado
OP-05311,11,Carcaça,CNC-02,Manhã,2288,34.0,96.57,Média,Sim,6,7.96,3,15,No_Prazo
OP-05312,12,Eixo,CNC-02,Manhã,3687,134.0,41.1,Média,Sim,3,1.38,5,24,No_Prazo
OP-05313,3,Suporte,CNC-01,Noite,4149,49.0,103.05,Média,Sim,2,3.58,4,45,No_Prazo
OP-05314,5,Carcaça,CNC-01,Tarde,2979,111.0,58.15,Média,Não,2,2.31,2,10,Atrasado
OP-05315,5,Suporte,Fresadora-01,Noite,2487,156.0,122.45,Média,Sim,3,4.75,3,11,No_Prazo
OP-05316,7,Suporte,Torno-03,Manhã,1958,94.0,25.7,Baixa,Não,6,3.2,3,31,Atrasado
OP-05317,7,Engrenagem,CNC-01,Tarde,266,67.0,10.32,Alta,Sim,1,7.08,0,36,Adiantado
OP-05318,2,Engrenagem,Torno-03,Tarde,1374,110.0,40.01,Média,Sim,2,7.51,1,19,No_Prazo
OP-05319,10,Suporte,Mandrilhadora-A,Tarde,1113,36.0,47.48,Urgente,Não,5,2.94,1,11,Atrasado
OP-05320,3,Suporte,Torno-03,Tarde,334,66.0,6.2,Média,Sim,6,3.17,3,8,Adiantado
OP-05321,4,Suporte,CNC-02,Tarde,3738,98.0,165.26,Média,Sim,1,4.51,5,44,No_Prazo
OP-05322,11,Flange,CNC-02,Tarde,1799,57.0,86.38,Urgente,Sim,3,5.27,4,28,Adiantado
OP-05323,9,Flange,CNC-02,Noite,2572,21.0,47.64,Alta,Sim,3,6.14,3,19,No_Prazo
OP-05324,5,Engrenagem,CNC-02,Manhã,1042,112.0,20.54,Média,Não,3,1.25,3,16,Atrasado
OP-05325,11,Eixo,Mandrilhadora-A,Tarde,2976,81.0,144.47,Baixa,Sim,5,0.88,2,9,No_Prazo
OP-05326,5,Flange,Mandrilhadora-A,Tarde,722,79.0,19.76,Média,Sim,4,5.59,1,15,No_Prazo
OP-05327,7,Engrenagem,CNC-02,Manhã,3404,179.0,147.77,Média,Sim,1,4.09,5,36,Atrasado
OP-05328,3,Engrenagem,Mandrilhadora-A,Manhã,3705,33.0,161.9,Média,Sim,2,5.55,0,23,No_Prazo
OP-05329,3,Engrenagem,Mandrilhadora-A,Noite,1591,40.0,35.69,Baixa,Sim,5,2.76,5,42,Adiantado
OP-05330,6,Eixo,CNC-01,Manhã,1101,160.0,18.88,Média,Sim,2,1.79,1,25,Adiantado
OP-05331,7,Carcaça,Torno-03,Manhã,3911,36.0,96.45,Baixa,Não,3,1.33,4,29,Atrasado
OP-05332,10,Suporte,Fresadora-01,Tarde,1154,166.0,38.86,Alta,Sim,3,6.4,5,33,No_Prazo
OP-05333,5,Carcaça,Torno-03,Manhã,932,126.0,27.85,Baixa,Sim,3,3.52,5,10,No_Prazo
OP-05334,11,Eixo,Torno-03,Manhã,1735,102.0,68.48,Urgente,Sim,5,1.12,5,24,Adiantado
OP-05335,8,Flange,Torno-03,Manhã,4834,61.0,154.46,Média,Sim,2,2.35,3,40,No_Prazo
OP-05336,1,Carcaça,Fresadora-01,Manhã,2340,74.0,98.8,Urgente,Sim,5,6.96,3,25,Adiantado
OP-05337,9,Eixo,CNC-02,Tarde,1350,151.0,19.11,Alta,Sim,5,4.11,0,13,Adiantado
OP-05338,7,Suporte,Torno-03,Noite,2592,24.0,71.45,Baixa,Sim,6,6.9,4,27,No_Prazo
OP-05339,5,Suporte,CNC-02,Manhã,1774,142.0,18.88,Média,Sim,3,7.59,3,31,No_Prazo
OP-05340,6,Carcaça,Mandrilhadora-A,Tarde,3339,152.0,49.52,Baixa,Não,1,1.0,0,42,Atrasado
OP-05341,4,Carcaça,CNC-01,Tarde,2222,131.0,51.68,Alta,Sim,5,7.57,2,35,Adiantado
OP-05342,8,Suporte,CNC-01,Manhã,2963,24.0,136.48,Baixa,Sim,5,3.28,5,7,No_Prazo
OP-05343,7,Flange,CNC-01,Tarde,2209,138.0,55.68,Alta,Sim,1,5.74,2,28,No_Prazo
OP-05344,6,Carcaça,CNC-02,Manhã,2434,134.0,50.96,Alta,Não,2,3.52,1,31,Atrasado
OP-05345,4,Suporte,Fresadora-01,Manhã,2263,17.0,83.35,Média,Sim,3,5.11,1,35,Adiantado
OP-05346,5,Eixo,Mandrilhadora-A,Manhã,2000,162.0,76.28,Alta,Sim,4,5.52,1,4,No_Prazo
OP-05347,6,Suporte,Torno-03,Manhã,4820,37.0,141.0,Alta,Sim,4,1.5,3,15,No_Prazo
OP-05348,6,Flange,CNC-01,Noite,1365,174.0,29.4,Alta,Sim,2,3.73,1,14,No_Prazo
OP-05349,4,Eixo,CNC-02,Noite,4036,27.0,89.08,Baixa,Sim,2,2.05,3,11,Atrasado
OP-05350,7,Flange,CNC-01,Noite,3564,54.0,62.09,Média,Sim,6,1.39,2,37,Adiantado
OP-05351,3,Suporte,Torno-03,Manhã,2663,129.0,65.25,Média,Sim,5,4.94,3,22,No_Prazo
OP-05352,7,Carcaça,Fresadora-01,Noite,1621,38.0,27.12,Média,Não,4,5.6,3,18,Atrasado
OP-05353,2,Flange,CNC-01,Tarde,2444,46.0,87.29,Média,Não,2,2.43,0,26,Atrasado
OP-05354,6,Engrenagem,Fresadora-01,Manhã,4255,17.0,194.83,Urgente,Sim,3,0.55,0,4,No_Prazo
OP-05355,10,Carcaça,CNC-02,Noite,950,151.0,19.16,Média,Sim,6,7.78,1,13,Adiantado
OP-05356,10,Flange,Fresadora-01,Noite,2951,21.0,58.1,Média,Sim,2,4.06,2,25,No_Prazo
OP-05357,9,Eixo,Mandrilhadora-A,Manhã,3836,119.0,176.17,Baixa,Sim,2,5.39,2,11,Atrasado
OP-05358,9,Suporte,Fresadora-01,Noite,3188,111.0,104.32,Urgente,Sim,3,1.06,4,21,No_Prazo
OP-05359,1,Eixo,Fresadora-01,Manhã,763,99.0,29.9,Média,Sim,2,5.15,5,16,No_Prazo
OP-05360,5,Eixo,Fresadora-01,Tarde,2568,77.0,117.01,Baixa,Sim,1,6.22,4,42,No_Prazo
OP-05361,8,Carcaça,CNC-01,Manhã,955,64.0,34.95,Média,Sim,6,0.86,2,40,Adiantado
OP-05362,10,Carcaça,CNC-01,Manhã,4646,173.0,184.44,Média,Sim,5,4.43,1,43,Adiantado
OP-05363,7,Flange,CNC-02,Noite,1791,145.0,45.63,Média,Sim,3,1.57,2,19,No_Prazo
OP-05364,11,Eixo,Fresadora-01,Tarde,2136,167.0,101.52,Média,Sim,4,1.6,1,14,No_Prazo
OP-05365,4,Carcaça,Fresadora-01,Manhã,4294,136.0,163.84,Média,Sim,3,5.11,3,25,No_Prazo
OP-05366,2,Engrenagem,Fresadora-01,Noite,2163,152.0,27.83,Baixa,Sim,1,5.14,4,38,No_Prazo
OP-05367,2,Suporte,CNC-02,Noite,1010,174.0,34.15,Média,Sim,5,4.65,1,37,Adiantado
OP-05368,7,Flange,Mandrilhadora-A,Noite,4470,90.0,61.62,Alta,Sim,1,4.33,3,25,Atrasado
OP-05369,8,Carcaça,Torno-03,Noite,3257,165.0,100.59,Média,Não,4,4.02,2,27,Atrasado
OP-05370,4,Flange,CNC-02,Noite,3044,22.0,41.21,Urgente,Não,2,4.11,2,26,Atrasado
OP-05371,10,Carcaça,Fresadora-01,Tarde,424,33.0,14.88,Média,Não,3,3.01,1,22,Atrasado
OP-05372,9,Engrenagem,CNC-01,Manhã,2273,96.0,64.22,Média,Não,3,2.43,3,7,Atrasado
OP-05373,5,Suporte,Torno-03,Noite,2323,90.0,74.62,Alta,Sim,3,2.49,0,17,No_Prazo
OP-05374,3,Engrenagem,Fresadora-01,Manhã,1347,87.0,48.44,Média,Não,2,7.31,2,38,Atrasado
OP-05375,9,Suporte,Fresadora-01,Manhã,2844,104.0,56.92,Baixa,Sim,1,2.5,2,40,No_Prazo
OP-05376,9,Engrenagem,CNC-02,Tarde,1262,104.0,28.75,Média,Sim,1,3.31,2,29,Adiantado
OP-05377,3,Carcaça,CNC-01,Manhã,2381,159.0,69.72,Urgente,Sim,5,4.28,5,45,Adiantado
OP-05378,4,Suporte,CNC-01,Tarde,4017,72.0,131.16,Média,Sim,1,6.07,4,44,No_Prazo
OP-05379,6,Engrenagem,CNC-01,Noite,3689,67.0,173.18,Baixa,Sim,4,6.33,3,24,No_Prazo
OP-05380,7,Carcaça,Mandrilhadora-A,Tarde,1433,131.0,34.5,Baixa,Sim,2,5.91,5,36,No_Prazo
OP-05381,2,Eixo,Fresadora-01,Tarde,1077,122.0,36.26,Média,Não,5,2.77,3,12,Atrasado
OP-05382,12,Flange,Torno-03,Tarde,78,152.0,3.66,Baixa,Sim,4,1.72,3,23,Adiantado
OP-05383,5,Engrenagem,Torno-03,Tarde,1760,66.0,68.13,Alta,Não,2,6.63,2,20,Atrasado
OP-05384,5,Engrenagem,CNC-02,Manhã,146,16.0,3.38,Urgente,Sim,5,7.06,1,39,Adiantado
OP-05385,1,Eixo,CNC-01,Manhã,684,171.0,18.19,Urgente,Não,4,7.35,1,20,Atrasado
OP-05386,11,Flange,CNC-01,Tarde,4893,22.0,220.93,Média,Sim,2,6.94,5,16,Atrasado
OP-05387,3,Flange,Fresadora-01,Tarde,4285,127.0,117.87,Média,Não,6,3.21,4,19,Atrasado
OP-05388,12,Carcaça,CNC-01,Tarde,2821,68.0,56.65,Média,Sim,3,1.65,0,40,Adiantado
OP-05389,6,Engrenagem,CNC-01,Manhã,3883,85.0,120.07,Baixa,Sim,1,5.53,1,29,Atrasado
OP-05390,11,Suporte,Fresadora-01,Manhã,2470,153.0,43.08,Média,Sim,4,5.37,5,7,No_Prazo
OP-05391,3,Engrenagem,Torno-03,Tarde,3026,84.0,100.71,Baixa,Sim,3,2.36,1,4,Atrasado
OP-05392,2,Eixo,Torno-03,Tarde,4593,39.0,228.09,Baixa,Sim,3,5.15,3,17,Atrasado
OP-05393,10,Engrenagem,CNC-02,Tarde,439,139.0,21.41,Alta,Sim,3,7.99,2,38,Adiantado
OP-05394,10,Engrenagem,CNC-01,Noite,1790,18.0,61.85,Alta,Não,6,1.76,4,40,No_Prazo
OP-05395,7,Flange,Torno-03,Tarde,639,60.0,29.04,Urgente,Sim,3,3.34,5,9,Adiantado
OP-05396,1,Carcaça,CNC-02,Manhã,3985,104.0,169.79,Média,Não,5,3.43,2,4,Atrasado
OP-05397,12,Suporte,Torno-03,Tarde,4121,87.0,197.92,Alta,Sim,6,2.1,0,14,No_Prazo
OP-05398,5,Carcaça,CNC-01,Manhã,3622,117.0,162.71,Média,Sim,4,6.41,2,40,Adiantado
OP-05399,12,Flange,CNC-02,Manhã,3064,78.0,140.92,Baixa,Sim,6,5.8,0,21,No_Prazo
OP-05400,11,Engrenagem,CNC-01,Tarde,2411,79.0,46.25,Média,Não,3,2.13,1,4,Atrasado
OP-05401,11,Eixo,Torno-03,Manhã,166,73.0,2.71,Média,Sim,2,6.93,2,24,Adiantado
OP-05402,9,Carcaça,CNC-02,Manhã,3884,161.0,45.67,Média,Sim,3,3.69,0,31,Adiantado
OP-05403,9,Engrenagem,CNC-02,Noite,4475,18.0,162.77,Alta,Não,1,4.63,0,7,Atrasado
OP-05404,7,Engrenagem,Torno-03,Tarde,4830,170.0,228.65,Média,Sim,2,5.64,1,30,Atrasado
OP-05405,1,Carcaça,Torno-03,Noite,1742,74.0,86.67,Urgente,Não,2,7.06,0,37,No_Prazo
OP-05406,5,Engrenagem,CNC-02,Noite,1043,75.0,45.99,Baixa,Sim,1,2.2,1,5,No_Prazo
OP-05407,9,Carcaça,Fresadora-01,Manhã,3287,135.0,142.13,Alta,Sim,1,4.94,0,5,Atrasado
OP-05408,10,Suporte,CNC-02,Tarde,136,79.0,4.18,Urgente,Sim,6,5.54,3,39,Adiantado
OP-05409,7,Suporte,CNC-02,Manhã,348,117.0,9.77,Média,Sim,6,7.15,4,23,Adiantado
OP-05410,9,Flange,Torno-03,Tarde,4116,164.0,146.58,Alta,Sim,6,6.29,5,6,No_Prazo
OP-05411,1,Engrenagem,CNC-01,Manhã,4786,155.0,52.21,Alta,Sim,1,7.36,3,8,Atrasado
OP-05412,6,Flange,Torno-03,Manhã,2047,100.0,85.51,Baixa,Sim,6,1.06,0,39,Adiantado
OP-05413,7,Carcaça,Torno-03,Manhã,2563,133.0,93.04,Alta,Sim,3,3.69,0,39,Adiantado
OP-05414,11,Carcaça,CNC-01,Noite,2744,80.0,46.1,Alta,Sim,3,2.8,4,45,Adiantado
OP-05415,4,Flange,Torno-03,Manhã,735,143.0,26.04,Baixa,Sim,2,4.23,4,32,No_Prazo
OP-05416,3,Carcaça,CNC-01,Tarde,1151,43.0,39.11,Média,Sim,6,6.58,1,31,Adiantado
OP-05417,5,Suporte,Fresadora-01,Noite,1527,23.0,63.4,Baixa,Sim,6,4.19,5,41,Adiantado
OP-05418,3,Engrenagem,CNC-01,Tarde,4216,104.0,183.39,Média,Sim,5,0.76,3,43,Adiantado
OP-05419,7,Suporte,CNC-01,Tarde,2218,51.0,44.66,Urgente,Sim,1,5.53,2,4,Atrasado
OP-05420,8,Suporte,CNC-02,Manhã,3619,135.0,154.09,Urgente,Sim,3,0.58,3,29,No_Prazo
OP-05421,10,Flange,Fresadora-01,Noite,1012,32.0,17.49,Alta,Não,2,1.23,0,35,No_Prazo
OP-05422,12,Suporte,Fresadora-01,Tarde,4769,16.0,122.89,Média,Não,6,5.96,4,45,Atrasado
OP-05423,1,Carcaça,Torno-03,Tarde,4423,126.0,131.39,Média,Sim,4,6.73,1,5,Atrasado
OP-05424,3,Flange,CNC-01,Noite,2402,98.0,101.36,Baixa,Sim,6,2.89,0,37,Adiantado
OP-05425,4,Eixo,CNC-02,Manhã,1166,172.0,53.69,Média,Sim,6,4.77,3,26,Adiantado
OP-05426,3,Carcaça,Fresadora-01,Tarde,4883,56.0,52.19,Alta,Não,4,4.6,0,32,Atrasado
OP-05427,10,Carcaça,CNC-01,Manhã,4050,35.0,159.93,Média,Sim,2,0.92,0,45,Adiantado
OP-05428,2,Suporte,Fresadora-01,Manhã,2578,19.0,116.27,Média,Sim,5,4.59,1,45,Adiantado
OP-05429,1,Suporte,CNC-02,Manhã,1374,88.0,66.19,Baixa,Sim,5,0.58,5,10,No_Prazo
OP-05430,11,Engrenagem,CNC-01,Tarde,3126,32.0,64.76,Urgente,Não,5,6.65,5,23,Atrasado
OP-05431,12,Flange,Fresadora-01,Manhã,1883,143.0,31.86,Média,Sim,6,6.11,2,20,Adiantado
OP-05432,3,Engrenagem,CNC-01,Tarde,3386,27.0,101.44,Média,Não,4,2.63,2,23,Atrasado
OP-05433,4,Flange,CNC-02,Noite,4170,167.0,191.99,Média,Sim,5,2.47,2,21,Atrasado
OP-05434,7,Carcaça,CNC-01,Noite,2474,104.0,55.97,Média,Sim,3,1.93,3,39,No_Prazo
OP-05435,7,Eixo,Torno-03,Manhã,288,130.0,8.7,Média,Não,3,7.65,3,41,Atrasado
OP-05436,12,Carcaça,CNC-01,Noite,2835,37.0,141.25,Alta,Sim,1,6.84,1,31,No_Prazo
OP-05437,5,Engrenagem,CNC-01,Manhã,4300,30.0,121.44,Média,Não,2,6.78,1,30,Atrasado
OP-05438,1,Engrenagem,Torno-03,Tarde,1155,73.0,40.58,Baixa,Sim,6,4.0,2,9,No_Prazo
OP-05439,6,Carcaça,Mandrilhadora-A,Manhã,4798,101.0,239.05,Urgente,Sim,2,6.59,1,17,No_Prazo
OP-05440,7,Engrenagem,CNC-01,Tarde,1843,110.0,45.5,Alta,Não,1,4.94,2,16,Atrasado
OP-05441,7,Suporte,Torno-03,Manhã,3436,69.0,71.87,Alta,Sim,5,2.75,0,7,No_Prazo
OP-05442,7,Suporte,Mandrilhadora-A,Tarde,3524,60.0,75.09,Baixa,Sim,1,3.73,1,28,No_Prazo
OP-05443,12,Eixo,CNC-02,Manhã,951,177.0,32.98,Urgente,Sim,3,3.57,5,30,Adiantado
OP-05444,10,Engrenagem,Torno-03,Manhã,242,60.0,3.99,Alta,Sim,3,3.14,2,3,No_Prazo
OP-05445,4,Eixo,Mandrilhadora-A,Tarde,4746,38.0,78.69,Média,Não,3,2.32,2,22,Atrasado
OP-05446,5,Engrenagem,Fresadora-01,Manhã,3517,74.0,71.77,Baixa,Sim,3,3.49,1,24,No_Prazo
OP-05447,9,Suporte,CNC-02,Tarde,3174,65.0,100.42,Média,Sim,1,4.99,5,22,Atrasado
OP-05448,5,Carcaça,Fresadora-01,Tarde,1553,85.0,67.97,Alta,Sim,2,1.97,1,13,No_Prazo
OP-05449,6,Carcaça,Fresadora-01,Tarde,585,118.0,18.23,Média,Sim,4,1.56,1,4,Adiantado
OP-05450,3,Carcaça,Torno-03,Tarde,1395,115.0,57.62,Alta,Sim,1,5.68,2,13,Atrasado
OP-05451,4,Suporte,Torno-03,Noite,2761,130.0,133.36,Alta,Sim,2,4.45,4,45,Adiantado
OP-05452,9,Carcaça,Mandrilhadora-A,Noite,3482,41.0,137.89,Alta,Sim,6,3.14,4,41,Adiantado
OP-05453,11,Suporte,Mandrilhadora-A,Manhã,1629,23.0,58.17,Média,Não,4,7.31,1,32,Atrasado
OP-05454,10,Suporte,Mandrilhadora-A,Tarde,1113,145.0,11.49,Urgente,Sim,4,3.96,1,15,No_Prazo
OP-05455,4,Carcaça,Fresadora-01,Tarde,1285,51.0,35.9,Média,Não,4,2.99,1,3,Atrasado
OP-05456,2,Eixo,CNC-02,Manhã,4810,67.0,99.67,Alta,Sim,6,2.12,1,41,Adiantado
OP-05457,2,Flange,CNC-01,Manhã,3171,90.0,96.71,Média,Não,1,2.92,3,21,Atrasado
OP-05458,5,Carcaça,CNC-01,Manhã,4953,133.0,237.96,Média,Sim,6,2.55,1,25,No_Prazo
OP-05459,7,Eixo,Mandrilhadora-A,Tarde,81,42.0,1.85,Média,Sim,3,7.0,0,44,Adiantado
OP-05460,11,Eixo,CNC-02,Manhã,2317,164.0,38.07,Alta,Sim,3,7.19,4,42,Adiantado
OP-05461,11,Engrenagem,CNC-01,Tarde,2314,68.0,99.58,Alta,Não,2,3.59,2,26,Atrasado
OP-05462,1,Eixo,CNC-02,Tarde,2037,177.0,101.08,Baixa,Não,3,2.46,1,34,Atrasado
OP-05463,9,Flange,CNC-01,Tarde,1988,62.0,81.91,Baixa,Sim,4,1.48,0,27,Adiantado
OP-05464,4,Carcaça,Torno-03,Manhã,441,135.0,6.85,Alta,Não,2,5.87,4,20,Atrasado
OP-05465,3,Engrenagem,Torno-03,Noite,209,77.0,6.69,Média,Não,3,7.09,3,13,Atrasado
OP-05466,7,Suporte,CNC-02,Tarde,3902,153.0,102.26,Média,Sim,6,3.58,1,4,Atrasado
OP-05467,1,Suporte,Fresadora-01,Manhã,2230,91.0,78.8,Alta,Sim,5,7.06,4,43,Adiantado
OP-05468,5,Carcaça,Torno-03,Manhã,855,159.0,31.42,Média,Sim,4,2.36,1,41,Adiantado
OP-05469,7,Suporte,Mandrilhadora-A,Manhã,1770,139.0,74.84,Baixa,Sim,2,5.07,1,19,No_Prazo
OP-05470,4,Engrenagem,Fresadora-01,Noite,4668,112.0,91.51,Média,Sim,6,1.11,2,33,Adiantado
OP-05471,8,Flange,CNC-01,Manhã,2365,56.0,114.91,Média,Sim,6,4.72,0,7,Adiantado
OP-05472,6,Carcaça,CNC-02,Manhã,4953,58.0,92.06,Alta,Sim,6,5.29,2,8,No_Prazo
OP-05473,10,Carcaça,Fresadora-01,Manhã,849,179.0,12.7,Baixa,Sim,5,5.33,4,39,Adiantado
OP-05474,3,Suporte,Torno-03,Manhã,655,168.0,28.27,Média,Sim,2,6.34,2,43,Adiantado
OP-05475,1,Carcaça,Fresadora-01,Tarde,2840,38.0,81.03,Média,Sim,3,1.21,3,29,No_Prazo
OP-05476,7,Suporte,CNC-02,Noite,3430,49.0,101.56,Média,Sim,6,2.59,2,24,No_Prazo
OP-05477,4,Engrenagem,CNC-01,Tarde,4907,33.0,111.63,Baixa,Sim,1,5.7,4,30,Atrasado
OP-05478,9,Carcaça,Fresadora-01,Noite,2356,48.0,27.93,Média,Sim,5,4.94,5,4,Atrasado
OP-05479,2,Engrenagem,Fresadora-01,Manhã,1040,63.0,18.45,Alta,Não,4,7.62,3,16,Atrasado
OP-05480,7,Eixo,Fresadora-01,Tarde,2728,153.0,110.39,Baixa,Sim,3,6.38,4,15,No_Prazo
OP-05481,12,Eixo,Torno-03,Noite,1569,31.0,29.77,Urgente,Sim,1,4.03,3,25,Adiantado
OP-05482,2,Suporte,CNC-01,Tarde,938,161.0,46.62,Urgente,Sim,6,4.5,5,39,Adiantado
OP-05483,4,Engrenagem,Fresadora-01,Noite,487,175.0,20.19,Média,Sim,2,5.45,5,6,Atrasado
OP-05484,11,Suporte,Fresadora-01,Manhã,3631,61.0,159.56,Alta,Sim,4,0.58,5,21,No_Prazo
OP-05485,7,Carcaça,Fresadora-01,Tarde,3231,90.0,145.17,Alta,Sim,4,3.23,0,35,Adiantado
OP-05486,3,Suporte,CNC-01,Tarde,874,102.0,33.87,Baixa,Sim,3,1.41,2,37,Adiantado
OP-05487,3,Eixo,Fresadora-01,Manhã,2816,49.0,80.67,Média,Sim,1,2.3,3,39,Adiantado
OP-05488,10,Carcaça,Fresadora-01,Noite,4432,136.0,206.89,Urgente,Sim,1,6.72,4,20,Atrasado
OP-05489,11,Eixo,Mandrilhadora-A,Manhã,4099,111.0,110.92,Baixa,Sim,4,4.61,3,43,Adiantado
OP-05490,5,Suporte,Torno-03,Manhã,2297,34.0,31.77,Média,Não,5,6.95,2,8,Atrasado
OP-05491,6,Flange,Fresadora-01,Noite,333,163.0,11.27,Média,Sim,2,7.17,3,38,Adiantado
OP-05492,10,Engrenagem,Torno-03,Tarde,3192,65.0,45.4,Baixa,Sim,5,6.54,3,11,Atrasado
OP-05493,3,Engrenagem,Fresadora-01,Noite,2605,41.0,94.34,Média,Não,5,6.22,3,32,Atrasado
OP-05494,3,Engrenagem,Fresadora-01,Noite,4612,177.0,230.14,Urgente,Sim,2,1.75,4,40,No_Prazo
OP-05495,10,Carcaça,Fresadora-01,Manhã,2788,32.0,103.18,Baixa,Sim,3,2.52,2,32,Adiantado
OP-05496,3,Carcaça,Mandrilhadora-A,Tarde,3702,25.0,68.2,Baixa,Sim,3,5.78,3,10,Atrasado
OP-05497,10,Flange,CNC-01,Noite,2665,54.0,41.35,Média,Não,4,2.76,0,40,Atrasado
OP-05498,6,Carcaça,Fresadora-01,Manhã,2727,68.0,66.14,Alta,Sim,1,3.31,3,43,Adiantado
OP-05499,12,Engrenagem,Fresadora-01,Tarde,1621,87.0,25.66,Média,Sim,6,7.52,2,23,Adiantado
OP-05500,1,Carcaça,Torno-03,Noite,2043,128.0,66.99,Média,Sim,4,5.79,0,15,No_Prazo
OP-05501,12,Eixo,Torno-03,Manhã,1514,75.0,62.56,Alta,Sim,5,1.3,1,30,Adiantado
OP-05502,3,Engrenagem,Fresadora-01,Noite,2337,107.0,84.89,Urgente,Sim,4,5.91,5,44,No_Prazo
OP-05503,1,Suporte,Torno-03,Tarde,4760,16.0,165.11,Baixa,Sim,3,6.45,3,44,No_Prazo
OP-05504,9,Eixo,Torno-03,Noite,1741,79.0,47.75,Alta,Não,6,7.35,0,7,Atrasado
OP-05505,7,Eixo,Mandrilhadora-A,Tarde,2343,171.0,39.62,Média,Sim,2,5.64,5,8,Atrasado
OP-05506,11,Suporte,Fresadora-01,Tarde,4733,143.0,168.07,Baixa,Sim,1,1.22,0,26,Atrasado
OP-05507,2,Eixo,CNC-02,Noite,798,137.0,21.37,Média,Sim,4,6.24,3,40,Adiantado
OP-05508,1,Suporte,Mandrilhadora-A,Manhã,1301,65.0,28.91,Média,Sim,1,5.42,0,4,No_Prazo
OP-05509,7,Engrenagem,CNC-02,Tarde,2491,96.0,90.6,Alta,Sim,5,3.92,5,32,Adiantado
OP-05510,11,Engrenagem,CNC-01,Noite,2076,154.0,52.19,Média,Sim,1,6.2,3,14,Atrasado
OP-05511,5,Eixo,Mandrilhadora-A,Noite,1738,160.0,29.08,Alta,Sim,2,4.44,5,15,No_Prazo
OP-05512,10,Suporte,CNC-02,Noite,3902,132.0,114.49,Baixa,Sim,6,7.49,1,39,No_Prazo
OP-05513,11,Eixo,CNC-02,Tarde,2519,90.0,54.33,Baixa,Não,2,7.49,5,15,Atrasado
OP-05514,11,Engrenagem,CNC-02,Tarde,1853,27.0,72.9,Urgente,Sim,4,2.19,5,11,Adiantado
OP-05515,7,Suporte,Torno-03,Tarde,2420,35.0,28.76,Alta,Sim,6,3.8,2,44,Adiantado
OP-05516,9,Flange,CNC-01,Tarde,4438,15.0,195.78,Média,Sim,2,1.99,3,41,Adiantado
OP-05517,7,Flange,CNC-01,Tarde,4920,74.0,139.99,Média,Sim,2,2.98,2,42,No_Prazo
OP-05518,9,Eixo,CNC-02,Manhã,1253,19.0,13.33,Baixa,Sim,1,2.17,4,28,No_Prazo
OP-05519,7,Engrenagem,CNC-02,Manhã,248,87.0,3.8,Urgente,Sim,5,4.34,3,14,Adiantado
OP-05520,7,Engrenagem,CNC-01,Tarde,205,114.0,9.8,Baixa,Sim,1,0.5,0,34,Adiantado
OP-05521,6,Suporte,Mandrilhadora-A,Manhã,2254,113.0,70.96,Média,Sim,6,6.44,2,35,Adiantado
OP-05522,8,Engrenagem,Torno-03,Manhã,3162,107.0,128.83,Alta,Não,5,1.69,2,18,Atrasado
OP-05523,10,Eixo,CNC-01,Manhã,303,52.0,13.73,Urgente,Sim,2,2.56,2,27,Adiantado
OP-05524,12,Carcaça,CNC-01,Noite,2565,101.0,58.51,Baixa,Sim,3,1.81,3,45,Adiantado
OP-05525,8,Eixo,Mandrilhadora-A,Noite,2028,177.0,64.65,Alta,Sim,4,3.15,1,27,Adiantado
OP-05526,2,Suporte,CNC-02,Tarde,4668,88.0,168.11,Média,Sim,5,1.08,1,38,Adiantado
OP-05527,8,Eixo,CNC-01,Noite,3037,159.0,132.61,Alta,Não,3,6.94,2,4,Atrasado
OP-05528,4,Carcaça,Fresadora-01,Noite,2144,78.0,57.47,Baixa,Sim,2,3.61,2,42,No_Prazo
OP-05529,1,Carcaça,Mandrilhadora-A,Manhã,2953,118.0,141.95,Alta,Não,1,7.43,5,44,Atrasado
OP-05530,1,Flange,CNC-02,Manhã,721,95.0,24.72,Alta,Sim,3,0.85,4,9,Adiantado
OP-05531,8,Suporte,Fresadora-01,Manhã,2401,129.0,107.94,Urgente,Sim,3,1.79,1,21,No_Prazo
OP-05532,12,Flange,Torno-03,Manhã,1682,163.0,22.43,Média,Sim,4,6.77,4,14,No_Prazo
OP-05533,7,Carcaça,CNC-01,Tarde,945,88.0,26.96,Alta,Sim,6,3.98,3,26,Adiantado
OP-05534,6,Eixo,Fresadora-01,Manhã,1996,140.0,34.26,Média,Sim,2,0.95,5,39,Adiantado
OP-05535,2,Carcaça,Mandrilhadora-A,Noite,3213,161.0,149.33,Média,Sim,2,0.85,4,11,Atrasado
OP-05536,9,Suporte,Mandrilhadora-A,Tarde,2936,145.0,56.96,Baixa,Sim,2,7.21,3,31,No_Prazo
OP-05537,1,Suporte,CNC-01,Manhã,4821,19.0,185.7,Alta,Sim,1,2.46,1,8,Atrasado
OP-05538,11,Eixo,Torno-03,Noite,1408,15.0,17.62,Média,Sim,1,3.58,1,19,No_Prazo
OP-05539,10,Carcaça,Fresadora-01,Noite,3513,161.0,63.35,Alta,Não,5,7.23,2,26,Atrasado
OP-05540,12,Suporte,CNC-01,Noite,2774,135.0,63.23,Alta,Não,5,5.51,5,22,Atrasado
OP-05541,4,Carcaça,Mandrilhadora-A,Noite,4375,173.0,180.58,Alta,Sim,5,6.28,5,8,Atrasado
OP-05542,2,Carcaça,CNC-01,Noite,4544,63.0,91.09,Média,Sim,4,4.04,5,21,Atrasado
OP-05543,4,Engrenagem,CNC-02,Tarde,3552,145.0,151.58,Alta,Sim,5,5.71,5,17,Atrasado
OP-05544,10,Carcaça,Mandrilhadora-A,Noite,2147,147.0,89.2,Média,Não,3,4.88,2,26,Atrasado
OP-05545,3,Carcaça,Torno-03,Manhã,2690,156.0,133.66,Alta,Sim,6,1.78,3,17,Adiantado
OP-05546,11,Eixo,Fresadora-01,Tarde,3275,129.0,121.46,Média,Não,4,4.8,0,24,Atrasado
OP-05547,2,Carcaça,Torno-03,Tarde,4039,38.0,143.37,Alta,Não,1,7.44,0,44,Atrasado
OP-05548,1,Flange,Fresadora-01,Manhã,1183,127.0,40.29,Alta,Sim,2,3.09,1,22,Adiantado
OP-05549,3,Eixo,CNC-01,Manhã,4371,115.0,62.88,Média,Sim,4,4.2,1,34,No_Prazo
OP-05550,10,Eixo,Fresadora-01,Manhã,4016,70.0,122.6,Baixa,Sim,5,3.62,4,17,Atrasado
OP-05551,8,Eixo,CNC-01,Manhã,486,49.0,21.41,Média,Sim,1,5.66,5,31,Adiantado
OP-05552,5,Engrenagem,CNC-01,Manhã,1384,161.0,14.99,Alta,Não,5,5.2,0,22,Atrasado
OP-05553,8,Suporte,Torno-03,Tarde,1217,38.0,18.34,Urgente,Sim,6,4.08,4,29,Adiantado
OP-05554,8,Suporte,Torno-03,Noite,2920,85.0,99.34,Média,Não,2,0.85,1,10,Atrasado
OP-05555,7,Suporte,CNC-01,Tarde,1082,118.0,47.48,Urgente,Sim,4,2.48,2,38,Adiantado
OP-05556,7,Flange,Fresadora-01,Tarde,1536,175.0,34.24,Média,Não,6,2.86,2,11,Atrasado
OP-05557,2,Eixo,CNC-02,Manhã,986,126.0,44.23,Urgente,Não,2,5.99,0,10,Atrasado
OP-05558,4,Suporte,Mandrilhadora-A,Noite,383,65.0,9.0,Urgente,Sim,3,3.47,4,32,Adiantado
OP-05559,7,Carcaça,CNC-01,Manhã,2323,25.0,66.48,Média,Sim,3,3.34,1,15,No_Prazo
OP-05560,2,Engrenagem,CNC-02,Manhã,1632,67.0,78.53,Urgente,Sim,3,3.84,2,44,Adiantado
OP-05561,6,Eixo,CNC-02,Tarde,2547,63.0,68.01,Média,Sim,2,3.74,3,32,Adiantado
OP-05562,2,Carcaça,Torno-03,Noite,1099,150.0,37.34,Média,Sim,4,5.88,3,12,No_Prazo
OP-05563,10,Carcaça,Torno-03,Noite,1467,77.0,69.56,Alta,Sim,2,5.53,1,44,Adiantado
OP-05564,2,Carcaça,CNC-01,Noite,4468,31.0,91.93,Baixa,Sim,5,6.22,4,42,No_Prazo
OP-05565,2,Engrenagem,Torno-03,Tarde,4034,159.0,55.17,Média,Sim,5,2.06,0,15,No_Prazo
OP-05566,8,Flange,Mandrilhadora-A,Tarde,1367,18.0,66.06,Média,Não,1,6.06,4,29,Atrasado
OP-05567,3,Engrenagem,CNC-01,Tarde,850,15.0,27.53,Alta,Sim,6,2.72,3,21,Adiantado
OP-05568,5,Carcaça,CNC-02,Manhã,4873,93.0,236.99,Alta,Sim,2,0.5,2,43,Adiantado
OP-05569,4,Flange,Torno-03,Manhã,3420,26.0,152.77,Alta,Sim,4,5.3,2,44,Adiantado
OP-05570,3,Eixo,Fresadora-01,Noite,2487,44.0,84.02,Alta,Sim,6,0.59,1,19,Adiantado
OP-05571,10,Engrenagem,CNC-01,Noite,3511,178.0,101.31,Alta,Sim,5,1.23,2,41,Adiantado
OP-05572,9,Suporte,CNC-02,Manhã,1144,154.0,33.42,Alta,Sim,6,0.81,1,32,Adiantado
OP-05573,3,Carcaça,CNC-02,Manhã,2169,141.0,36.09,Urgente,Sim,4,5.05,3,6,No_Prazo
OP-05574,9,Carcaça,Fresadora-01,Manhã,1987,126.0,55.92,Média,Sim,5,2.06,0,26,Adiantado
OP-05575,9,Carcaça,CNC-01,Tarde,3618,23.0,155.1,Alta,Sim,3,6.57,5,19,Atrasado
OP-05576,7,Carcaça,Fresadora-01,Manhã,957,153.0,47.42,Baixa,Sim,2,3.17,0,45,Adiantado
OP-05577,7,Suporte,Torno-03,Tarde,2470,93.0,119.58,Baixa,Sim,2,3.01,4,11,Atrasado
OP-05578,12,Carcaça,CNC-02,Manhã,4176,31.0,202.48,Média,Sim,4,4.36,2,5,Atrasado
OP-05579,6,Carcaça,Mandrilhadora-A,Manhã,1021,65.0,10.99,Baixa,Sim,1,6.31,2,9,Atrasado
OP-05580,5,Flange,Mandrilhadora-A,Manhã,643,98.0,19.7,Urgente,Sim,3,5.72,1,5,Adiantado
OP-05581,7,Suporte,Mandrilhadora-A,Noite,4115,17.0,74.09,Média,Sim,3,2.05,3,24,No_Prazo
OP-05582,11,Carcaça,Mandrilhadora-A,Manhã,4373,57.0,151.36,Urgente,Não,1,6.23,4,40,Atrasado
OP-05583,9,Engrenagem,CNC-02,Tarde,2181,70.0,104.32,Média,Sim,6,4.3,3,24,Adiantado
OP-05584,1,Suporte,Mandrilhadora-A,Tarde,277,92.0,12.48,Alta,Não,1,7.91,0,5,Atrasado
OP-05585,6,Eixo,CNC-01,Noite,2726,15.0,121.75,Média,Sim,2,4.38,4,40,Adiantado
OP-05586,9,Engrenagem,CNC-02,Manhã,1533,108.0,37.76,Urgente,Sim,6,2.65,5,42,Adiantado
OP-05587,3,Engrenagem,Torno-03,Tarde,2957,48.0,88.85,Baixa,Não,1,6.21,4,35,Atrasado
OP-05588,12,Engrenagem,Fresadora-01,Manhã,742,114.0,15.79,Alta,Sim,1,0.72,0,7,Adiantado
OP-05589,10,Carcaça,Torno-03,Tarde,4035,54.0,129.74,Urgente,Sim,6,5.93,3,12,No_Prazo
OP-05590,11,Suporte,Torno-03,Tarde,3442,81.0,76.19,Alta,Sim,2,4.57,1,7,No_Prazo
OP-05591,1,Engrenagem,CNC-02,Noite,3243,118.0,137.34,Alta,Não,6,1.82,3,31,Atrasado
OP-05592,7,Suporte,Torno-03,Noite,2585,123.0,73.87,Média,Sim,1,0.68,4,17,No_Prazo
OP-05593,7,Suporte,Torno-03,Noite,1140,20.0,43.34,Média,Sim,1,0.85,5,5,Atrasado
OP-05594,8,Flange,Torno-03,Noite,4699,103.0,211.02,Baixa,Sim,4,1.11,5,34,No_Prazo
OP-05595,11,Suporte,Torno-03,Manhã,1365,150.0,30.02,Média,Sim,6,4.16,5,34,Adiantado
OP-05596,5,Carcaça,Fresadora-01,Tarde,1862,49.0,64.95,Baixa,Sim,5,5.81,0,27,Adiantado
OP-05597,7,Flange,CNC-02,Manhã,4635,103.0,203.16,Alta,Sim,4,1.5,0,10,Atrasado
OP-05598,9,Suporte,CNC-01,Manhã,251,89.0,12.06,Urgente,Sim,2,1.69,4,42,Adiantado
OP-05599,10,Flange,CNC-02,Tarde,669,155.0,11.05,Alta,Sim,1,6.61,4,20,No_Prazo
OP-05600,10,Eixo,Torno-03,Tarde,3820,87.0,142.32,Alta,Sim,5,2.21,4,30,Adiantado
OP-05601,5,Carcaça,CNC-01,Tarde,1871,171.0,51.28,Média,Sim,1,6.71,1,3,Atrasado
OP-05602,12,Flange,CNC-01,Noite,2918,123.0,62.51,Baixa,Sim,2,1.21,2,28,No_Prazo
OP-05603,1,Suporte,Mandrilhadora-A,Tarde,2923,108.0,47.67,Alta,Sim,3,6.78,3,41,Adiantado
OP-05604,6,Suporte,CNC-02,Noite,4145,63.0,138.51,Média,Sim,3,5.99,3,27,Atrasado
OP-05605,8,Suporte,Fresadora-01,Noite,3120,113.0,72.89,Média,Não,6,1.61,5,15,Atrasado
OP-05606,1,Suporte,CNC-01,Noite,2159,37.0,79.27,Urgente,Sim,2,3.03,2,20,No_Prazo
OP-05607,6,Suporte,Mandrilhadora-A,Manhã,2768,84.0,58.79,Média,Sim,4,3.0,5,14,No_Prazo
OP-05608,8,Flange,CNC-02,Tarde,3703,62.0,37.12,Média,Sim,3,1.5,1,30,No_Prazo
OP-05609,8,Suporte,CNC-02,Tarde,1926,126.0,78.37,Baixa,Sim,2,3.33,4,25,No_Prazo
OP-05610,2,Flange,Fresadora-01,Noite,896,141.0,14.74,Alta,Não,6,5.58,0,44,No_Prazo
OP-05611,4,Eixo,CNC-02,Manhã,2457,168.0,49.39,Média,Sim,5,5.98,1,4,Atrasado
OP-05612,3,Suporte,Torno-03,Manhã,4997,52.0,97.01,Alta,Sim,5,2.02,0,44,Adiantado
OP-05613,8,Carcaça,Fresadora-01,Manhã,605,161.0,14.33,Média,Não,3,5.91,1,14,Atrasado
OP-05614,4,Suporte,CNC-01,Manhã,909,155.0,26.74,Alta,Sim,2,2.5,3,7,No_Prazo
OP-05615,7,Suporte,CNC-01,Noite,4975,157.0,211.43,Alta,Não,4,0.82,5,14,Atrasado
OP-05616,9,Carcaça,Fresadora-01,Manhã,4157,137.0,149.69,Média,Sim,6,1.96,0,22,Adiantado
OP-05617,10,Eixo,CNC-02,Manhã,629,59.0,9.96,Alta,Sim,2,3.07,3,35,Adiantado
OP-05618,3,Engrenagem,Mandrilhadora-A,Tarde,1101,160.0,19.1,Baixa,Sim,5,0.77,0,28,Adiantado
OP-05619,11,Eixo,Mandrilhadora-A,Tarde,3469,114.0,152.23,Baixa,Sim,6,1.21,1,12,No_Prazo
OP-05620,2,Suporte,Mandrilhadora-A,Manhã,3923,137.0,78.44,Média,Sim,3,3.17,0,33,No_Prazo
OP-05621,1,Carcaça,Mandrilhadora-A,Tarde,3683,49.0,69.05,Média,Sim,1,7.43,3,4,Atrasado
OP-05622,1,Flange,Mandrilhadora-A,Tarde,4313,41.0,43.75,Urgente,Sim,6,5.27,3,15,No_Prazo
OP-05623,3,Suporte,CNC-02,Noite,2558,61.0,104.78,Alta,Sim,1,7.51,1,44,Adiantado
OP-05624,11,Engrenagem,Mandrilhadora-A,Tarde,4389,99.0,173.53,Alta,Sim,5,0.78,4,45,Adiantado
OP-05625,3,Suporte,CNC-02,Noite,3000,84.0,71.71,Baixa,Sim,3,7.01,2,16,Atrasado
OP-05626,9,Suporte,Torno-03,Manhã,2404,161.0,24.74,Alta,Sim,5,1.52,4,20,Adiantado
OP-05627,6,Flange,CNC-01,Noite,3200,17.0,132.55,Alta,Sim,5,2.28,3,18,Adiantado
OP-05628,1,Suporte,Mandrilhadora-A,Tarde,2172,28.0,30.35,Baixa,Sim,2,1.25,5,15,No_Prazo
OP-05629,6,Flange,Torno-03,Tarde,3051,69.0,86.71,Alta,Não,1,3.58,4,11,Atrasado
OP-05630,1,Flange,Mandrilhadora-A,Tarde,4177,43.0,182.14,Alta,Sim,1,2.02,5,36,No_Prazo
OP-05631,6,Suporte,CNC-02,Manhã,4793,82.0,94.76,Urgente,Sim,2,6.05,5,31,No_Prazo
OP-05632,7,Suporte,CNC-02,Manhã,2918,133.0,73.49,Urgente,Sim,6,6.16,1,28,Adiantado
OP-05633,7,Eixo,Torno-03,Noite,78,179.0,2.84,Baixa,Sim,1,2.68,2,36,Adiantado
OP-05634,4,Eixo,Mandrilhadora-A,Noite,3125,48.0,115.4,Alta,Sim,5,6.5,2,41,Adiantado
OP-05635,10,Flange,Torno-03,Manhã,1296,59.0,36.95,Urgente,Sim,3,1.73,3,39,Adiantado
OP-05636,8,Eixo,Fresadora-01,Tarde,1218,142.0,33.31,Alta,Sim,5,0.8,3,7,No_Prazo
OP-05637,4,Eixo,CNC-02,Tarde,4411,60.0,118.13,Baixa,Sim,4,1.74,2,36,No_Prazo
OP-05638,6,Eixo,Fresadora-01,Tarde,2258,131.0,66.48,Média,Sim,5,2.34,0,5,No_Prazo
OP-05639,2,Eixo,Fresadora-01,Manhã,3962,111.0,94.56,Baixa,Não,5,0.88,2,33,Atrasado
OP-05640,12,Flange,Mandrilhadora-A,Noite,1878,156.0,38.04,Baixa,Não,6,1.32,1,43,Atrasado
OP-05641,10,Flange,CNC-01,Tarde,3053,21.0,69.13,Urgente,Sim,5,2.77,5,43,Adiantado
OP-05642,4,Suporte,CNC-02,Tarde,3343,177.0,97.32,Urgente,Sim,3,6.89,5,22,No_Prazo
OP-05643,9,Eixo,CNC-01,Tarde,4471,174.0,113.05,Urgente,Sim,6,6.92,1,44,Adiantado
OP-05644,9,Carcaça,Torno-03,Tarde,1022,19.0,34.16,Média,Sim,3,7.95,2,12,No_Prazo
OP-05645,8,Flange,Fresadora-01,Manhã,2828,97.0,99.67,Alta,Sim,4,1.24,3,42,Adiantado
OP-05646,1,Suporte,Fresadora-01,Noite,2058,81.0,102.58,Média,Sim,2,0.51,2,34,No_Prazo
OP-05647,11,Engrenagem,Fresadora-01,Manhã,2345,57.0,81.15,Média,Sim,5,4.74,1,37,Adiantado
OP-05648,12,Engrenagem,Fresadora-01,Noite,4251,176.0,167.43,Média,Sim,1,5.02,4,45,No_Prazo
OP-05649,12,Flange,Mandrilhadora-A,Noite,722,44.0,10.05,Urgente,Sim,6,2.27,5,35,Adiantado
OP-05650,12,Eixo,Mandrilhadora-A,Tarde,2754,58.0,111.31,Alta,Sim,3,6.48,4,45,Adiantado
OP-05651,12,Flange,Torno-03,Tarde,1969,16.0,59.77,Alta,Sim,6,7.67,2,21,Adiantado
OP-05652,9,Engrenagem,Mandrilhadora-A,Manhã,4485,111.0,200.31,Baixa,Sim,3,2.99,5,44,Atrasado
OP-05653,1,Flange,CNC-01,Tarde,1121,157.0,54.75,Média,Sim,1,7.59,5,38,No_Prazo
OP-05654,6,Suporte,Fresadora-01,Tarde,1201,118.0,23.08,Média,Sim,1,1.28,5,9,No_Prazo
OP-05655,3,Suporte,Torno-03,Manhã,499,123.0,23.53,Alta,Não,6,4.07,4,19,Atrasado
OP-05656,3,Eixo,Mandrilhadora-A,Manhã,2227,26.0,82.1,Alta,Não,4,1.98,1,39,No_Prazo
OP-05657,10,Eixo,Torno-03,Noite,103,133.0,4.08,Baixa,Sim,1,4.88,3,29,No_Prazo
OP-05658,10,Flange,CNC-01,Manhã,2527,82.0,73.02,Baixa,Sim,3,1.03,3,8,No_Prazo
OP-05659,7,Flange,Fresadora-01,Manhã,1156,93.0,27.97,Alta,Sim,4,4.28,4,28,Adiantado
OP-05660,9,Suporte,Mandrilhadora-A,Manhã,2032,112.0,85.35,Média,Sim,3,1.8,0,18,No_Prazo
OP-05661,2,Eixo,CNC-01,Tarde,3045,176.0,33.13,Média,Sim,1,3.63,0,7,Atrasado
OP-05662,3,Suporte,CNC-01,Tarde,3438,138.0,108.72,Alta,Sim,4,5.66,5,10,Atrasado
OP-05663,11,Carcaça,Fresadora-01,Noite,353,128.0,4.57,Alta,Não,2,3.0,4,11,Atrasado
OP-05664,6,Eixo,Torno-03,Tarde,786,86.0,15.87,Alta,Sim,2,4.55,1,18,No_Prazo
OP-05665,7,Carcaça,Torno-03,Manhã,1622,21.0,63.27,Baixa,Sim,5,7.79,5,41,No_Prazo
OP-05666,6,Eixo,CNC-01,Tarde,2621,104.0,105.34,Alta,Não,5,7.06,2,13,Atrasado
OP-05667,3,Eixo,Torno-03,Manhã,4423,124.0,201.52,Média,Sim,1,7.98,3,10,Atrasado
OP-05668,10,Suporte,Torno-03,Noite,736,131.0,28.42,Alta,Sim,4,1.83,5,41,Adiantado
OP-05669,10,Suporte,Mandrilhadora-A,Manhã,385,115.0,14.24,Média,Não,2,4.21,5,24,Atrasado
OP-05670,9,Flange,CNC-02,Manhã,3164,65.0,151.25,Baixa,Sim,3,6.38,3,45,No_Prazo
OP-05671,5,Eixo,CNC-02,Tarde,4895,51.0,154.17,Média,Sim,5,7.47,3,16,Atrasado
OP-05672,8,Engrenagem,CNC-01,Manhã,4159,30.0,150.37,Média,Sim,3,2.31,1,10,No_Prazo
OP-05673,12,Carcaça,Torno-03,Tarde,2848,131.0,127.37,Média,Sim,4,7.91,1,39,Adiantado
OP-05674,8,Carcaça,Fresadora-01,Tarde,148,175.0,6.0,Baixa,Sim,1,3.81,0,8,Atrasado
OP-05675,6,Carcaça,CNC-02,Noite,2902,102.0,118.39,Alta,Sim,3,6.29,0,34,Adiantado
OP-05676,4,Flange,Fresadora-01,Manhã,2311,126.0,72.73,Média,Sim,5,4.39,2,10,No_Prazo
OP-05677,7,Carcaça,Mandrilhadora-A,Tarde,2262,129.0,70.38,Média,Não,4,2.73,2,39,Atrasado
OP-05678,5,Flange,CNC-01,Tarde,2488,42.0,89.44,Alta,Sim,6,1.32,3,27,Adiantado
OP-05679,8,Engrenagem,Torno-03,Manhã,2829,47.0,107.56,Alta,Não,5,1.71,3,9,Atrasado
OP-05680,1,Engrenagem,Fresadora-01,Tarde,3615,49.0,115.12,Média,Sim,1,5.36,4,40,No_Prazo
OP-05681,3,Eixo,CNC-01,Noite,1001,169.0,17.44,Baixa,Sim,1,4.65,1,15,No_Prazo
OP-05682,10,Eixo,CNC-01,Noite,419,18.0,8.35,Média,Não,2,3.75,0,35,No_Prazo
OP-05683,5,Carcaça,CNC-02,Noite,304,104.0,9.04,Baixa,Sim,5,5.2,0,10,No_Prazo
OP-05684,6,Eixo,CNC-01,Tarde,2059,77.0,37.4,Média,Sim,6,4.31,4,21,No_Prazo
OP-05685,7,Suporte,CNC-02,Manhã,2564,124.0,69.07,Alta,Sim,5,1.56,5,14,No_Prazo
OP-05686,6,Eixo,CNC-01,Noite,3938,51.0,62.56,Média,Sim,5,2.46,2,44,Adiantado
OP-05687,10,Suporte,Mandrilhadora-A,Manhã,2195,174.0,34.79,Baixa,Sim,5,3.74,0,7,No_Prazo
OP-05688,3,Flange,Torno-03,Tarde,2684,70.0,117.37,Alta,Sim,2,3.48,5,26,No_Prazo
OP-05689,10,Engrenagem,CNC-02,Noite,4884,168.0,154.77,Baixa,Sim,5,7.27,1,14,Atrasado
OP-05690,3,Flange,Fresadora-01,Noite,3761,112.0,155.02,Urgente,Sim,4,7.56,3,36,No_Prazo
OP-05691,5,Engrenagem,CNC-01,Noite,3470,83.0,36.3,Média,Sim,1,4.51,5,26,Atrasado
OP-05692,8,Carcaça,Torno-03,Manhã,1851,136.0,39.66,Média,Sim,6,2.49,5,24,Adiantado
OP-05693,11,Suporte,Fresadora-01,Tarde,803,106.0,8.6,Média,Sim,5,6.49,1,37,Adiantado
OP-05694,3,Carcaça,Mandrilhadora-A,Manhã,4604,38.0,46.66,Média,Sim,2,1.86,0,31,No_Prazo
OP-05695,8,Carcaça,CNC-02,Noite,2789,131.0,31.46,Média,Sim,2,4.19,2,31,No_Prazo
OP-05696,1,Eixo,Torno-03,Tarde,432,111.0,13.33,Urgente,Não,5,7.96,5,19,Atrasado
OP-05697,1,Suporte,Fresadora-01,Manhã,2437,108.0,33.22,Baixa,Sim,2,7.06,2,12,Atrasado
OP-05698,10,Engrenagem,Fresadora-01,Noite,501,137.0,21.01,Média,Não,5,7.47,5,5,Atrasado
OP-05699,9,Carcaça,CNC-01,Tarde,4907,123.0,150.39,Alta,Não,3,1.23,5,26,Atrasado
OP-05700,5,Suporte,Mandrilhadora-A,Tarde,2666,75.0,52.82,Média,Sim,1,3.97,3,29,No_Prazo
OP-05701,8,Suporte,CNC-02,Noite,3935,68.0,171.35,Média,Sim,5,6.27,5,13,Atrasado
OP-05702,5,Carcaça,CNC-02,Tarde,2380,56.0,72.32,Urgente,Não,6,1.67,5,15,Atrasado
OP-05703,4,Carcaça,CNC-01,Tarde,147,110.0,3.53,Média,Sim,2,6.27,4,5,No_Prazo
OP-05704,6,Carcaça,CNC-01,Manhã,3210,64.0,105.02,Baixa,Sim,6,3.06,4,26,Adiantado
OP-05705,4,Engrenagem,CNC-02,Manhã,3282,35.0,121.12,Urgente,Sim,5,7.15,2,43,Adiantado
OP-05706,10,Engrenagem,CNC-01,Manhã,1183,144.0,38.27,Baixa,Sim,5,3.63,5,31,Adiantado
OP-05707,5,Carcaça,Fresadora-01,Manhã,3596,50.0,170.13,Alta,Sim,3,2.38,2,6,No_Prazo
OP-05708,4,Eixo,Torno-03,Manhã,1168,42.0,28.22,Baixa,Não,4,7.38,4,22,Atrasado
OP-05709,7,Flange,CNC-02,Tarde,3473,155.0,91.68,Baixa,Sim,2,5.85,5,42,No_Prazo
OP-05710,10,Engrenagem,Torno-03,Tarde,3758,131.0,166.68,Média,Sim,4,3.97,5,9,Atrasado
OP-05711,4,Suporte,Fresadora-01,Manhã,730,141.0,25.91,Alta,Sim,6,7.71,5,14,No_Prazo
OP-05712,12,Carcaça,CNC-01,Tarde,1494,73.0,72.68,Baixa,Sim,4,5.02,1,37,Adiantado
OP-05713,6,Carcaça,CNC-02,Noite,858,117.0,35.77,Média,Sim,6,4.9,5,32,Adiantado
OP-05714,8,Flange,Mandrilhadora-A,Manhã,3650,169.0,111.39,Média,Sim,1,3.21,1,10,Atrasado
OP-05715,12,Suporte,CNC-01,Tarde,1215,62.0,43.0,Baixa,Sim,4,6.76,1,3,No_Prazo
OP-05716,6,Flange,Mandrilhadora-A,Manhã,3221,26.0,84.53,Baixa,Não,2,4.89,3,8,Atrasado
OP-05717,3,Flange,Mandrilhadora-A,Tarde,2117,43.0,31.98,Urgente,Sim,4,5.16,0,27,Adiantado
OP-05718,9,Flange,CNC-02,Tarde,462,163.0,12.14,Alta,Sim,1,7.52,4,16,No_Prazo
OP-05719,1,Carcaça,CNC-02,Manhã,4419,61.0,93.95,Média,Sim,3,2.52,5,10,Atrasado
OP-05720,6,Eixo,CNC-02,Manhã,3570,96.0,132.53,Média,Sim,3,6.43,1,5,Atrasado
OP-05721,12,Flange,Torno-03,Noite,1345,103.0,49.45,Baixa,Sim,4,6.58,1,6,No_Prazo
OP-05722,5,Suporte,CNC-02,Manhã,4403,173.0,209.12,Média,Sim,5,0.98,2,18,No_Prazo
OP-05723,9,Flange,Fresadora-01,Tarde,3558,65.0,46.89,Média,Sim,4,5.92,0,12,No_Prazo
OP-05724,7,Engrenagem,CNC-02,Tarde,4092,101.0,117.45,Urgente,Não,6,6.73,1,35,Atrasado
OP-05725,3,Eixo,Mandrilhadora-A,Manhã,931,173.0,24.16,Média,Sim,2,4.52,5,35,Adiantado
OP-05726,4,Suporte,Mandrilhadora-A,Tarde,93,48.0,2.89,Média,Sim,3,1.33,5,36,Adiantado
OP-05727,7,Suporte,Torno-03,Tarde,355,114.0,5.25,Alta,Sim,3,1.09,3,33,Adiantado
OP-05728,2,Suporte,Torno-03,Manhã,2721,25.0,80.7,Média,Sim,4,0.68,4,22,Adiantado
OP-05729,5,Carcaça,CNC-01,Noite,3944,58.0,143.09,Alta,Não,6,3.25,0,10,Atrasado
OP-05730,5,Suporte,CNC-01,Tarde,4571,26.0,103.08,Alta,Sim,4,5.16,0,10,No_Prazo
OP-05731,11,Flange,Torno-03,Tarde,4806,69.0,173.1,Baixa,Sim,6,4.78,5,29,Atrasado
OP-05732,2,Eixo,Torno-03,Manhã,3013,49.0,62.15,Alta,Não,3,4.32,0,44,No_Prazo
OP-05733,11,Eixo,CNC-02,Manhã,3174,147.0,78.63,Média,Sim,4,3.63,4,34,No_Prazo
OP-05734,5,Carcaça,CNC-01,Tarde,1487,91.0,68.84,Baixa,Sim,5,5.61,5,38,No_Prazo
OP-05735,8,Flange,Mandrilhadora-A,Tarde,55,82.0,0.61,Alta,Sim,1,7.12,4,38,Adiantado
OP-05736,7,Suporte,Torno-03,Manhã,1012,129.0,21.16,Alta,Sim,1,6.7,2,3,Atrasado
OP-05737,4,Engrenagem,Torno-03,Tarde,325,171.0,15.41,Baixa,Não,3,5.86,3,42,Atrasado
OP-05738,12,Engrenagem,Torno-03,Tarde,3440,65.0,54.63,Média,Não,1,2.69,3,29,Atrasado
OP-05739,3,Eixo,Torno-03,Manhã,2540,26.0,65.78,Alta,Não,3,7.55,2,40,Atrasado
OP-05740,1,Engrenagem,Fresadora-01,Noite,3867,33.0,108.91,Alta,Não,3,6.96,5,43,Atrasado
OP-05741,10,Suporte,Fresadora-01,Tarde,783,156.0,28.27,Média,Sim,4,7.61,0,8,No_Prazo
OP-05742,8,Suporte,Torno-03,Tarde,4567,155.0,157.43,Média,Sim,6,5.14,5,42,No_Prazo
OP-05743,11,Flange,CNC-01,Noite,3611,93.0,126.64,Alta,Sim,4,3.0,5,26,No_Prazo
OP-05744,6,Eixo,Mandrilhadora-A,Tarde,4533,39.0,215.85,Alta,Sim,6,3.89,0,20,Adiantado
OP-05745,1,Flange,CNC-02,Noite,3259,102.0,83.79,Baixa,Sim,4,2.96,3,44,Adiantado
OP-05746,1,Engrenagem,CNC-01,Noite,1729,125.0,51.17,Média,Sim,4,3.13,3,29,Adiantado
OP-05747,6,Flange,CNC-01,Manhã,3149,70.0,152.91,Média,Sim,6,3.69,5,30,Adiantado
OP-05748,3,Engrenagem,Fresadora-01,Tarde,3039,29.0,45.97,Alta,Sim,4,7.51,5,29,No_Prazo
OP-05749,12,Engrenagem,CNC-02,Noite,945,68.0,45.29,Alta,Sim,6,4.23,2,30,Adiantado
OP-05750,2,Engrenagem,CNC-01,Noite,552,129.0,26.46,Alta,Não,4,3.53,1,34,Atrasado
OP-05751,11,Engrenagem,Mandrilhadora-A,Manhã,3268,176.0,157.32,Média,Sim,3,5.3,4,18,No_Prazo
OP-05752,3,Flange,CNC-02,Manhã,517,46.0,6.56,Média,Sim,3,2.65,3,43,Adiantado
OP-05753,2,Flange,Mandrilhadora-A,Manhã,546,166.0,18.07,Alta,Não,4,0.57,3,32,Atrasado
OP-05754,4,Suporte,Mandrilhadora-A,Noite,403,90.0,17.54,Urgente,Sim,2,5.97,4,23,Adiantado
OP-05755,2,Flange,CNC-01,Noite,3129,124.0,70.55,Alta,Sim,5,2.99,0,25,No_Prazo
OP-05756,5,Engrenagem,Fresadora-01,Noite,4639,158.0,155.97,Alta,Não,1,2.28,0,5,Atrasado
OP-05757,4,Engrenagem,Fresadora-01,Manhã,2510,107.0,50.85,Urgente,Sim,5,4.51,2,6,No_Prazo
OP-05758,7,Suporte,CNC-01,Noite,804,25.0,12.21,Média,Sim,1,1.71,2,34,Adiantado
OP-05759,7,Carcaça,CNC-02,Manhã,2587,59.0,114.06,Média,Sim,1,2.58,0,19,No_Prazo
OP-05760,1,Eixo,Torno-03,Tarde,2437,147.0,120.02,Média,Sim,6,4.34,1,43,Adiantado
OP-05761,2,Eixo,CNC-01,Manhã,2987,106.0,38.2,Média,Sim,5,7.81,2,21,No_Prazo
OP-05762,2,Eixo,Fresadora-01,Tarde,2193,69.0,32.57,Alta,Sim,5,2.33,0,40,Adiantado
OP-05763,3,Eixo,CNC-02,Tarde,2683,111.0,90.0,Média,Sim,6,4.0,4,33,No_Prazo
OP-05764,2,Eixo,Mandrilhadora-A,Manhã,1657,59.0,22.29,Baixa,Sim,5,4.46,0,4,No_Prazo
OP-05765,4,Flange,Mandrilhadora-A,Manhã,4535,55.0,159.84,Média,Não,1,5.85,4,17,Atrasado
OP-05766,7,Suporte,Fresadora-01,Noite,2711,152.0,105.13,Baixa,Sim,6,4.42,2,40,Adiantado
OP-05767,4,Suporte,CNC-01,Manhã,1588,81.0,42.22,Média,Sim,2,6.0,0,37,Adiantado
OP-05768,4,Carcaça,CNC-01,Tarde,63,60.0,2.54,Baixa,Sim,4,6.98,3,9,No_Prazo
OP-05769,6,Eixo,CNC-01,Manhã,3409,83.0,49.58,Baixa,Sim,6,2.62,3,12,No_Prazo
OP-05770,7,Flange,Torno-03,Manhã,1931,167.0,42.58,Média,Sim,5,6.77,5,45,Adiantado
OP-05771,4,Eixo,Fresadora-01,Manhã,1282,45.0,54.24,Alta,Sim,1,2.47,2,23,Adiantado
OP-05772,3,Engrenagem,CNC-01,Tarde,2422,46.0,32.78,Alta,Sim,5,6.57,5,34,Adiantado
OP-05773,5,Eixo,Fresadora-01,Tarde,2451,73.0,52.46,Baixa,Sim,5,5.27,2,23,No_Prazo
OP-05774,1,Eixo,CNC-01,Manhã,4026,25.0,140.29,Urgente,Não,1,4.76,5,8,Atrasado
OP-05775,6,Flange,CNC-02,Noite,2735,27.0,54.41,Baixa,Sim,6,3.98,1,27,Adiantado
OP-05776,12,Engrenagem,Torno-03,Manhã,3519,17.0,102.88,Alta,Sim,2,4.59,4,7,Atrasado
OP-05777,5,Suporte,Mandrilhadora-A,Noite,3253,39.0,141.47,Alta,Sim,1,2.26,1,42,No_Prazo
OP-05778,2,Carcaça,Fresadora-01,Manhã,4256,121.0,88.47,Alta,Sim,4,4.24,0,14,No_Prazo
OP-05779,9,Carcaça,Torno-03,Noite,80,47.0,2.19,Média,Sim,5,5.06,0,38,Adiantado
OP-05780,2,Engrenagem,CNC-01,Manhã,1912,77.0,20.52,Média,Sim,1,3.36,2,12,No_Prazo
OP-05781,3,Engrenagem,CNC-02,Tarde,3591,131.0,137.66,Alta,Sim,1,3.36,0,6,Atrasado
OP-05782,2,Carcaça,Fresadora-01,Tarde,747,20.0,18.08,Alta,Sim,4,3.11,4,3,No_Prazo
OP-05783,11,Carcaça,CNC-01,Tarde,2237,49.0,99.33,Alta,Sim,1,6.63,0,7,No_Prazo
OP-05784,12,Flange,Fresadora-01,Noite,2035,179.0,27.56,Média,Não,5,3.38,5,41,Atrasado
OP-05785,7,Eixo,Fresadora-01,Manhã,4037,113.0,166.68,Urgente,Sim,2,4.85,2,7,Atrasado
OP-05786,8,Flange,Fresadora-01,Tarde,4817,124.0,204.97,Urgente,Sim,6,7.79,2,8,No_Prazo
OP-05787,8,Flange,CNC-02,Noite,576,100.0,23.64,Alta,Não,5,0.73,4,12,Atrasado
OP-05788,8,Carcaça,CNC-02,Noite,1110,174.0,43.71,Urgente,Sim,2,2.15,4,45,Adiantado
OP-05789,7,Flange,CNC-01,Tarde,3882,39.0,75.74,Média,Sim,5,7.44,5,37,No_Prazo
OP-05790,12,Engrenagem,CNC-02,Tarde,915,26.0,24.4,Baixa,Sim,2,5.88,5,14,No_Prazo
OP-05791,9,Suporte,Torno-03,Noite,2509,150.0,63.82,Alta,Não,3,3.32,1,21,Atrasado
OP-05792,2,Suporte,CNC-01,Noite,4724,16.0,92.79,Alta,Sim,6,1.17,3,27,No_Prazo
OP-05793,5,Eixo,Torno-03,Noite,4877,108.0,144.69,Média,Sim,6,4.35,4,14,Atrasado
OP-05794,12,Engrenagem,CNC-02,Noite,4752,15.0,180.11,Média,Sim,6,6.38,4,33,No_Prazo
OP-05795,5,Engrenagem,Torno-03,Tarde,715,72.0,20.84,Alta,Sim,1,3.67,1,14,Adiantado
OP-05796,3,Carcaça,CNC-02,Tarde,788,122.0,38.6,Baixa,Sim,2,6.83,5,15,No_Prazo
OP-05797,11,Flange,Mandrilhadora-A,Tarde,921,105.0,35.32,Alta,Sim,1,2.68,1,42,Adiantado
OP-05798,8,Flange,CNC-02,Manhã,3858,107.0,106.9,Urgente,Sim,6,4.21,4,22,No_Prazo
OP-05799,7,Carcaça,Mandrilhadora-A,Noite,936,41.0,24.48,Baixa,Sim,5,1.18,5,42,Adiantado
OP-05800,6,Engrenagem,CNC-01,Tarde,2177,64.0,72.59,Alta,Sim,6,4.44,0,36,Adiantado
OP-05801,2,Eixo,CNC-01,Manhã,4100,132.0,111.81,Baixa,Sim,1,6.96,3,16,Atrasado
OP-05802,5,Carcaça,CNC-01,Tarde,2486,19.0,46.93,Média,Não,3,1.64,5,5,Atrasado
OP-05803,6,Flange,Torno-03,Manhã,4705,113.0,145.11,Urgente,Sim,5,5.07,0,9,No_Prazo
OP-05804,12,Engrenagem,Mandrilhadora-A,Manhã,2518,100.0,92.94,Baixa,Sim,3,2.86,4,18,No_Prazo
OP-05805,4,Suporte,CNC-01,Tarde,1929,72.0,46.95,Baixa,Sim,2,3.15,5,35,Adiantado
OP-05806,2,Engrenagem,Fresadora-01,Tarde,4843,70.0,103.32,Urgente,Sim,6,0.56,1,36,Adiantado
OP-05807,6,Suporte,Fresadora-01,Tarde,2757,147.0,51.54,Baixa,Sim,4,4.5,4,20,No_Prazo
OP-05808,12,Suporte,CNC-02,Manhã,964,78.0,23.63,Média,Não,5,7.89,5,17,Atrasado
OP-05809,6,Carcaça,CNC-02,Tarde,3190,28.0,63.08,Média,Sim,5,1.6,2,33,No_Prazo
OP-05810,5,Flange,Mandrilhadora-A,Manhã,3876,174.0,157.07,Baixa,Sim,4,2.26,0,5,Atrasado
OP-05811,9,Eixo,Fresadora-01,Noite,4200,37.0,149.3,Baixa,Sim,5,2.2,1,20,No_Prazo
OP-05812,8,Carcaça,CNC-02,Manhã,78,147.0,1.68,Alta,Não,6,4.72,5,11,Atrasado
OP-05813,4,Flange,Mandrilhadora-A,Noite,586,17.0,29.11,Média,Sim,3,1.92,5,32,Adiantado
OP-05814,12,Suporte,Torno-03,Manhã,3161,75.0,113.25,Média,Sim,6,7.64,5,32,No_Prazo
OP-05815,8,Engrenagem,CNC-01,Manhã,3722,100.0,58.43,Alta,Sim,1,5.72,3,39,Adiantado
OP-05816,1,Suporte,Mandrilhadora-A,Tarde,3280,20.0,141.61,Média,Sim,1,5.19,1,44,Adiantado
OP-05817,5,Flange,Mandrilhadora-A,Noite,1945,136.0,78.09,Média,Sim,3,0.53,3,12,No_Prazo
OP-05818,12,Eixo,Torno-03,Noite,3780,58.0,113.4,Urgente,Sim,3,4.03,5,12,Atrasado
OP-05819,5,Suporte,Fresadora-01,Tarde,2917,104.0,56.41,Alta,Sim,2,6.57,4,20,No_Prazo
OP-05820,7,Engrenagem,CNC-02,Manhã,4633,146.0,196.6,Média,Não,6,4.3,0,25,Atrasado
OP-05821,8,Suporte,Mandrilhadora-A,Manhã,1869,113.0,28.0,Média,Sim,1,6.04,4,34,No_Prazo
OP-05822,9,Carcaça,CNC-02,Tarde,3781,90.0,101.03,Alta,Sim,1,5.62,5,13,Atrasado
OP-05823,11,Flange,CNC-02,Manhã,761,70.0,32.49,Alta,Sim,4,7.47,0,27,Adiantado
OP-05824,2,Engrenagem,Torno-03,Noite,3674,22.0,154.52,Média,Não,1,3.25,3,42,Atrasado
OP-05825,7,Flange,CNC-02,Tarde,3671,166.0,129.2,Média,Sim,2,6.69,3,6,Atrasado
OP-05826,7,Flange,Fresadora-01,Noite,1306,113.0,13.46,Baixa,Sim,6,2.45,3,41,Adiantado
OP-05827,2,Flange,Fresadora-01,Noite,355,119.0,8.28,Urgente,Sim,5,4.68,4,10,Adiantado
OP-05828,9,Eixo,Torno-03,Manhã,4964,88.0,219.05,Alta,Sim,5,5.13,5,19,Atrasado
OP-05829,2,Suporte,Fresadora-01,Tarde,428,76.0,16.63,Média,Sim,3,3.82,3,9,No_Prazo
OP-05830,6,Eixo,Torno-03,Noite,2368,23.0,100.46,Média,Não,2,1.27,0,4,Atrasado
OP-05831,4,Flange,Mandrilhadora-A,Tarde,55,43.0,0.69,Urgente,Sim,2,3.76,3,15,Adiantado
OP-05832,2,Flange,CNC-02,Tarde,2116,85.0,100.79,Média,Sim,2,1.98,3,29,No_Prazo
OP-05833,10,Suporte,Fresadora-01,Noite,4113,55.0,78.81,Alta,Sim,2,4.15,1,19,No_Prazo
OP-05834,3,Suporte,Torno-03,Manhã,2534,22.0,59.02,Alta,Sim,5,0.65,4,29,Adiantado
OP-05835,4,Carcaça,Mandrilhadora-A,Noite,1236,105.0,53.92,Urgente,Sim,2,4.13,3,34,Adiantado
OP-05836,11,Suporte,CNC-02,Manhã,2000,92.0,52.5,Média,Sim,2,3.33,0,29,Adiantado
OP-05837,11,Suporte,CNC-01,Tarde,507,85.0,18.11,Alta,Sim,2,0.6,4,32,Adiantado
OP-05838,1,Carcaça,Mandrilhadora-A,Manhã,2988,144.0,95.9,Média,Não,1,5.17,0,15,Atrasado
OP-05839,4,Eixo,Mandrilhadora-A,Tarde,70,114.0,3.13,Urgente,Sim,6,2.85,5,37,Adiantado
OP-05840,9,Eixo,Fresadora-01,Manhã,1780,15.0,28.92,Baixa,Sim,6,4.87,3,4,No_Prazo
OP-05841,10,Flange,Torno-03,Manhã,350,141.0,4.87,Média,Não,2,7.14,5,39,Atrasado
OP-05842,12,Flange,Torno-03,Tarde,1237,95.0,43.66,Média,Sim,5,6.98,2,4,No_Prazo
OP-05843,7,Suporte,Fresadora-01,Manhã,383,100.0,16.77,Alta,Sim,2,4.28,1,30,Adiantado
OP-05844,1,Engrenagem,Fresadora-01,Tarde,4643,162.0,217.87,Média,Sim,3,4.03,2,36,No_Prazo
OP-05845,11,Engrenagem,CNC-02,Manhã,3871,33.0,100.63,Baixa,Sim,6,4.5,4,41,No_Prazo
OP-05846,2,Suporte,CNC-01,Manhã,4642,114.0,182.87,Alta,Não,4,3.43,3,25,Atrasado
OP-05847,2,Carcaça,CNC-01,Manhã,3431,62.0,87.94,Média,Sim,5,2.71,2,37,Adiantado
OP-05848,9,Eixo,CNC-02,Tarde,2506,21.0,57.02,Média,Não,3,1.68,2,14,Atrasado
OP-05849,8,Eixo,Fresadora-01,Manhã,911,87.0,9.99,Baixa,Sim,4,7.36,4,15,No_Prazo
OP-05850,1,Flange,Torno-03,Manhã,4812,62.0,96.26,Urgente,Sim,2,0.96,1,42,Adiantado
OP-05851,3,Flange,Fresadora-01,Tarde,4591,15.0,77.16,Alta,Sim,5,3.09,0,26,No_Prazo
OP-05852,8,Engrenagem,Torno-03,Tarde,2107,96.0,43.71,Alta,Sim,6,1.75,1,41,Adiantado
OP-05853,4,Flange,CNC-02,Tarde,1166,66.0,25.13,Alta,Sim,1,0.95,1,25,Adiantado
OP-05854,9,Carcaça,Fresadora-01,Manhã,1967,87.0,87.25,Alta,Não,4,1.8,1,38,No_Prazo
OP-05855,5,Suporte,Fresadora-01,Noite,2000,17.0,36.27,Média,Sim,2,3.92,1,10,No_Prazo
OP-05856,8,Carcaça,Mandrilhadora-A,Tarde,4588,81.0,196.24,Baixa,Sim,4,4.69,4,29,No_Prazo
OP-05857,6,Suporte,Mandrilhadora-A,Tarde,380,93.0,16.86,Alta,Sim,3,7.21,1,11,No_Prazo
OP-05858,5,Carcaça,CNC-02,Manhã,3182,92.0,90.85,Alta,Sim,3,5.63,0,29,Adiantado
OP-05859,5,Eixo,Fresadora-01,Manhã,3854,133.0,150.23,Baixa,Sim,3,6.51,2,17,Atrasado
OP-05860,9,Engrenagem,CNC-02,Tarde,3824,179.0,86.97,Alta,Sim,4,4.65,5,25,No_Prazo
OP-05861,7,Engrenagem,Mandrilhadora-A,Manhã,1006,20.0,10.78,Média,Sim,2,2.01,5,42,Adiantado
OP-05862,8,Carcaça,Fresadora-01,Tarde,2093,80.0,80.34,Média,Sim,2,6.87,0,10,No_Prazo
OP-05863,7,Suporte,Mandrilhadora-A,Manhã,1743,156.0,59.71,Média,Sim,1,4.06,0,34,No_Prazo
OP-05864,3,Eixo,CNC-02,Manhã,2064,118.0,58.73,Urgente,Sim,3,6.28,1,34,Adiantado
OP-05865,11,Carcaça,CNC-01,Manhã,481,177.0,22.1,Baixa,Sim,4,0.55,0,16,No_Prazo
OP-05866,7,Eixo,CNC-01,Manhã,462,133.0,18.06,Média,Sim,4,3.84,4,25,Adiantado
OP-05867,9,Flange,Torno-03,Tarde,169,135.0,4.57,Média,Sim,2,3.04,0,41,Adiantado
OP-05868,11,Eixo,Mandrilhadora-A,Manhã,4835,28.0,58.67,Urgente,Sim,5,2.73,0,26,No_Prazo
OP-05869,12,Engrenagem,Fresadora-01,Tarde,2113,60.0,95.18,Média,Sim,3,5.56,1,8,No_Prazo
OP-05870,9,Eixo,Mandrilhadora-A,Manhã,1178,111.0,58.18,Média,Sim,5,6.68,3,32,Adiantado
OP-05871,10,Eixo,Torno-03,Tarde,3998,101.0,141.45,Urgente,Sim,5,6.98,0,7,No_Prazo
OP-05872,6,Flange,Mandrilhadora-A,Noite,2496,141.0,101.66,Alta,Não,1,6.51,1,18,Atrasado
OP-05873,9,Engrenagem,Mandrilhadora-A,Noite,1854,179.0,56.07,Baixa,Sim,1,6.59,3,39,No_Prazo
OP-05874,4,Eixo,CNC-02,Tarde,617,49.0,12.01,Baixa,Sim,4,6.76,5,33,No_Prazo
OP-05875,9,Flange,Mandrilhadora-A,Tarde,1960,86.0,91.11,Alta,Sim,6,5.7,5,32,Adiantado
OP-05876,2,Eixo,CNC-01,Tarde,3252,158.0,122.06,Média,Sim,3,6.2,1,13,Atrasado
OP-05877,11,Suporte,Torno-03,Noite,3136,153.0,100.17,Baixa,Sim,4,2.16,1,3,Atrasado
OP-05878,3,Suporte,Torno-03,Tarde,1984,150.0,73.97,Média,Sim,4,7.68,0,40,Adiantado
OP-05879,8,Carcaça,CNC-02,Manhã,3084,117.0,93.98,Urgente,Sim,5,4.27,1,13,No_Prazo
OP-05880,1,Carcaça,Mandrilhadora-A,Noite,3849,179.0,47.48,Alta,Não,6,2.47,3,45,Atrasado
OP-05881,2,Eixo,Fresadora-01,Manhã,4654,74.0,169.49,Média,Não,4,3.91,3,16,Atrasado
OP-05882,12,Suporte,CNC-01,Noite,2665,34.0,27.21,Baixa,Sim,5,6.67,2,28,No_Prazo
OP-05883,11,Suporte,CNC-01,Manhã,1177,37.0,22.14,Média,Sim,4,5.69,0,33,Adiantado
OP-05884,3,Flange,CNC-01,Manhã,690,87.0,11.21,Urgente,Sim,2,1.64,5,19,Adiantado
OP-05885,2,Suporte,CNC-02,Noite,830,148.0,19.59,Alta,Sim,4,3.79,2,37,Adiantado
OP-05886,10,Engrenagem,CNC-01,Tarde,103,90.0,4.77,Média,Não,5,6.16,5,15,Atrasado
OP-05887,12,Eixo,CNC-02,Tarde,2812,116.0,37.08,Alta,Sim,6,5.7,4,22,No_Prazo
OP-05888,3,Carcaça,Fresadora-01,Noite,1101,74.0,26.75,Baixa,Sim,1,1.92,4,41,No_Prazo
OP-05889,8,Carcaça,Mandrilhadora-A,Noite,1169,133.0,47.21,Média,Sim,3,6.07,2,16,No_Prazo
OP-05890,4,Engrenagem,Fresadora-01,Tarde,3635,40.0,161.84,Média,Sim,1,5.56,0,17,Atrasado
OP-05891,9,Flange,Torno-03,Noite,1632,101.0,64.37,Alta,Sim,2,2.33,1,6,No_Prazo
OP-05892,6,Eixo,Fresadora-01,Manhã,4151,46.0,201.77,Alta,Sim,2,2.81,3,38,Adiantado
OP-05893,2,Engrenagem,Mandrilhadora-A,Manhã,728,92.0,27.55,Média,Sim,6,3.65,3,5,No_Prazo
OP-05894,4,Engrenagem,CNC-01,Noite,1739,86.0,69.2,Média,Sim,3,5.55,0,20,No_Prazo
OP-05895,7,Flange,Mandrilhadora-A,Tarde,305,115.0,8.2,Alta,Sim,6,7.64,5,15,Adiantado
OP-05896,10,Suporte,Fresadora-01,Noite,2702,99.0,59.67,Baixa,Não,4,7.96,0,40,Atrasado
OP-05897,1,Flange,CNC-02,Manhã,667,176.0,18.99,Baixa,Sim,1,5.67,2,23,No_Prazo
OP-05898,12,Eixo,Torno-03,Manhã,1238,164.0,50.41,Alta,Sim,3,3.59,1,21,No_Prazo
OP-05899,8,Suporte,Torno-03,Manhã,3690,64.0,132.88,Alta,Sim,5,1.01,1,25,No_Prazo
OP-05900,11,Suporte,CNC-01,Tarde,4408,35.0,180.18,Média,Sim,4,4.95,2,27,No_Prazo
OP-05901,12,Carcaça,CNC-02,Noite,2749,26.0,96.5,Baixa,Não,3,4.11,1,12,Atrasado
OP-05902,2,Eixo,CNC-02,Tarde,4827,48.0,189.82,Alta,Sim,1,5.53,2,8,Atrasado
OP-05903,2,Eixo,CNC-01,Manhã,3795,52.0,61.58,Baixa,Não,5,7.73,5,10,Atrasado
OP-05904,10,Flange,Torno-03,Manhã,3777,162.0,86.67,Alta,Sim,4,1.75,4,44,Adiantado
OP-05905,3,Flange,Torno-03,Manhã,4953,168.0,160.71,Alta,Sim,5,3.28,1,4,Atrasado
OP-05906,2,Flange,CNC-02,Tarde,489,53.0,5.21,Alta,Sim,2,4.82,3,27,Adiantado
OP-05907,6,Carcaça,CNC-01,Tarde,1199,140.0,55.74,Média,Não,1,3.13,2,35,Atrasado
OP-05908,11,Engrenagem,Mandrilhadora-A,Manhã,2213,153.0,43.33,Alta,Não,3,1.82,1,29,Atrasado
OP-05909,10,Flange,Fresadora-01,Tarde,3110,77.0,42.11,Urgente,Sim,2,4.99,2,38,Adiantado
OP-05910,7,Flange,Torno-03,Tarde,4953,159.0,181.13,Alta,Sim,4,0.8,0,8,Atrasado
OP-05911,3,Eixo,Fresadora-01,Manhã,540,178.0,9.58,Média,Sim,4,3.33,1,19,Adiantado
OP-05912,5,Suporte,CNC-02,Tarde,1185,175.0,38.49,Urgente,Sim,1,7.8,3,32,No_Prazo
OP-05913,9,Carcaça,CNC-02,Tarde,1525,137.0,30.44,Média,Sim,3,4.09,4,5,No_Prazo
OP-05914,2,Flange,Fresadora-01,Tarde,3368,76.0,56.04,Baixa,Não,3,1.26,4,21,Atrasado
OP-05915,7,Engrenagem,Fresadora-01,Manhã,4760,52.0,187.54,Baixa,Não,4,6.76,5,37,Atrasado
OP-05916,1,Engrenagem,Fresadora-01,Manhã,4695,179.0,119.89,Média,Sim,5,1.84,1,21,Atrasado
OP-05917,4,Flange,Torno-03,Noite,3750,61.0,123.67,Baixa,Sim,3,2.38,0,36,No_Prazo
OP-05918,3,Suporte,CNC-01,Manhã,3877,87.0,72.29,Alta,Sim,2,7.72,3,23,Atrasado
OP-05919,9,Eixo,Fresadora-01,Noite,2106,59.0,67.6,Baixa,Não,6,6.31,3,7,Atrasado
OP-05920,11,Eixo,Fresadora-01,Tarde,3063,97.0,82.24,Média,Sim,5,2.91,5,26,No_Prazo
OP-05921,2,Carcaça,Torno-03,Tarde,896,33.0,10.8,Alta,Não,6,5.35,0,20,No_Prazo
OP-05922,10,Engrenagem,CNC-02,Noite,2558,148.0,99.94,Baixa,Sim,2,4.16,1,37,No_Prazo
OP-05923,8,Engrenagem,Mandrilhadora-A,Manhã,1498,98.0,48.08,Média,Sim,4,7.19,2,39,Adiantado
OP-05924,12,Engrenagem,CNC-02,Manhã,4647,84.0,218.84,Urgente,Sim,5,4.7,4,17,No_Prazo
OP-05925,11,Carcaça,CNC-02,Manhã,1869,75.0,79.09,Baixa,Sim,6,5.46,1,41,Adiantado
OP-05926,2,Flange,Fresadora-01,Tarde,2003,111.0,65.79,Média,Sim,2,1.62,5,40,No_Prazo
OP-05927,9,Engrenagem,Torno-03,Tarde,2043,144.0,23.95,Baixa,Sim,2,2.37,0,23,No_Prazo
OP-05928,8,Eixo,Torno-03,Noite,4511,164.0,180.79,Alta,Sim,6,0.7,5,7,Atrasado
OP-05929,2,Carcaça,Fresadora-01,Tarde,4666,154.0,149.13,Média,Sim,4,4.91,4,33,No_Prazo
OP-05930,4,Suporte,CNC-02,Tarde,2183,89.0,94.74,Urgente,Sim,1,4.72,0,25,No_Prazo
OP-05931,12,Eixo,CNC-01,Manhã,4978,153.0,164.82,Alta,Não,2,2.81,5,31,Atrasado
OP-05932,7,Eixo,CNC-01,Manhã,3794,102.0,38.25,Alta,Sim,6,2.24,0,32,Adiantado
OP-05933,5,Engrenagem,Mandrilhadora-A,Noite,4239,120.0,180.57,Urgente,Sim,6,3.9,2,35,No_Prazo
OP-05934,4,Suporte,Torno-03,Manhã,4582,126.0,192.31,Baixa,Sim,2,1.28,4,44,No_Prazo
OP-05935,11,Engrenagem,Torno-03,Noite,1695,81.0,23.69,Alta,Sim,4,6.9,2,16,No_Prazo
OP-05936,4,Eixo,CNC-02,Manhã,2775,95.0,103.65,Alta,Sim,5,6.74,2,20,No_Prazo
OP-05937,2,Eixo,Fresadora-01,Tarde,1461,129.0,45.36,Alta,Sim,3,4.97,1,10,No_Prazo
OP-05938,7,Suporte,Mandrilhadora-A,Manhã,1583,66.0,53.18,Alta,Sim,2,7.26,1,32,Adiantado
OP-05939,12,Suporte,Fresadora-01,Noite,2348,138.0,107.01,Baixa,Não,5,5.1,3,33,Atrasado
OP-05940,3,Suporte,Torno-03,Manhã,302,73.0,6.03,Alta,Sim,1,4.18,2,36,Adiantado
OP-05941,4,Eixo,Torno-03,Tarde,1115,112.0,11.74,Alta,Não,2,5.0,4,9,Atrasado
OP-05942,6,Eixo,Mandrilhadora-A,Noite,4055,153.0,74.38,Alta,Sim,1,1.14,3,38,No_Prazo
OP-05943,3,Eixo,Mandrilhadora-A,Tarde,870,19.0,40.55,Alta,Não,6,2.13,3,28,No_Prazo
OP-05944,8,Engrenagem,CNC-02,Manhã,3128,55.0,57.73,Média,Sim,1,4.69,0,42,Adiantado
OP-05945,4,Suporte,Mandrilhadora-A,Noite,3839,108.0,141.97,Urgente,Sim,6,1.34,1,3,No_Prazo
OP-05946,2,Flange,Mandrilhadora-A,Tarde,1352,33.0,56.23,Baixa,Sim,3,6.57,0,17,No_Prazo
OP-05947,4,Flange,Mandrilhadora-A,Manhã,2318,49.0,98.58,Baixa,Sim,1,1.78,5,43,No_Prazo
OP-05948,12,Carcaça,CNC-01,Tarde,4393,139.0,45.76,Média,Sim,4,3.64,4,39,No_Prazo
OP-05949,12,Engrenagem,CNC-01,Noite,4185,19.0,43.42,Média,Sim,2,4.13,1,30,Atrasado
OP-05950,7,Carcaça,CNC-02,Tarde,4605,116.0,228.23,Média,Sim,3,1.68,2,44,Adiantado
OP-05951,5,Suporte,Fresadora-01,Noite,3160,21.0,98.27,Média,Não,6,2.32,3,30,Atrasado
OP-05952,10,Eixo,CNC-01,Tarde,4441,34.0,55.73,Alta,Não,4,4.13,1,23,Atrasado
OP-05953,3,Suporte,CNC-01,Tarde,2022,79.0,22.39,Urgente,Sim,1,1.3,0,14,Adiantado
OP-05954,8,Suporte,CNC-01,Manhã,3027,174.0,128.44,Alta,Sim,1,1.9,5,32,No_Prazo
OP-05955,9,Eixo,CNC-01,Tarde,3352,105.0,154.86,Média,Não,5,0.67,2,25,Atrasado
OP-05956,9,Eixo,Mandrilhadora-A,Manhã,4884,67.0,151.3,Urgente,Não,5,4.3,4,16,Atrasado
OP-05957,3,Carcaça,Fresadora-01,Manhã,1872,83.0,46.55,Alta,Sim,3,6.67,3,9,No_Prazo
OP-05958,9,Engrenagem,Fresadora-01,Manhã,4380,109.0,166.85,Alta,Sim,5,6.58,2,14,No_Prazo
OP-05959,8,Engrenagem,CNC-02,Noite,2571,117.0,28.01,Média,Não,2,3.16,3,24,Atrasado
OP-05960,11,Suporte,Fresadora-01,Manhã,566,59.0,26.01,Alta,Sim,2,5.66,1,14,No_Prazo
OP-05961,3,Carcaça,Fresadora-01,Manhã,3294,48.0,66.68,Baixa,Sim,3,7.92,1,28,No_Prazo
OP-05962,8,Flange,Torno-03,Manhã,4906,97.0,86.52,Média,Sim,5,3.68,4,5,Atrasado
OP-05963,10,Engrenagem,Mandrilhadora-A,Manhã,2294,121.0,51.46,Baixa,Sim,6,7.35,4,17,No_Prazo
OP-05964,4,Flange,Torno-03,Noite,2766,150.0,34.71,Alta,Sim,2,6.34,4,27,No_Prazo
OP-05965,9,Eixo,CNC-02,Tarde,4640,113.0,118.7,Baixa,Sim,4,1.83,4,34,No_Prazo
OP-05966,2,Carcaça,Fresadora-01,Tarde,4604,129.0,177.67,Média,Sim,3,3.83,5,40,No_Prazo
OP-05967,9,Suporte,Mandrilhadora-A,Noite,2030,95.0,60.75,Alta,Não,6,7.48,1,8,Atrasado
OP-05968,8,Eixo,Mandrilhadora-A,Manhã,3813,109.0,140.01,Média,Sim,5,1.76,0,15,Atrasado
OP-05969,3,Suporte,Torno-03,Noite,3173,120.0,58.86,Média,Não,2,0.93,1,30,Atrasado
OP-05970,1,Suporte,Torno-03,Noite,3255,54.0,84.36,Alta,Sim,5,2.5,3,4,No_Prazo
OP-05971,9,Suporte,Mandrilhadora-A,Tarde,3616,169.0,111.3,Urgente,Sim,1,0.54,3,26,No_Prazo
OP-05972,3,Eixo,Fresadora-01,Tarde,1667,72.0,54.85,Alta,Não,4,1.45,1,15,Atrasado
OP-05973,6,Flange,Torno-03,Tarde,1558,115.0,27.2,Alta,Sim,2,3.7,4,25,No_Prazo
OP-05974,1,Engrenagem,CNC-02,Noite,183,108.0,7.74,Média,Sim,3,6.23,5,36,Adiantado
OP-05975,12,Flange,Mandrilhadora-A,Manhã,4288,156.0,58.35,Baixa,Sim,2,2.1,0,10,Atrasado
OP-05976,7,Eixo,Mandrilhadora-A,Tarde,1419,34.0,19.77,Média,Sim,4,6.87,0,22,Adiantado
OP-05977,12,Flange,CNC-01,Manhã,3387,161.0,67.7,Urgente,Sim,6,7.91,4,34,Adiantado
OP-05978,2,Carcaça,CNC-01,Tarde,3444,38.0,124.57,Média,Não,4,3.98,2,35,Atrasado
OP-05979,3,Carcaça,CNC-01,Noite,3532,39.0,46.21,Média,Sim,6,7.94,4,16,Atrasado
OP-05980,8,Flange,CNC-02,Tarde,4322,157.0,44.56,Alta,Sim,6,4.83,4,12,Atrasado
OP-05981,8,Suporte,CNC-01,Manhã,4345,57.0,125.52,Média,Sim,2,0.95,0,21,No_Prazo
OP-05982,10,Engrenagem,Mandrilhadora-A,Tarde,61,116.0,1.46,Média,Não,5,1.33,4,30,No_Prazo
OP-05983,12,Flange,Mandrilhadora-A,Noite,4208,91.0,68.46,Alta,Sim,2,4.35,1,33,No_Prazo
OP-05984,10,Suporte,CNC-01,Tarde,1079,169.0,39.1,Média,Sim,1,7.41,3,34,No_Prazo
OP-05985,2,Suporte,Mandrilhadora-A,Noite,3244,144.0,115.67,Urgente,Sim,2,1.24,5,15,Atrasado
OP-05986,4,Carcaça,CNC-01,Noite,3381,70.0,50.29,Média,Sim,3,4.79,2,37,No_Prazo
OP-05987,11,Flange,Fresadora-01,Noite,315,149.0,6.05,Média,Sim,2,6.58,2,36,No_Prazo
OP-05988,7,Carcaça,CNC-02,Manhã,1453,52.0,35.74,Baixa,Sim,4,7.87,5,32,No_Prazo
OP-05989,11,Carcaça,CNC-01,Tarde,4555,117.0,225.94,Média,Sim,4,7.31,2,34,No_Prazo
OP-05990,7,Flange,Torno-03,Noite,751,139.0,30.6,Baixa,Sim,5,1.3,3,42,Adiantado
OP-05991,1,Engrenagem,Mandrilhadora-A,Noite,1197,131.0,28.11,Baixa,Sim,6,1.08,1,38,Adiantado
OP-05992,6,Eixo,Mandrilhadora-A,Manhã,455,123.0,22.12,Média,Sim,2,2.04,3,8,No_Prazo
OP-05993,10,Suporte,CNC-01,Manhã,875,152.0,24.67,Média,Sim,6,2.6,0,35,Adiantado
OP-05994,8,Flange,Mandrilhadora-A,Manhã,3207,107.0,80.86,Média,Sim,5,6.99,5,26,No_Prazo
OP-05995,2,Carcaça,CNC-02,Noite,4214,168.0,201.31,Baixa,Sim,1,5.34,3,21,Atrasado
OP-05996,3,Carcaça,Torno-03,Noite,2994,39.0,118.1,Média,Não,4,7.57,2,22,Atrasado
OP-05997,11,Engrenagem,CNC-01,Tarde,1458,74.0,46.53,Baixa,Sim,2,3.64,4,9,No_Prazo
OP-05998,12,Carcaça,Mandrilhadora-A,Manhã,4300,144.0,146.32,Baixa,Sim,1,3.58,3,45,No_Prazo
OP-05999,10,Eixo,Fresadora-01,Manhã,1868,66.0,91.37,Urgente,Sim,5,2.6,2,5,No_Prazo
OP-06000,2,Carcaça,Fresadora-01,Noite,1608,88.0,25.91,Média,Sim,1,3.78,1,26,No_Prazo
